{"type": "FeatureCollection", "features": [{"type": "Feature", "properties": {"capa": "rutas", "nombre": null, "osm_id": "44380018"}, "geometry": {"type": "LineString", "coordinates": [[-54.8930333, -27.0957564], [-54.8930231, -27.0956376], [-54.8930588, -27.0955228], [-54.8931362, -27.0954255], [-54.893237, -27.0953613], [-54.8933554, -27.0953287], [-54.8934793, -27.0953308], [-54.8935961, -27.0953677], [-54.8936726, -27.0954165], [-54.8937223, -27.0954708], [-54.893736, -27.0954856], [-54.8937858, -27.0955845], [-54.893797, -27.0956981], [-54.893766, -27.0958088], [-54.8936963, -27.0959046], [-54.8935953, -27.0959749], [-54.8934742, -27.0960121], [-54.8933716, -27.0960152], [-54.8932716, -27.0959943], [-54.8931813, -27.0959508], [-54.8930882, -27.0958651], [-54.89305, -27.0957895], [-54.8930333, -27.0957564]]}}, {"type": "Feature", "properties": {"capa": "rutas", "nombre": null, "osm_id": "44380897"}, "geometry": {"type": "LineString", "coordinates": [[-54.8898443, -27.1032825], [-54.8896834, -27.1032595], [-54.8895723, -27.1032027], [-54.8895332, -27.1031621], [-54.8894889, -27.1031161]]}}, {"type": "Feature", "properties": {"capa": "rutas", "nombre": "Avenida de Las Américas", "osm_id": "44380922"}, "geometry": {"type": "LineString", "coordinates": [[-54.8845959, -27.094158], [-54.8847454, -27.0941248], [-54.8851999, -27.0939788], [-54.8854536, -27.0938937], [-54.8859945, -27.0937124], [-54.8864584, -27.0935568], [-54.8873045, -27.0932766], [-54.8875193, -27.0932309], [-54.8877293, -27.093219], [-54.8880798, -27.0933041], [-54.8888962, -27.0935513], [-54.8889832, -27.0935729], [-54.8898959, -27.0938299], [-54.8903776, -27.0939656], [-54.8916407, -27.09474], [-54.8925503, -27.0953546], [-54.8926911, -27.0954065], [-54.8928753, -27.0954204], [-54.8931362, -27.0954255]]}}, {"type": "Feature", "properties": {"capa": "calles", "nombre": null, "osm_id": "44380925"}, "geometry": {"type": "LineString", "coordinates": [[-54.8888962, -27.0935513], [-54.8888478, -27.0937039], [-54.8886787, -27.0942376]]}}, {"type": "Feature", "properties": {"capa": "calles", "nombre": "Saracura", "osm_id": "44380927"}, "geometry": {"type": "LineString", "coordinates": [[-54.8880798, -27.0933041], [-54.888489, -27.0921095], [-54.8885627, -27.0919955], [-54.8887377, -27.0917965], [-54.8895712, -27.0911514], [-54.8904338, -27.0904176], [-54.891155, -27.0898323]]}}, {"type": "Feature", "properties": {"capa": "calles", "nombre": "Cainguás", "osm_id": "44380930"}, "geometry": {"type": "LineString", "coordinates": [[-54.8889832, -27.0935729], [-54.8891911, -27.0929739], [-54.8892983, -27.0926557], [-54.8893363, -27.0925819], [-54.8893907, -27.092508], [-54.889535, -27.0923871]]}}, {"type": "Feature", "properties": {"capa": "calles", "nombre": "Entre Ríos", "osm_id": "44381212"}, "geometry": {"type": "LineString", "coordinates": [[-54.8928565, -27.09432], [-54.8937499, -27.0936113]]}}, {"type": "Feature", "properties": {"capa": "calles", "nombre": "Comandante Andresito", "osm_id": "44381236"}, "geometry": {"type": "LineString", "coordinates": [[-54.8996887, -27.0914461], [-54.8995992, -27.091416], [-54.8994508, -27.0914094], [-54.8991181, -27.0914567], [-54.8988244, -27.0915449], [-54.8985353, -27.0916412], [-54.8983675, -27.0916914]]}}, {"type": "Feature", "properties": {"capa": "calles", "nombre": "San Javier", "osm_id": "44381286"}, "geometry": {"type": "LineString", "coordinates": [[-54.898275, -27.0915924], [-54.8981631, -27.0914858], [-54.8974927, -27.090864], [-54.8967059, -27.0901287], [-54.8959235, -27.0893454], [-54.8956639, -27.0891139], [-54.894919, -27.0886278], [-54.8942079, -27.0882001]]}}, {"type": "Feature", "properties": {"capa": "calles", "nombre": "El Laurel", "osm_id": "44382176"}, "geometry": {"type": "LineString", "coordinates": [[-54.8933554, -27.0953287], [-54.8935168, -27.0952298], [-54.8936605, -27.0950975]]}}, {"type": "Feature", "properties": {"capa": "calles", "nombre": "Sáenz Peña", "osm_id": "44382177"}, "geometry": {"type": "LineString", "coordinates": [[-54.8973121, -27.0922972], [-54.8971719, -27.0921733], [-54.8964302, -27.0914328], [-54.8958454, -27.0908964], [-54.8949159, -27.0899869]]}}, {"type": "Feature", "properties": {"capa": "calles", "nombre": "Araucaria", "osm_id": "44382446"}, "geometry": {"type": "LineString", "coordinates": [[-54.8936391, -27.0837036], [-54.8930836, -27.0833818], [-54.891578, -27.0850616], [-54.8911726, -27.0855139], [-54.8908873, -27.0858381], [-54.8901938, -27.0866957], [-54.8889123, -27.0881873], [-54.8885155, -27.0886163]]}}, {"type": "Feature", "properties": {"capa": "calles", "nombre": "Padre Fiegge", "osm_id": "44382487"}, "geometry": {"type": "LineString", "coordinates": [[-54.8928302, -27.0912155], [-54.8930995, -27.0914807], [-54.893364, -27.0917367], [-54.8940746, -27.0923763], [-54.8946018, -27.0928655], [-54.8954261, -27.093656]]}}, {"type": "Feature", "properties": {"capa": "rutas", "nombre": "Avenida República del Paraguay", "osm_id": "44382513"}, "geometry": {"type": "LineString", "coordinates": [[-54.8972138, -27.0870833], [-54.8970928, -27.0872836], [-54.8970505, -27.087389], [-54.8970285, -27.087524], [-54.8969495, -27.087642], [-54.8967795, -27.087825], [-54.8966065, -27.087986], [-54.8963389, -27.0882606], [-54.8956639, -27.0891139], [-54.8953319, -27.089603], [-54.8950657, -27.0898768], [-54.8949159, -27.0899869]]}}, {"type": "Feature", "properties": {"capa": "rutas", "nombre": "Avenida de Las Américas", "osm_id": "44382682"}, "geometry": {"type": "LineString", "coordinates": [[-54.8898578, -27.1026091], [-54.8901094, -27.1022863], [-54.8901452, -27.1022367], [-54.8903533, -27.1019974], [-54.8906096, -27.1017027], [-54.8907294, -27.1015649], [-54.8908248, -27.101466], [-54.8913923, -27.1008774], [-54.8914948, -27.1007711], [-54.8916186, -27.1006507], [-54.8921862, -27.1000988], [-54.8922985, -27.0999916], [-54.8923592, -27.099931], [-54.8929728, -27.0993375], [-54.8930561, -27.0992569], [-54.8931571, -27.0991647], [-54.8937439, -27.0986291], [-54.8939267, -27.0984717], [-54.8940049, -27.0983866], [-54.894412, -27.0980017], [-54.8944603, -27.0978966], [-54.8945254, -27.0974285], [-54.8945423, -27.0973068], [-54.8942183, -27.0968812], [-54.8940811, -27.0967009], [-54.8935726, -27.0961238], [-54.8934742, -27.0960121]]}}, {"type": "Feature", "properties": {"capa": "calles", "nombre": "Gobernador López", "osm_id": "44382899"}, "geometry": {"type": "LineString", "coordinates": [[-54.8907294, -27.1015649], [-54.8905086, -27.1013862], [-54.8898118, -27.100799], [-54.888539, -27.1000077], [-54.8875341, -27.0993445]]}}, {"type": "Feature", "properties": {"capa": "calles", "nombre": "Sargento Liniers", "osm_id": "44382901"}, "geometry": {"type": "LineString", "coordinates": [[-54.8901452, -27.1022367], [-54.8891911, -27.1016075], [-54.8880102, -27.1008836], [-54.8879833, -27.100834]]}}, {"type": "Feature", "properties": {"capa": "calles", "nombre": "Antártida Argentina", "osm_id": "44382902"}, "geometry": {"type": "LineString", "coordinates": [[-54.8914948, -27.1007711], [-54.8906126, -27.1000192], [-54.8899328, -27.0996122], [-54.8898106, -27.099539], [-54.8897794, -27.0995199], [-54.8891912, -27.0991594], [-54.8881402, -27.0985171], [-54.8872831, -27.0979885]]}}, {"type": "Feature", "properties": {"capa": "calles", "nombre": "López y Planes", "osm_id": "44382905"}, "geometry": {"type": "LineString", "coordinates": [[-54.8875341, -27.0993445], [-54.8868913, -27.1001369], [-54.8862217, -27.1010397], [-54.8860298, -27.1012971]]}}, {"type": "Feature", "properties": {"capa": "calles", "nombre": "General Güemes", "osm_id": "44382913"}, "geometry": {"type": "LineString", "coordinates": [[-54.8862217, -27.1010397], [-54.8853754, -27.1004928], [-54.8850652, -27.1002789], [-54.8843342, -27.0998352], [-54.883851, -27.0995323]]}}, {"type": "Feature", "properties": {"capa": "calles", "nombre": "Sargento Liniers", "osm_id": "44382916"}, "geometry": {"type": "LineString", "coordinates": [[-54.8868913, -27.1001369], [-54.8860516, -27.0996272], [-54.8851908, -27.0991175]]}}, {"type": "Feature", "properties": {"capa": "calles", "nombre": "Atilio Errecaborde", "osm_id": "44382917"}, "geometry": {"type": "LineString", "coordinates": [[-54.8922985, -27.0999916], [-54.8914138, -27.0992562], [-54.8908068, -27.0988647], [-54.8898418, -27.0982896], [-54.888905, -27.0977104], [-54.8879548, -27.0971228], [-54.8874712, -27.0968483], [-54.8868853, -27.0964964], [-54.8863559, -27.096158], [-54.8857611, -27.0957709], [-54.884839, -27.0951412], [-54.8846447, -27.0950179], [-54.8845807, -27.0949792], [-54.884553, -27.0949106]]}}, {"type": "Feature", "properties": {"capa": "calles", "nombre": "Yapeguay", "osm_id": "44383719"}, "geometry": {"type": "LineString", "coordinates": [[-54.892935, -27.0960456], [-54.8921286, -27.0971441], [-54.8915323, -27.0979717], [-54.8910936, -27.0984321], [-54.8908068, -27.0988647]]}}, {"type": "Feature", "properties": {"capa": "calles", "nombre": "Almirante Brown", "osm_id": "44383720"}, "geometry": {"type": "LineString", "coordinates": [[-54.8930561, -27.0992569], [-54.8922007, -27.0984941], [-54.8915323, -27.0979717]]}}, {"type": "Feature", "properties": {"capa": "calles", "nombre": "Avellaneda", "osm_id": "44383721"}, "geometry": {"type": "LineString", "coordinates": [[-54.8901179, -27.0959473], [-54.8902158, -27.0960013], [-54.8903052, -27.0960732], [-54.8905735, -27.0963197], [-54.8907351, -27.096488], [-54.8908589, -27.096583], [-54.8911499, -27.096737], [-54.8912258, -27.0967632], [-54.8912929, -27.0967975], [-54.8921286, -27.0971441], [-54.8929973, -27.0977132], [-54.8939267, -27.0984717]]}}, {"type": "Feature", "properties": {"capa": "rutas", "nombre": "Avenida de Las Américas", "osm_id": "44383724"}, "geometry": {"type": "LineString", "coordinates": [[-54.895604, -27.0973115], [-54.8953544, -27.0976358]]}}, {"type": "Feature", "properties": {"capa": "calles", "nombre": "Sáenz Peña", "osm_id": "44383727"}, "geometry": {"type": "LineString", "coordinates": [[-54.8974077, -27.0924132], [-54.8982099, -27.0931727], [-54.8990146, -27.0939783]]}}, {"type": "Feature", "properties": {"capa": "calles", "nombre": "Río de la Plata", "osm_id": "44383776"}, "geometry": {"type": "LineString", "coordinates": [[-54.8962726, -27.0929235], [-54.8954828, -27.0921295], [-54.8949883, -27.0916216], [-54.8941308, -27.0908359], [-54.8940069, -27.0907174]]}}, {"type": "Feature", "properties": {"capa": "calles", "nombre": "Santa Fe", "osm_id": "44383831"}, "geometry": {"type": "LineString", "coordinates": [[-54.8923714, -27.0938371], [-54.893225, -27.0931086], [-54.8940746, -27.0923763], [-54.8949883, -27.0916216], [-54.8958454, -27.0908964], [-54.8967059, -27.0901287], [-54.8976007, -27.0894071], [-54.8979391, -27.0891255], [-54.8981994, -27.0889228], [-54.8982259, -27.0889022], [-54.8984503, -27.0887226], [-54.899135, -27.088111], [-54.8994597, -27.0878346], [-54.8997543, -27.0875778]]}}, {"type": "Feature", "properties": {"capa": "calles", "nombre": "Leandro N. Alem", "osm_id": "44384325"}, "geometry": {"type": "LineString", "coordinates": [[-54.8947172, -27.0987523], [-54.8960204, -27.0993723], [-54.8961767, -27.0994339], [-54.8969226, -27.0998163], [-54.8971747, -27.0999337], [-54.8973333, -27.0999958], [-54.8984979, -27.1004974]]}}, {"type": "Feature", "properties": {"capa": "calles", "nombre": "Estrada", "osm_id": "44384326"}, "geometry": {"type": "LineString", "coordinates": [[-54.8969316, -27.0957129], [-54.8977239, -27.0958441], [-54.8987072, -27.0959018], [-54.9002446, -27.096056], [-54.9006735, -27.0960843], [-54.9018501, -27.0962803], [-54.9024051, -27.0963611], [-54.9031869, -27.096475], [-54.9033022, -27.096473]]}}, {"type": "Feature", "properties": {"capa": "calles", "nombre": "Río de la Plata", "osm_id": "44384329"}, "geometry": {"type": "LineString", "coordinates": [[-54.8998799, -27.096373], [-54.9007007, -27.0971461], [-54.9007207, -27.09725]]}}, {"type": "Feature", "properties": {"capa": "calles", "nombre": null, "osm_id": "44384330"}, "geometry": {"type": "LineString", "coordinates": [[-54.8912579, -27.1020007], [-54.89095, -27.1017468], [-54.8908312, -27.1016489], [-54.8907294, -27.1015649]]}}, {"type": "Feature", "properties": {"capa": "calles", "nombre": "Antártida Argentina", "osm_id": "44384331"}, "geometry": {"type": "LineString", "coordinates": [[-54.8921294, -27.1011641], [-54.891853, -27.1009929], [-54.8914948, -27.1007711]]}}, {"type": "Feature", "properties": {"capa": "calles", "nombre": "Atilio Errecaborde", "osm_id": "44384332"}, "geometry": {"type": "LineString", "coordinates": [[-54.8922985, -27.0999916], [-54.8925814, -27.1002358], [-54.8928718, -27.1004865]]}}, {"type": "Feature", "properties": {"capa": "calles", "nombre": "Antártida Argentina", "osm_id": "44385033"}, "geometry": {"type": "LineString", "coordinates": [[-54.8921294, -27.1011641], [-54.8924393, -27.1013533], [-54.8928842, -27.1016317], [-54.8933007, -27.1018842], [-54.8933398, -27.1019271], [-54.8937574, -27.102235], [-54.8941923, -27.102549], [-54.895187, -27.1032459], [-54.8956021, -27.1035319], [-54.8960161, -27.1038637], [-54.896873, -27.1046139], [-54.8976896, -27.1054394], [-54.898051, -27.105815], [-54.898394, -27.1061778], [-54.8989174, -27.1066569], [-54.8991425, -27.1068722], [-54.8994078, -27.1072019]]}}, {"type": "Feature", "properties": {"capa": "calles", "nombre": "Tierra Del Fuego", "osm_id": "44385035"}, "geometry": {"type": "LineString", "coordinates": [[-54.8976896, -27.1054394], [-54.8985817, -27.1046728], [-54.8994801, -27.1039298]]}}, {"type": "Feature", "properties": {"capa": "calles", "nombre": "Las Vertientes", "osm_id": "44385036"}, "geometry": {"type": "LineString", "coordinates": [[-54.8996529, -27.1009016], [-54.8995872, -27.1010099], [-54.8991388, -27.1021071], [-54.8987506, -27.1029904], [-54.8986513, -27.1031224]]}}, {"type": "Feature", "properties": {"capa": "calles", "nombre": "Avellaneda", "osm_id": "44385048"}, "geometry": {"type": "LineString", "coordinates": [[-54.8955029, -27.1000249], [-54.896351, -27.1008113], [-54.8971647, -27.1016219]]}}, {"type": "Feature", "properties": {"capa": "calles", "nombre": "Avellaneda", "osm_id": "44385049"}, "geometry": {"type": "LineString", "coordinates": [[-54.8939267, -27.0984717], [-54.8940961, -27.0987003], [-54.8944492, -27.0989953]]}}, {"type": "Feature", "properties": {"capa": "calles", "nombre": "Almirante Brown", "osm_id": "44385050"}, "geometry": {"type": "LineString", "coordinates": [[-54.8930561, -27.0992569], [-54.8931341, -27.099333], [-54.8933593, -27.0996448], [-54.8935205, -27.0998681]]}}, {"type": "Feature", "properties": {"capa": "calles", "nombre": "Almirante Brown", "osm_id": "44385055"}, "geometry": {"type": "LineString", "coordinates": [[-54.8935205, -27.0998681], [-54.894592, -27.1007771], [-54.8953982, -27.1015591], [-54.8962346, -27.1023638], [-54.8969488, -27.1031068], [-54.8977313, -27.1038529], [-54.8985817, -27.1046728]]}}, {"type": "Feature", "properties": {"capa": "calles", "nombre": "Alberdi", "osm_id": "44385056"}, "geometry": {"type": "LineString", "coordinates": [[-54.897339, -27.0987108], [-54.8980239, -27.0993832], [-54.8988625, -27.1001731], [-54.8996529, -27.1009016], [-54.8998832, -27.1011129]]}}, {"type": "Feature", "properties": {"capa": "calles", "nombre": "Tomás de Rocamora", "osm_id": "44385057"}, "geometry": {"type": "LineString", "coordinates": [[-54.8961767, -27.0994339], [-54.8955029, -27.1000249], [-54.894592, -27.1007771], [-54.8939269, -27.1013763], [-54.8933007, -27.1018842]]}}, {"type": "Feature", "properties": {"capa": "calles", "nombre": "Atilio Errecaborde", "osm_id": "44385058"}, "geometry": {"type": "LineString", "coordinates": [[-54.8946856, -27.1021324], [-54.8939269, -27.1013763], [-54.8928718, -27.1004865]]}}, {"type": "Feature", "properties": {"capa": "calles", "nombre": "De la República", "osm_id": "44385369"}, "geometry": {"type": "LineString", "coordinates": [[-54.8960204, -27.0993723], [-54.8960407, -27.099319], [-54.8960678, -27.0992365], [-54.8960953, -27.0990392], [-54.8961238, -27.0987261], [-54.8961791, -27.0981676], [-54.8962243, -27.0978751]]}}, {"type": "Feature", "properties": {"capa": "calles", "nombre": null, "osm_id": "44385370"}, "geometry": {"type": "LineString", "coordinates": [[-54.8975395, -27.0983025], [-54.8973706, -27.0982857], [-54.8961791, -27.0981676]]}}, {"type": "Feature", "properties": {"capa": "calles", "nombre": "Río de la Plata", "osm_id": "44385371"}, "geometry": {"type": "LineString", "coordinates": [[-54.8991001, -27.0955746], [-54.8981718, -27.0947017], [-54.8973224, -27.0939272], [-54.8965171, -27.0931244], [-54.8964273, -27.0930305]]}}, {"type": "Feature", "properties": {"capa": "calles", "nombre": "Padre Fiegge", "osm_id": "44385372"}, "geometry": {"type": "LineString", "coordinates": [[-54.8954261, -27.093656], [-54.8955439, -27.0937519], [-54.895656, -27.0938501], [-54.8964945, -27.0946556], [-54.8972558, -27.0954222]]}}, {"type": "Feature", "properties": {"capa": "calles", "nombre": "Sáenz Peña", "osm_id": "44385373"}, "geometry": {"type": "LineString", "coordinates": [[-54.8988514, -27.0941078], [-54.899765, -27.0950195], [-54.900801, -27.0959425]]}}, {"type": "Feature", "properties": {"capa": "calles", "nombre": "Félix de Azara", "osm_id": "44385374"}, "geometry": {"type": "LineString", "coordinates": [[-54.8972937, -27.0970472], [-54.8981009, -27.0978531], [-54.8989336, -27.0986443], [-54.899754, -27.0994421], [-54.9005552, -27.1001575], [-54.9013864, -27.1010127], [-54.9017107, -27.1014236]]}}, {"type": "Feature", "properties": {"capa": "calles", "nombre": "Independencia", "osm_id": "44385375"}, "geometry": {"type": "LineString", "coordinates": [[-54.8951654, -27.095756], [-54.8952397, -27.0958378], [-54.8961125, -27.0967068]]}}, {"type": "Feature", "properties": {"capa": "calles", "nombre": "Pasaje Evaristo Rolin", "osm_id": "44385376"}, "geometry": {"type": "LineString", "coordinates": [[-54.8948134, -27.0945619], [-54.895663, -27.0953548]]}}, {"type": "Feature", "properties": {"capa": "rutas", "nombre": "Avenida General Mosconi", "osm_id": "44385377"}, "geometry": {"type": "LineString", "coordinates": [[-54.8877273, -27.0894926], [-54.8879134, -27.0895714], [-54.8879847, -27.0896307], [-54.8889409, -27.0905141], [-54.8895712, -27.0911514], [-54.890248, -27.0918005], [-54.8913407, -27.0928929]]}}, {"type": "Feature", "properties": {"capa": "calles", "nombre": "25 de Mayo", "osm_id": "44385378"}, "geometry": {"type": "LineString", "coordinates": [[-54.8962243, -27.0978751], [-54.8953544, -27.0976358], [-54.8950646, -27.097549], [-54.8948689, -27.0974898], [-54.8947831, -27.0974588], [-54.8947293, -27.0974346], [-54.8946831, -27.0974074], [-54.894645, -27.0973845], [-54.8945423, -27.0973068]]}}, {"type": "Feature", "properties": {"capa": "calles", "nombre": "Democracia", "osm_id": "44385379"}, "geometry": {"type": "LineString", "coordinates": [[-54.8972659, -27.0993245], [-54.8971895, -27.099319], [-54.8960678, -27.0992365]]}}, {"type": "Feature", "properties": {"capa": "calles", "nombre": "José Hernández", "osm_id": "44385801"}, "geometry": {"type": "LineString", "coordinates": [[-54.9024051, -27.0963611], [-54.9023098, -27.0968205], [-54.9022046, -27.0971638], [-54.9019872, -27.0975165], [-54.9018225, -27.0977132], [-54.9014972, -27.0980286], [-54.9014683, -27.0980565], [-54.901227, -27.0982704], [-54.9006431, -27.0987307], [-54.899754, -27.0994421], [-54.8988625, -27.1001731], [-54.8984979, -27.1004974]]}}, {"type": "Feature", "properties": {"capa": "calles", "nombre": null, "osm_id": "44385803"}, "geometry": {"type": "LineString", "coordinates": [[-54.898, -27.1009001], [-54.8972054, -27.1000848], [-54.8969226, -27.0998163]]}}, {"type": "Feature", "properties": {"capa": "calles", "nombre": "San Javier", "osm_id": "44385847"}, "geometry": {"type": "LineString", "coordinates": [[-54.898275, -27.0915924], [-54.8983675, -27.0916914], [-54.8991334, -27.0924279], [-54.8999475, -27.0931934], [-54.9008893, -27.0940849], [-54.901863, -27.0950718], [-54.9021719, -27.095392], [-54.9026309, -27.0958314], [-54.9027541, -27.0959404]]}}, {"type": "Feature", "properties": {"capa": "calles", "nombre": "El Laurel", "osm_id": "44385849"}, "geometry": {"type": "LineString", "coordinates": [[-54.9023894, -27.0885428], [-54.9021814, -27.0887673], [-54.902004, -27.0888878], [-54.9016023, -27.0890916], [-54.9010449, -27.0895469], [-54.9000447, -27.0902584], [-54.8991573, -27.0909328], [-54.8989219, -27.0911085], [-54.8986816, -27.0912525], [-54.8983434, -27.0914046], [-54.8981631, -27.0914858]]}}, {"type": "Feature", "properties": {"capa": "calles", "nombre": "Los Cedros", "osm_id": "44385850"}, "geometry": {"type": "LineString", "coordinates": [[-54.9010449, -27.0895469], [-54.9016606, -27.0901851], [-54.9020334, -27.090485], [-54.9023436, -27.0907167], [-54.90237, -27.0908064], [-54.902365, -27.0908984]]}}, {"type": "Feature", "properties": {"capa": "calles", "nombre": "Juan Domingo Perón", "osm_id": "44385851"}, "geometry": {"type": "LineString", "coordinates": [[-54.8950218, -27.08737], [-54.8955989, -27.0877988], [-54.8963389, -27.0882606], [-54.8967932, -27.0886033], [-54.8976007, -27.0894071], [-54.8983791, -27.0901464], [-54.8991573, -27.0909328]]}}, {"type": "Feature", "properties": {"capa": "calles", "nombre": "10 de Diciembre", "osm_id": "44385866"}, "geometry": {"type": "LineString", "coordinates": [[-54.8996887, -27.0914461], [-54.8999865, -27.0917389], [-54.90009, -27.091831], [-54.900403, -27.091973], [-54.900673, -27.092077], [-54.9009501, -27.0921879], [-54.9010647, -27.0922795], [-54.9015521, -27.0923281], [-54.9024265, -27.0924571], [-54.902976, -27.09255], [-54.9036478, -27.0926108], [-54.903748, -27.0926199], [-54.904206, -27.09272], [-54.9043975, -27.0927509], [-54.904739, -27.092806], [-54.9051064, -27.0928718], [-54.905387, -27.092922]]}}, {"type": "Feature", "properties": {"capa": "calles", "nombre": null, "osm_id": "44385867"}, "geometry": {"type": "LineString", "coordinates": [[-54.9037446, -27.0907414], [-54.9037512, -27.0917615], [-54.903748, -27.0926199]]}}, {"type": "Feature", "properties": {"capa": "calles", "nombre": "Arbolito", "osm_id": "44385868"}, "geometry": {"type": "LineString", "coordinates": [[-54.902562, -27.0944576], [-54.9015285, -27.0935159], [-54.9005796, -27.0926446]]}}, {"type": "Feature", "properties": {"capa": "calles", "nombre": "López y Planes", "osm_id": "44386198"}, "geometry": {"type": "LineString", "coordinates": [[-54.8912587, -27.0953364], [-54.8913405, -27.0952087], [-54.8914088, -27.095102], [-54.8916407, -27.09474], [-54.8916385, -27.0937182], [-54.8919299, -27.0934175], [-54.892654, -27.0925663], [-54.893364, -27.0917367], [-54.8941308, -27.0908359]]}}, {"type": "Feature", "properties": {"capa": "calles", "nombre": "Cainguás", "osm_id": "44386200"}, "geometry": {"type": "LineString", "coordinates": [[-54.8910756, -27.0910853], [-54.890248, -27.0918005], [-54.8896865, -27.092271], [-54.889535, -27.0923871]]}}, {"type": "Feature", "properties": {"capa": "calles", "nombre": null, "osm_id": "44386201"}, "geometry": {"type": "LineString", "coordinates": [[-54.8901098, -27.093267], [-54.8891911, -27.0929739]]}}, {"type": "Feature", "properties": {"capa": "calles", "nombre": "Chajarí", "osm_id": "44386202"}, "geometry": {"type": "LineString", "coordinates": [[-54.8931655, -27.0862014], [-54.8925095, -27.0869675], [-54.8918142, -27.0878098], [-54.8914203, -27.0882052], [-54.8905009, -27.0892747], [-54.8898466, -27.0898464], [-54.8889409, -27.0905141]]}}, {"type": "Feature", "properties": {"capa": "calles", "nombre": "Los Lapachos", "osm_id": "44386203"}, "geometry": {"type": "LineString", "coordinates": [[-54.891155, -27.0898323], [-54.8911391, -27.0897228], [-54.8905009, -27.0892747], [-54.8897664, -27.0887785], [-54.8893314, -27.0884724], [-54.8889123, -27.0881873]]}}, {"type": "Feature", "properties": {"capa": "calles", "nombre": "El Pindó", "osm_id": "44386205"}, "geometry": {"type": "LineString", "coordinates": [[-54.8924994, -27.0857356], [-54.8918243, -27.0864917], [-54.891097, -27.0873273], [-54.8907267, -27.0877304], [-54.8897664, -27.0887785]]}}, {"type": "Feature", "properties": {"capa": "calles", "nombre": null, "osm_id": "44386212"}, "geometry": {"type": "LineString", "coordinates": [[-54.8914203, -27.0882052], [-54.8907267, -27.0877304]]}}, {"type": "Feature", "properties": {"capa": "calles", "nombre": "Presidente Irigoyen", "osm_id": "44387137"}, "geometry": {"type": "LineString", "coordinates": [[-54.9097231, -27.1098253], [-54.9099296, -27.1099054], [-54.9100463, -27.1099993], [-54.9101217, -27.1100999], [-54.910182, -27.1103044], [-54.9101669, -27.1104084], [-54.9101368, -27.1104855], [-54.910009, -27.110539], [-54.909736, -27.110573], [-54.909494, -27.110624], [-54.9081094, -27.1109358], [-54.9066892, -27.1112773], [-54.9051008, -27.1116435], [-54.9036076, -27.1119892], [-54.9024883, -27.1122491]]}}, {"type": "Feature", "properties": {"capa": "calles", "nombre": null, "osm_id": "44387138"}, "geometry": {"type": "LineString", "coordinates": [[-54.9108803, -27.1099982], [-54.9108263, -27.1098582], [-54.9108083, -27.1097122], [-54.9107313, -27.1096122], [-54.9106573, -27.1095862], [-54.9104543, -27.1095722], [-54.9103113, -27.1095962], [-54.9101673, -27.1096372], [-54.9100233, -27.1096952], [-54.9097973, -27.1097972], [-54.9097231, -27.1098253], [-54.9096523, -27.1098522], [-54.9094803, -27.1098712], [-54.9092433, -27.1099202], [-54.9090743, -27.1100242], [-54.9089143, -27.1100932], [-54.9087163, -27.1101307], [-54.9084588, -27.1102027], [-54.9083943, -27.1102762], [-54.9083013, -27.1104852], [-54.9082153, -27.1106522], [-54.9081263, -27.1108902], [-54.9081094, -27.1109358]]}}, {"type": "Feature", "properties": {"capa": "calles", "nombre": null, "osm_id": "44387139"}, "geometry": {"type": "LineString", "coordinates": [[-54.9101463, -27.1113094], [-54.909527, -27.1113462], [-54.908165, -27.1116912], [-54.9071865, -27.1119354], [-54.9068982, -27.1120074], [-54.9061631, -27.1121777], [-54.90529, -27.112407], [-54.9050832, -27.1124803], [-54.9050399, -27.1125337], [-54.905297, -27.1134004], [-54.9053607, -27.113638], [-54.9053297, -27.1139092], [-54.9054152, -27.1143431]]}}, {"type": "Feature", "properties": {"capa": "calles", "nombre": null, "osm_id": "44387140"}, "geometry": {"type": "LineString", "coordinates": [[-54.9081094, -27.1109358], [-54.908165, -27.1116912]]}}, {"type": "Feature", "properties": {"capa": "calles", "nombre": null, "osm_id": "44387141"}, "geometry": {"type": "LineString", "coordinates": [[-54.9066892, -27.1112773], [-54.9068982, -27.1120074]]}}, {"type": "Feature", "properties": {"capa": "calles", "nombre": null, "osm_id": "44387142"}, "geometry": {"type": "LineString", "coordinates": [[-54.90549, -27.109927], [-54.905279, -27.110028], [-54.904864, -27.110118], [-54.9045716, -27.1101674], [-54.904485, -27.110182], [-54.904275, -27.110195], [-54.9040803, -27.1101044]]}}, {"type": "Feature", "properties": {"capa": "calles", "nombre": "El Colibrí", "osm_id": "44387145"}, "geometry": {"type": "LineString", "coordinates": [[-54.9070825, -27.1104169], [-54.9065852, -27.1104879], [-54.90487, -27.110905], [-54.9048087, -27.1109028], [-54.9047417, -27.1108751], [-54.9031526, -27.1112742], [-54.9020511, -27.11152], [-54.9016979, -27.1116612]]}}, {"type": "Feature", "properties": {"capa": "calles", "nombre": null, "osm_id": "44387147"}, "geometry": {"type": "LineString", "coordinates": [[-54.9045716, -27.1101674], [-54.904804, -27.110651], [-54.9047417, -27.1108751]]}}, {"type": "Feature", "properties": {"capa": "calles", "nombre": null, "osm_id": "44387148"}, "geometry": {"type": "LineString", "coordinates": [[-54.9051008, -27.1116435], [-54.90487, -27.110905]]}}, {"type": "Feature", "properties": {"capa": "calles", "nombre": null, "osm_id": "44387154"}, "geometry": {"type": "LineString", "coordinates": [[-54.9045531, -27.1135253], [-54.9041155, -27.1127247], [-54.9036076, -27.1119892], [-54.9031526, -27.1112742], [-54.9027474, -27.1105456]]}}, {"type": "Feature", "properties": {"capa": "calles", "nombre": "Santa Teresita", "osm_id": "44406764"}, "geometry": {"type": "LineString", "coordinates": [[-54.9010908, -27.1100662], [-54.902019, -27.1098608], [-54.9028516, -27.109702], [-54.9030644, -27.1096292], [-54.9034062, -27.1095031], [-54.9038846, -27.1092842], [-54.9043648, -27.1090651], [-54.9049851, -27.1087628], [-54.905113, -27.1087005], [-54.9053219, -27.108603], [-54.906666, -27.1079762], [-54.9076905, -27.1074968], [-54.9080881, -27.1073111]]}}, {"type": "Feature", "properties": {"capa": "calles", "nombre": null, "osm_id": "44406767"}, "geometry": {"type": "LineString", "coordinates": [[-54.9005585, -27.1091217], [-54.901403, -27.1087386], [-54.9021802, -27.1083787], [-54.9031156, -27.1079381], [-54.9045485, -27.1072719], [-54.9051824, -27.1069657], [-54.9053869, -27.1068905], [-54.9057232, -27.1067907], [-54.9058259, -27.1067783], [-54.9059333, -27.1068365], [-54.90598, -27.1068997]]}}, {"type": "Feature", "properties": {"capa": "calles", "nombre": "Gobernador Losada", "osm_id": "44406780"}, "geometry": {"type": "LineString", "coordinates": [[-54.9021802, -27.1083787], [-54.9025385, -27.1091005], [-54.9028516, -27.109702], [-54.9032224, -27.1103146]]}}, {"type": "Feature", "properties": {"capa": "calles", "nombre": null, "osm_id": "44406838"}, "geometry": {"type": "LineString", "coordinates": [[-54.9031156, -27.1079381], [-54.9034884, -27.108645], [-54.9038846, -27.1092842], [-54.9043213, -27.1100341]]}}, {"type": "Feature", "properties": {"capa": "calles", "nombre": "Los Gorriones", "osm_id": "44406840"}, "geometry": {"type": "LineString", "coordinates": [[-54.904851, -27.109895], [-54.9047653, -27.1099405], [-54.9043213, -27.1100341], [-54.9040803, -27.1101044], [-54.9037607, -27.1101713], [-54.9032224, -27.1103146], [-54.9030637, -27.1104209], [-54.9029282, -27.1104892], [-54.9027474, -27.1105456], [-54.9017036, -27.1107173], [-54.9016306, -27.1107051], [-54.9014865, -27.1106693]]}}, {"type": "Feature", "properties": {"capa": "calles", "nombre": "Doctor Giordi", "osm_id": "44406957"}, "geometry": {"type": "LineString", "coordinates": [[-54.9034062, -27.1095031], [-54.9037607, -27.1101713]]}}, {"type": "Feature", "properties": {"capa": "calles", "nombre": null, "osm_id": "44407208"}, "geometry": {"type": "LineString", "coordinates": [[-54.9017036, -27.1107173], [-54.9016595, -27.1107786], [-54.9016339, -27.1108893], [-54.9015934, -27.1109778], [-54.9015467, -27.1110389], [-54.9014195, -27.1111051]]}}, {"type": "Feature", "properties": {"capa": "rutas", "nombre": "Ruta Provincial 7", "osm_id": "71552348"}, "geometry": {"type": "LineString", "coordinates": [[-54.8935961, -27.0953677], [-54.8937928, -27.0952261]]}}, {"type": "Feature", "properties": {"capa": "calles", "nombre": "El Ceibal", "osm_id": "97363602"}, "geometry": {"type": "LineString", "coordinates": [[-54.8801461, -27.1016278], [-54.8800327, -27.1017839], [-54.8796198, -27.1023526], [-54.8806407, -27.102964], [-54.8815973, -27.1035341], [-54.8825348, -27.1041675]]}}, {"type": "Feature", "properties": {"capa": "calles", "nombre": "San Martín", "osm_id": "97363603"}, "geometry": {"type": "LineString", "coordinates": [[-54.9006002, -27.0910979], [-54.9005559, -27.0912319], [-54.9004852, -27.0913209], [-54.8999865, -27.0917389], [-54.8991334, -27.0924279], [-54.8982099, -27.0931727], [-54.8973224, -27.0939272], [-54.8964945, -27.0946556], [-54.895663, -27.0953548], [-54.8952017, -27.0957256], [-54.8951654, -27.095756], [-54.895057, -27.0958428], [-54.8946342, -27.0961791], [-54.8944315, -27.0963758], [-54.8940811, -27.0967009], [-54.8929973, -27.0977132], [-54.8922007, -27.0984941], [-54.8914138, -27.0992562], [-54.8906126, -27.1000192], [-54.8903485, -27.10027], [-54.8898118, -27.100799], [-54.8891911, -27.1016075], [-54.8887062, -27.1022211]]}}, {"type": "Feature", "properties": {"capa": "calles", "nombre": "Batalla de Mbororé", "osm_id": "97363604"}, "geometry": {"type": "LineString", "coordinates": [[-54.8870551, -27.1042563], [-54.8858266, -27.1035021], [-54.8848119, -27.1028585], [-54.8839549, -27.1023286]]}}, {"type": "Feature", "properties": {"capa": "calles", "nombre": "Basilio Iscoski", "osm_id": "97363605"}, "geometry": {"type": "LineString", "coordinates": [[-54.8838861, -27.1061082], [-54.883438, -27.1066629], [-54.8834497, -27.1067383], [-54.8846994, -27.1074641], [-54.8858197, -27.1080841], [-54.8866683, -27.1085666], [-54.8875242, -27.1090773], [-54.8883372, -27.1096325]]}}, {"type": "Feature", "properties": {"capa": "calles", "nombre": "San Lorenzo", "osm_id": "97363606"}, "geometry": {"type": "LineString", "coordinates": [[-54.8896179, -27.1042956], [-54.8889608, -27.1038307], [-54.8879207, -27.1031802], [-54.8866774, -27.1024486]]}}, {"type": "Feature", "properties": {"capa": "calles", "nombre": "Tlipan", "osm_id": "97363607"}, "geometry": {"type": "LineString", "coordinates": [[-54.8846991, -27.1049596], [-54.8838997, -27.1044722]]}}, {"type": "Feature", "properties": {"capa": "calles", "nombre": "Gobernador Albarenga", "osm_id": "97363608"}, "geometry": {"type": "LineString", "coordinates": [[-54.8822983, -27.1026425], [-54.8815973, -27.1035341]]}}, {"type": "Feature", "properties": {"capa": "rutas", "nombre": null, "osm_id": "97363609"}, "geometry": {"type": "LineString", "coordinates": [[-54.8898443, -27.1032825], [-54.8896495, -27.1033618], [-54.8895371, -27.1033961], [-54.8892334, -27.1035743]]}}, {"type": "Feature", "properties": {"capa": "calles", "nombre": "Islas Malvinas", "osm_id": "97363610"}, "geometry": {"type": "LineString", "coordinates": [[-54.887478, -27.1058392], [-54.8863884, -27.1051424], [-54.8851606, -27.1043868], [-54.8841284, -27.1037527], [-54.8832673, -27.1032189]]}}, {"type": "Feature", "properties": {"capa": "calles", "nombre": null, "osm_id": "97363611"}, "geometry": {"type": "LineString", "coordinates": [[-54.8870678, -27.1064261], [-54.8859385, -27.1057232]]}}, {"type": "Feature", "properties": {"capa": "calles", "nombre": "El Timbó", "osm_id": "97363612"}, "geometry": {"type": "LineString", "coordinates": [[-54.8866383, -27.1069708], [-54.8855194, -27.1063066], [-54.8843066, -27.1055063], [-54.8834175, -27.1049655]]}}, {"type": "Feature", "properties": {"capa": "calles", "nombre": "Picada República del Paraguay", "osm_id": "97363613"}, "geometry": {"type": "LineString", "coordinates": [[-54.8471243, -27.1645442], [-54.8472605, -27.1644449], [-54.8473521, -27.1643098], [-54.8474302, -27.1641946], [-54.8475218, -27.163986], [-54.8475955, -27.1638251], [-54.8476937, -27.163682], [-54.8478344, -27.1635847], [-54.8479505, -27.1635013], [-54.8482631, -27.1632867], [-54.848444, -27.1631834], [-54.8484994, -27.1631485], [-54.8485512, -27.1631158], [-54.8485735, -27.1629966], [-54.8485646, -27.1628198], [-54.8485333, -27.1626013], [-54.8485173, -27.1625051], [-54.8484507, -27.1621046], [-54.8483703, -27.1614589], [-54.8483368, -27.1611669], [-54.8482698, -27.1605808], [-54.8482899, -27.1604457], [-54.8483569, -27.1603444], [-54.8485244, -27.1601517], [-54.8487812, -27.1598557], [-54.8488817, -27.1596769], [-54.8489308, -27.1595636], [-54.849125, -27.1591563], [-54.8492568, -27.158759], [-54.8493439, -27.1584173], [-54.8493522, -27.1582953], [-54.8493573, -27.1582206], [-54.8492858, -27.1580418], [-54.8492613, -27.1579265], [-54.8490402, -27.1572272], [-54.8489486, -27.1569669], [-54.8486606, -27.1562974], [-54.8486293, -27.1561464], [-54.8486829, -27.1559815], [-54.8488057, -27.1558166], [-54.8489933, -27.155602], [-54.8494153, -27.1551093], [-54.849719, -27.1547437], [-54.8503465, -27.1540543], [-54.8510387, -27.1532655], [-54.8515073, -27.152688], [-54.8516304, -27.1525363], [-54.8516907, -27.152435], [-54.8518515, -27.1520674], [-54.8518762, -27.1518784], [-54.8518939, -27.1517436], [-54.851914, -27.1514197], [-54.8519676, -27.1512488], [-54.8520815, -27.1511356], [-54.8522355, -27.1510561], [-54.8526732, -27.1508793], [-54.8530729, -27.1506866], [-54.8532627, -27.1505713], [-54.8533877, -27.1504541], [-54.853477, -27.1503408], [-54.8535999, -27.1500726], [-54.8537271, -27.1499415], [-54.8538566, -27.1497766], [-54.8540665, -27.1494964], [-54.8545667, -27.1488864], [-54.8547833, -27.1485824], [-54.8551942, -27.1480877], [-54.8553482, -27.1478731], [-54.8555939, -27.1475433], [-54.8556966, -27.1473843], [-54.8557211, -27.1472611], [-54.855672, -27.1471618], [-54.8555224, -27.1470485], [-54.8549173, -27.146675], [-54.8543814, -27.1463491], [-54.8533096, -27.1457431], [-54.8530317, -27.1455835], [-54.8522266, -27.1451211], [-54.8517465, -27.144839], [-54.851542, -27.1446573], [-54.8519374, -27.1441856], [-54.8522788, -27.1437818], [-54.8527865, -27.1430262], [-54.8530246, -27.1427464], [-54.8532807, -27.1423186], [-54.8536086, -27.1419028], [-54.8540894, -27.1413191], [-54.8549475, -27.1403156], [-54.8550063, -27.1402373], [-54.8557876, -27.1391962], [-54.8560661, -27.1388124], [-54.8564705, -27.1382247], [-54.8571488, -27.1373491], [-54.8573254, -27.1371363], [-54.8580249, -27.1362936], [-54.8584966, -27.1356419], [-54.8602055, -27.1334164], [-54.8603386, -27.133243], [-54.8613899, -27.1318036], [-54.8618032, -27.1313118], [-54.861947, -27.1310919], [-54.8622525, -27.1306881], [-54.8629423, -27.1295692], [-54.8641416, -27.1280153], [-54.8650265, -27.1268187], [-54.8656815, -27.1260399], [-54.8658977, -27.1257718], [-54.86642, -27.1251195], [-54.8666372, -27.124867], [-54.8676742, -27.1234372], [-54.8687544, -27.1220366], [-54.8715997, -27.1183469], [-54.8723571, -27.1173383]]}}, {"type": "Feature", "properties": {"capa": "calles", "nombre": "Chaco", "osm_id": "97363614"}, "geometry": {"type": "LineString", "coordinates": [[-54.8838861, -27.1061082], [-54.8843066, -27.1055063], [-54.8846991, -27.1049596], [-54.8851606, -27.1043868], [-54.8858266, -27.1035021], [-54.8866774, -27.1024486], [-54.886756, -27.1023136]]}}, {"type": "Feature", "properties": {"capa": "calles", "nombre": "Rosendo Motta", "osm_id": "97364421"}, "geometry": {"type": "LineString", "coordinates": [[-54.8883689, -27.1063336], [-54.8877694, -27.1070988], [-54.8872599, -27.1077966], [-54.8866683, -27.1085666], [-54.8861319, -27.1092513], [-54.8854554, -27.1100991]]}}, {"type": "Feature", "properties": {"capa": "calles", "nombre": "Anibio Da Silveira", "osm_id": "97364422"}, "geometry": {"type": "LineString", "coordinates": [[-54.890652, -27.1098788], [-54.8889555, -27.1088175], [-54.8880983, -27.1083116], [-54.8872599, -27.1077966], [-54.8863869, -27.1072977]]}}, {"type": "Feature", "properties": {"capa": "calles", "nombre": "Brasil", "osm_id": "97364426"}, "geometry": {"type": "LineString", "coordinates": [[-54.8855902, -27.0981693], [-54.8856689, -27.0981198], [-54.8858353, -27.0978964], [-54.8862672, -27.0973186], [-54.8868853, -27.0964964]]}}, {"type": "Feature", "properties": {"capa": "calles", "nombre": "Crucero General Belgrano", "osm_id": "97364428"}, "geometry": {"type": "LineString", "coordinates": [[-54.8874712, -27.0968483], [-54.8876404, -27.0965853], [-54.8876579, -27.0965393], [-54.8876545, -27.0964905], [-54.887425, -27.0955635], [-54.8873794, -27.0952947], [-54.8873665, -27.0952334], [-54.8871278, -27.0941062]]}}, {"type": "Feature", "properties": {"capa": "calles", "nombre": "Samuel Alvez", "osm_id": "97364429"}, "geometry": {"type": "LineString", "coordinates": [[-54.8877694, -27.1070988], [-54.8886102, -27.1076111], [-54.8894855, -27.1081583]]}}, {"type": "Feature", "properties": {"capa": "calles", "nombre": "Chile", "osm_id": "97364431"}, "geometry": {"type": "LineString", "coordinates": [[-54.8873794, -27.0952947], [-54.8862352, -27.0956085], [-54.8858987, -27.0956985], [-54.8857611, -27.0957709], [-54.8851101, -27.0965948], [-54.8844652, -27.0974982], [-54.884211, -27.0978307]]}}, {"type": "Feature", "properties": {"capa": "calles", "nombre": "Chile", "osm_id": "97364433"}, "geometry": {"type": "LineString", "coordinates": [[-54.8892705, -27.0954998], [-54.8889285, -27.0953771], [-54.8886252, -27.0952809], [-54.8884179, -27.0952536], [-54.8880081, -27.0952426], [-54.8876685, -27.0952382], [-54.8873665, -27.0952334]]}}, {"type": "Feature", "properties": {"capa": "calles", "nombre": "Provincia del Chaco", "osm_id": "97364436"}, "geometry": {"type": "LineString", "coordinates": [[-54.8902962, -27.0978912], [-54.8900798, -27.0980269], [-54.8898418, -27.0982896], [-54.8897274, -27.0984426], [-54.8891912, -27.0991594], [-54.8889227, -27.0995377], [-54.888539, -27.1000077], [-54.8879847, -27.100774], [-54.8879833, -27.100834]]}}, {"type": "Feature", "properties": {"capa": "calles", "nombre": "Ignasio Lidsodski", "osm_id": "97364438"}, "geometry": {"type": "LineString", "coordinates": [[-54.8891906, -27.1068388], [-54.8886102, -27.1076111], [-54.8880983, -27.1083116], [-54.8875242, -27.1090773], [-54.8869752, -27.1097553], [-54.8863309, -27.1105988]]}}, {"type": "Feature", "properties": {"capa": "calles", "nombre": null, "osm_id": "97364439"}, "geometry": {"type": "LineString", "coordinates": [[-54.8830641, -27.1197366], [-54.8805465, -27.1181151], [-54.8746201, -27.1144761], [-54.8736671, -27.1139132], [-54.8732705, -27.113638], [-54.8730279, -27.1134661], [-54.8728752, -27.1132941], [-54.8723271, -27.1125703], [-54.872026, -27.1122144], [-54.8717107, -27.1118976], [-54.8716734, -27.1118601], [-54.8716082, -27.1117945], [-54.8713701, -27.1116065], [-54.8711365, -27.1115825], [-54.870813, -27.1116225], [-54.8704941, -27.1116305], [-54.8701796, -27.1115985], [-54.8698561, -27.1114906], [-54.8693754, -27.1112026], [-54.8662722, -27.1093215], [-54.8660938, -27.109245], [-54.8659275, -27.1091185], [-54.8642717, -27.1080154], [-54.8631666, -27.1073515], [-54.8618637, -27.1065357], [-54.8605743, -27.1057879], [-54.8590513, -27.10482], [-54.8576632, -27.1039662]]}}, {"type": "Feature", "properties": {"capa": "calles", "nombre": "Sargento Liniers", "osm_id": "97364440"}, "geometry": {"type": "LineString", "coordinates": [[-54.8818474, -27.0970728], [-54.8825969, -27.0975221], [-54.8832873, -27.097943]]}}, {"type": "Feature", "properties": {"capa": "calles", "nombre": "Uruguay", "osm_id": "97364441"}, "geometry": {"type": "LineString", "coordinates": [[-54.8845807, -27.0949792], [-54.8838926, -27.0958723], [-54.8831948, -27.0967293], [-54.8825969, -27.0975221], [-54.8819465, -27.0983527], [-54.881203, -27.0994289], [-54.8810994, -27.0995494], [-54.8810075, -27.0996175], [-54.8808535, -27.0996991], [-54.8805666, -27.0997541], [-54.8805696, -27.099817]]}}, {"type": "Feature", "properties": {"capa": "calles", "nombre": null, "osm_id": "97364442"}, "geometry": {"type": "LineString", "coordinates": [[-54.8748654, -27.097872], [-54.8746879, -27.0981085], [-54.8662722, -27.1093215]]}}, {"type": "Feature", "properties": {"capa": "cursos", "nombre": "Arroyo Saltiño", "osm_id": "102796230"}, "geometry": {"type": "LineString", "coordinates": [[-54.8907423, -27.1040608], [-54.8911715, -27.1046338], [-54.8914436, -27.1054814]]}}, {"type": "Feature", "properties": {"capa": "calles", "nombre": "María Sokoloski", "osm_id": "105826463"}, "geometry": {"type": "LineString", "coordinates": [[-54.9017896, -27.1118342], [-54.9015359, -27.1120236], [-54.9012483, -27.1122862], [-54.90098, -27.1126122], [-54.9008074, -27.1128464]]}}, {"type": "Feature", "properties": {"capa": "calles", "nombre": "Picada Propaganda", "osm_id": "122802367"}, "geometry": {"type": "LineString", "coordinates": [[-54.9054476, -27.1229404], [-54.9053128, -27.123202], [-54.9048885, -27.1237671], [-54.9047458, -27.1239571], [-54.9037448, -27.1252929], [-54.9026748, -27.1266016], [-54.9026475, -27.126635], [-54.9018405, -27.12767], [-54.9006527, -27.1292428], [-54.9002595, -27.1297695], [-54.9001342, -27.1298928], [-54.899796, -27.1299389], [-54.8994981, -27.1299285], [-54.8988801, -27.1295822], [-54.895985, -27.1277611], [-54.8959677, -27.1277621], [-54.8957567, -27.1277547], [-54.8955911, -27.1278173], [-54.8953966, -27.1280715], [-54.8949372, -27.1286829], [-54.8941633, -27.1296811], [-54.8937287, -27.1302814], [-54.8927644, -27.1314969], [-54.8915642, -27.1330144], [-54.8906827, -27.1342151], [-54.8905792, -27.1343072], [-54.890422, -27.1343919], [-54.8902369, -27.1344394], [-54.8899044, -27.13438], [-54.8897087, -27.1344013], [-54.8895927, -27.134498], [-54.8887789, -27.1356994], [-54.8877112, -27.1371174], [-54.8871359, -27.137924], [-54.8869579, -27.1380639], [-54.886722, -27.1382775], [-54.8864985, -27.1384506], [-54.8862088, -27.13883], [-54.8856584, -27.1396181], [-54.8851783, -27.1402848], [-54.8849383, -27.1405462], [-54.8847976, -27.140723], [-54.8843547, -27.1412681], [-54.8841602, -27.1415554], [-54.8840485, -27.1417616], [-54.8839533, -27.1420194], [-54.8838746, -27.142303], [-54.8838498, -27.1425461], [-54.8838498, -27.1426334], [-54.8838498, -27.1427597], [-54.883796, -27.1429328], [-54.8836594, -27.1431427], [-54.8834401, -27.1434115], [-54.883258, -27.1436399], [-54.8819957, -27.1452419], [-54.8812547, -27.1462139], [-54.8809569, -27.1466045], [-54.8803401, -27.1474408], [-54.8796615, -27.1483611], [-54.878354, -27.1500985], [-54.8781178, -27.1504124], [-54.8773521, -27.1514656], [-54.8771328, -27.151797], [-54.8768265, -27.1522463], [-54.8766858, -27.1524046], [-54.8759574, -27.1534173], [-54.8757753, -27.1537156], [-54.8754649, -27.1540581], [-54.8752249, -27.1544411], [-54.8748731, -27.1549087], [-54.8744799, -27.1554243], [-54.8742896, -27.1557115], [-54.8740619, -27.1559104], [-54.8738302, -27.1560982], [-54.8736977, -27.1562086], [-54.8736067, -27.1563817], [-54.873437, -27.156518], [-54.8732259, -27.1566689], [-54.87311, -27.1568347], [-54.8727252, -27.1573612], [-54.8726755, -27.1574975], [-54.8727293, -27.1576006], [-54.8728038, -27.1576706], [-54.8740826, -27.1584623], [-54.8750552, -27.1590514], [-54.8756884, -27.1594528], [-54.8758498, -27.1595927], [-54.8759905, -27.1598137], [-54.8761437, -27.1601819], [-54.8762347, -27.1604838], [-54.8762347, -27.1608153], [-54.8761395, -27.1610509], [-54.8758705, -27.1615038], [-54.8751131, -27.1624538], [-54.8743309, -27.1635143], [-54.8739673, -27.1639843], [-54.8737184, -27.164306], [-54.8727707, -27.1654769], [-54.8725555, -27.1657346], [-54.8723899, -27.1660366], [-54.8719968, -27.1666331], [-54.8715912, -27.1671302], [-54.8710573, -27.1679218], [-54.8705027, -27.1686582], [-54.8700723, -27.1692252], [-54.8698676, -27.1694153], [-54.8697909, -27.1694866], [-54.8695425, -27.1696302], [-54.8693066, -27.1697112], [-54.8690707, -27.1697481], [-54.8687686, -27.1697112], [-54.8680154, -27.1694793], [-54.8678747, -27.1694609], [-54.8676926, -27.1694682], [-54.8672828, -27.1695713], [-54.8669766, -27.1697112], [-54.866749, -27.1698438], [-54.8665503, -27.1699763], [-54.8665308, -27.1699994], [-54.8664137, -27.1701383], [-54.8663972, -27.1703666], [-54.8664096, -27.1706428], [-54.8663723, -27.1707827], [-54.8662647, -27.17093], [-54.8658881, -27.1711803], [-54.8651266, -27.1716516], [-54.8644272, -27.1721155], [-54.8641706, -27.1723696], [-54.8639512, -27.1725426], [-54.8638188, -27.1726384], [-54.8635498, -27.1729624], [-54.8633511, -27.173187], [-54.8632808, -27.17336], [-54.8631277, -27.1735846], [-54.8629331, -27.1737392], [-54.8624365, -27.1739675], [-54.862213, -27.1741516], [-54.8619109, -27.1744277], [-54.8616791, -27.174564], [-54.8612942, -27.1747554], [-54.8610708, -27.1749137], [-54.8608762, -27.1750352], [-54.8603796, -27.1752156], [-54.8601561, -27.1753519], [-54.8601023, -27.1754545], [-54.8600113, -27.175628], [-54.8599119, -27.1758636], [-54.8599368, -27.1760477], [-54.8600858, -27.1762723], [-54.8602596, -27.1764564], [-54.8602835, -27.1765507], [-54.8603341, -27.1767509], [-54.8603258, -27.1769903], [-54.8601809, -27.1775536], [-54.8601064, -27.1777229], [-54.8599906, -27.1779033], [-54.8597009, -27.1782347], [-54.8592249, -27.1786802], [-54.858869, -27.1790005], [-54.8585834, -27.1791551], [-54.8583103, -27.1794091], [-54.8581572, -27.1795895], [-54.8579544, -27.1798693], [-54.8576481, -27.1804547], [-54.8573087, -27.1810843], [-54.8569321, -27.181677], [-54.8567293, -27.182001], [-54.85663, -27.1822255], [-54.8565721, -27.1824796], [-54.8564893, -27.1828993], [-54.8564727, -27.1833926], [-54.8566093, -27.1836503], [-54.8567748, -27.1840958], [-54.8568659, -27.1843793], [-54.8568411, -27.184534], [-54.8567252, -27.1847328], [-54.8566465, -27.1848174], [-54.8564769, -27.1849132], [-54.8563237, -27.1850862], [-54.8559264, -27.185631], [-54.8557278, -27.1859476], [-54.855467, -27.1866029], [-54.8553801, -27.1868459], [-54.8554339, -27.1870116], [-54.8555664, -27.1872509], [-54.8556781, -27.1874055], [-54.8556616, -27.1875454], [-54.8554215, -27.1878362], [-54.8551318, -27.188208], [-54.8548959, -27.1886019], [-54.8548049, -27.1889774], [-54.8546559, -27.1893345], [-54.8543165, -27.1897468], [-54.8540268, -27.1900045], [-54.8537743, -27.1903101], [-54.8532818, -27.1909985], [-54.8528183, -27.191547], [-54.8524914, -27.1919519], [-54.8522761, -27.1921875], [-54.8521354, -27.1924084], [-54.8520278, -27.1926292], [-54.8519368, -27.1929753], [-54.8518925, -27.1931182], [-54.8518706, -27.1931888], [-54.8517423, -27.1933323], [-54.851407, -27.1935054], [-54.8512167, -27.1936452], [-54.8510759, -27.1938293], [-54.8510139, -27.1940244], [-54.850749, -27.1943005], [-54.8505959, -27.1944514], [-54.8505876, -27.1945766], [-54.8506372, -27.1947312], [-54.8507407, -27.19486], [-54.8508566, -27.1949594], [-54.8512415, -27.1951361], [-54.8515684, -27.1952834], [-54.8516589, -27.1953747], [-54.8517216, -27.195438], [-54.8517423, -27.1955594], [-54.8516554, -27.1957251], [-54.8515105, -27.1959239], [-54.8514691, -27.1961411], [-54.8514981, -27.1965202], [-54.8515022, -27.1967116], [-54.8514815, -27.1969214], [-54.8513491, -27.1971828], [-54.851167, -27.1973742], [-54.8508649, -27.1975325], [-54.8500703, -27.1980405], [-54.8496647, -27.1983202], [-54.8492963, -27.1986847], [-54.8490687, -27.1989607], [-54.8486797, -27.1995129], [-54.8484189, -27.199892], [-54.8482575, -27.2000687], [-54.848063, -27.2003485], [-54.8472808, -27.2013644], [-54.8470822, -27.2015448], [-54.8468007, -27.2017031], [-54.8465814, -27.2018135], [-54.8464738, -27.201946], [-54.8464158, -27.2021374], [-54.8463869, -27.202557], [-54.8463372, -27.20273], [-54.8461841, -27.202892], [-54.8460682, -27.2031055], [-54.8460972, -27.2033705], [-54.8462126, -27.2036191], [-54.8465988, -27.2038781], [-54.8468741, -27.204003], [-54.8479051, -27.2046762], [-54.8483993, -27.2049418], [-54.8487614, -27.2051175], [-54.8488354, -27.2051943], [-54.8491266, -27.2057998], [-54.8491349, -27.2059728], [-54.8491432, -27.2061274], [-54.8491887, -27.2063151], [-54.8492674, -27.2065691], [-54.8494246, -27.2068783], [-54.8496274, -27.2072132], [-54.849855, -27.2075003], [-54.8500992, -27.2077138], [-54.8504345, -27.2079052], [-54.8505503, -27.2079936], [-54.8506704, -27.2081445], [-54.8509808, -27.2084426], [-54.8513408, -27.2087076], [-54.8517174, -27.2090242], [-54.852599, -27.209775], [-54.8527438, -27.2098449], [-54.853137, -27.2100142], [-54.8533398, -27.2102866], [-54.8535384, -27.2105075], [-54.853597, -27.2105943], [-54.8537868, -27.2108755], [-54.8538654, -27.2110816], [-54.8538447, -27.2114166], [-54.8537909, -27.2116742], [-54.8533522, -27.2121232], [-54.852959, -27.2125502], [-54.852719, -27.2128998], [-54.852421, -27.213128], [-54.8522761, -27.2133194], [-54.8521934, -27.2134924], [-54.8518995, -27.2136396], [-54.8516429, -27.2137942], [-54.8513863, -27.2140003], [-54.8512001, -27.2142027]]}}, {"type": "Feature", "properties": {"capa": "calles", "nombre": null, "osm_id": "123348290"}, "geometry": {"type": "LineString", "coordinates": [[-54.8786476, -27.1060549], [-54.8780532, -27.1068251], [-54.8779618, -27.1069575], [-54.8775067, -27.107486], [-54.8770398, -27.1080691], [-54.8764915, -27.1087873], [-54.8758533, -27.1096234]]}}, {"type": "Feature", "properties": {"capa": "calles", "nombre": null, "osm_id": "123348293"}, "geometry": {"type": "LineString", "coordinates": [[-54.8780532, -27.1068251], [-54.8786969, -27.1072167], [-54.8797055, -27.1078312]]}}, {"type": "Feature", "properties": {"capa": "calles", "nombre": null, "osm_id": "123348294"}, "geometry": {"type": "LineString", "coordinates": [[-54.8764826, -27.1100097], [-54.8771217, -27.1091946], [-54.8776842, -27.1084742], [-54.8781399, -27.1078905], [-54.8786969, -27.1072167], [-54.8792602, -27.1064203]]}}, {"type": "Feature", "properties": {"capa": "calles", "nombre": null, "osm_id": "123348295"}, "geometry": {"type": "LineString", "coordinates": [[-54.8743442, -27.1087124], [-54.8746112, -27.1088683], [-54.8752408, -27.109251], [-54.8758533, -27.1096234], [-54.8764826, -27.1100097], [-54.8775031, -27.1106829]]}}, {"type": "Feature", "properties": {"capa": "calles", "nombre": null, "osm_id": "123348298"}, "geometry": {"type": "LineString", "coordinates": [[-54.8747726, -27.1077916], [-54.875217, -27.108049], [-54.875535, -27.1082332], [-54.8758483, -27.1084147], [-54.8764915, -27.1087873], [-54.8771217, -27.1091946], [-54.8781629, -27.1098285]]}}, {"type": "Feature", "properties": {"capa": "calles", "nombre": "Eduardo Grahl", "osm_id": "123810762"}, "geometry": {"type": "LineString", "coordinates": [[-54.8880769, -27.0940523], [-54.8880727, -27.0941837], [-54.8880081, -27.0952426]]}}, {"type": "Feature", "properties": {"capa": "calles", "nombre": null, "osm_id": "123810764"}, "geometry": {"type": "LineString", "coordinates": [[-54.8845959, -27.094158], [-54.8845752, -27.0944516], [-54.884553, -27.0949106]]}}, {"type": "Feature", "properties": {"capa": "calles", "nombre": "Intendente Arcile Pretto", "osm_id": "123810771"}, "geometry": {"type": "LineString", "coordinates": [[-54.8795583, -27.0919239], [-54.8782082, -27.0911307]]}}, {"type": "Feature", "properties": {"capa": "calles", "nombre": "Amigo Caburé", "osm_id": "123810773"}, "geometry": {"type": "LineString", "coordinates": [[-54.8860353, -27.0944377], [-54.8862352, -27.0956085], [-54.8863559, -27.096158]]}}, {"type": "Feature", "properties": {"capa": "calles", "nombre": null, "osm_id": "123810774"}, "geometry": {"type": "LineString", "coordinates": [[-54.8793085, -27.0895581], [-54.8781353, -27.0888603]]}}, {"type": "Feature", "properties": {"capa": "calles", "nombre": "Intenente Virgilio Umberto Fontana", "osm_id": "123810778"}, "geometry": {"type": "LineString", "coordinates": [[-54.8781353, -27.0888603], [-54.8777458, -27.0893998], [-54.8773669, -27.0899345], [-54.8769799, -27.0904703], [-54.876802, -27.0907209], [-54.8767641, -27.0908119]]}}, {"type": "Feature", "properties": {"capa": "calles", "nombre": "Intendente Fermin Américo Prette", "osm_id": "123810780"}, "geometry": {"type": "LineString", "coordinates": [[-54.8773669, -27.0899345], [-54.8760602, -27.089167]]}}, {"type": "Feature", "properties": {"capa": "calles", "nombre": null, "osm_id": "123810782"}, "geometry": {"type": "LineString", "coordinates": [[-54.8851999, -27.0939788], [-54.8853065, -27.0942402], [-54.8854645, -27.0946278]]}}, {"type": "Feature", "properties": {"capa": "calles", "nombre": null, "osm_id": "123810783"}, "geometry": {"type": "LineString", "coordinates": [[-54.8741148, -27.0878483], [-54.8743099, -27.0879484], [-54.8744923, -27.088106], [-54.8746908, -27.0882397], [-54.8748838, -27.088307], [-54.8749697, -27.088326], [-54.8751414, -27.0883639], [-54.8756736, -27.0884269], [-54.8758318, -27.0884628], [-54.8759782, -27.0885406], [-54.8761295, -27.0887412], [-54.8761574, -27.0888424], [-54.8761644, -27.0889273], [-54.8760602, -27.089167], [-54.8757257, -27.0896135]]}}, {"type": "Feature", "properties": {"capa": "calles", "nombre": "Intendente Juan Alvarez Viana", "osm_id": "123810790"}, "geometry": {"type": "LineString", "coordinates": [[-54.8799835, -27.091365], [-54.8786315, -27.0905639]]}}, {"type": "Feature", "properties": {"capa": "calles", "nombre": "Intendente Ricardo Losada", "osm_id": "123810791"}, "geometry": {"type": "LineString", "coordinates": [[-54.8802703, -27.0909505], [-54.8795987, -27.0905259], [-54.8789894, -27.0901798], [-54.8789132, -27.0901179]]}}, {"type": "Feature", "properties": {"capa": "calles", "nombre": null, "osm_id": "123810793"}, "geometry": {"type": "LineString", "coordinates": [[-54.8702466, -27.0889785], [-54.8705265, -27.0878338], [-54.8705916, -27.0874452], [-54.8707573, -27.0866376], [-54.8708201, -27.0863316], [-54.8709913, -27.0854387], [-54.8711696, -27.0846972], [-54.8713125, -27.0839883], [-54.8713427, -27.0838386], [-54.8714651, -27.0833171], [-54.8716504, -27.082356], [-54.8719243, -27.0811247], [-54.8719531, -27.0810665], [-54.8720406, -27.0810135], [-54.8721362, -27.0810104], [-54.8743601, -27.0814011], [-54.8744805, -27.0813956]]}}, {"type": "Feature", "properties": {"capa": "calles", "nombre": "Intendente Joaquín Rietz", "osm_id": "123810797"}, "geometry": {"type": "LineString", "coordinates": [[-54.8804822, -27.0893176], [-54.8795987, -27.0905259]]}}, {"type": "Feature", "properties": {"capa": "calles", "nombre": null, "osm_id": "124875222"}, "geometry": {"type": "LineString", "coordinates": [[-54.8667423, -27.0927656], [-54.8668477, -27.0925768], [-54.866871, -27.0924471], [-54.866853, -27.0920467], [-54.8668955, -27.0918527], [-54.8669753, -27.0916918], [-54.8672358, -27.0912327], [-54.8675228, -27.0906647], [-54.8679216, -27.0899737], [-54.8685064, -27.0889797], [-54.8688479, -27.0882022]]}}, {"type": "Feature", "properties": {"capa": "calles", "nombre": null, "osm_id": "124875223"}, "geometry": {"type": "LineString", "coordinates": [[-54.8687227, -27.0880647], [-54.8688565, -27.0879244], [-54.8689203, -27.0877682], [-54.8690692, -27.0876451], [-54.869805, -27.0869745], [-54.8698968, -27.0869957], [-54.8705916, -27.0874452], [-54.8707407, -27.0874198], [-54.8710809, -27.0874622], [-54.8721289, -27.0876742], [-54.872282, -27.0877318], [-54.8723917, -27.0877619], [-54.8724823, -27.0877619], [-54.8725661, -27.0877577], [-54.8727246, -27.0877799], [-54.873381, -27.0879863], [-54.8735034, -27.0880256], [-54.8736395, -27.0880499], [-54.8737416, -27.0880317], [-54.8739412, -27.087961], [-54.8741148, -27.0878483], [-54.8742112, -27.0877591], [-54.874303, -27.0875531], [-54.8744051, -27.0873077], [-54.8747162, -27.0862592], [-54.8746989, -27.0861726], [-54.8746556, -27.0861179], [-54.8744819, -27.0860432], [-54.8740369, -27.0859456], [-54.8738282, -27.0865888]]}}, {"type": "Feature", "properties": {"capa": "calles", "nombre": null, "osm_id": "124875234"}, "geometry": {"type": "LineString", "coordinates": [[-54.8741146, -27.0908974], [-54.8737452, -27.0913424], [-54.873458, -27.0917145], [-54.8732095, -27.0920364], [-54.8728217, -27.0925088], [-54.8719828, -27.0935306], [-54.8717178, -27.0938843], [-54.8716587, -27.0939632], [-54.8715311, -27.0941175], [-54.8712546, -27.0944872], [-54.8712039, -27.0945474], [-54.8710762, -27.0947049], [-54.8710351, -27.0948311], [-54.8710096, -27.0949863], [-54.8710351, -27.095134], [-54.8711244, -27.0952778], [-54.8713158, -27.0953952], [-54.8713469, -27.0954412], [-54.8713626, -27.0955088], [-54.87133, -27.095614]]}}, {"type": "Feature", "properties": {"capa": "calles", "nombre": null, "osm_id": "132694945"}, "geometry": {"type": "LineString", "coordinates": [[-54.8752201, -27.1305221], [-54.8753323, -27.1301892], [-54.8754024, -27.1298812], [-54.8754726, -27.1297356], [-54.8757204, -27.1293652], [-54.8761524, -27.1286474], [-54.8763562, -27.1283975], [-54.8768239, -27.1278694], [-54.8769515, -27.1277427], [-54.877064, -27.1276254], [-54.877195, -27.1274276], [-54.8773886, -27.1271077], [-54.8775505, -27.1269114], [-54.8776977, -27.1266724], [-54.8778631, -27.126502], [-54.8779576, -27.1263956], [-54.8781116, -27.1263017], [-54.8782481, -27.1261462], [-54.8785976, -27.1257072], [-54.8787221, -27.1255283], [-54.8788753, -27.1253642], [-54.8790358, -27.1251405], [-54.8793829, -27.1246802], [-54.8795816, -27.124384], [-54.8797516, -27.124156], [-54.8800556, -27.1237682], [-54.8802103, -27.1235677], [-54.8802496, -27.1235168], [-54.8803358, -27.1233953], [-54.8804603, -27.1232803], [-54.8805297, -27.1231609], [-54.8807332, -27.1229052], [-54.8814538, -27.121974], [-54.8817866, -27.1215394], [-54.8820784, -27.1210707], [-54.8822093, -27.1209094], [-54.8823367, -27.1208144], [-54.8824263, -27.1207127], [-54.8825516, -27.1205255], [-54.882642, -27.1203841], [-54.8827465, -27.1202893], [-54.8828569, -27.1201318], [-54.8829647, -27.1199341], [-54.8830641, -27.1197366], [-54.8832443, -27.1194629], [-54.8840238, -27.1184806], [-54.8847472, -27.1175115], [-54.8860095, -27.1159263], [-54.8869912, -27.114627], [-54.8883087, -27.1129535], [-54.8888701, -27.1122403], [-54.8892971, -27.1116376], [-54.8896915, -27.111114], [-54.8901624, -27.1105013], [-54.8904488, -27.110108], [-54.890652, -27.1098788], [-54.8907062, -27.109806], [-54.8909965, -27.1094067], [-54.891099, -27.1092881], [-54.8917836, -27.1084168]]}}, {"type": "Feature", "properties": {"capa": "calles", "nombre": null, "osm_id": "132696046"}, "geometry": {"type": "LineString", "coordinates": [[-54.9001233, -27.1034975], [-54.9003374, -27.1035884], [-54.9005225, -27.10366], [-54.9006323, -27.1036516], [-54.9007482, -27.1036145], [-54.9008431, -27.1035645], [-54.901451, -27.1029241], [-54.9016081, -27.1028358], [-54.9017596, -27.1028]]}}, {"type": "Feature", "properties": {"capa": "calles", "nombre": "Colectora Alfredo Sapper", "osm_id": "132696047"}, "geometry": {"type": "LineString", "coordinates": [[-54.8963287, -27.105113], [-54.8959109, -27.1048447], [-54.895362, -27.1045779], [-54.8951231, -27.1044649], [-54.8949289, -27.1043923], [-54.8940922, -27.1040221], [-54.8938618, -27.103943], [-54.8935681, -27.1038279], [-54.8932756, -27.1037606], [-54.8930661, -27.1036893], [-54.8929049, -27.1036532]]}}, {"type": "Feature", "properties": {"capa": "calles", "nombre": "Colectora Alfredo Sapper", "osm_id": "132696048"}, "geometry": {"type": "LineString", "coordinates": [[-54.8929049, -27.1036532], [-54.8918746, -27.1032881], [-54.8917727, -27.1032212], [-54.8916884, -27.1031493], [-54.8916278, -27.1030478], [-54.8914688, -27.1025897], [-54.8914496, -27.1024668], [-54.8914572, -27.1020228], [-54.8913879, -27.1019127]]}}, {"type": "Feature", "properties": {"capa": "calles", "nombre": "Benjamín Fontana", "osm_id": "132696049"}, "geometry": {"type": "LineString", "coordinates": [[-54.8924393, -27.1013533], [-54.8916235, -27.1020296]]}}, {"type": "Feature", "properties": {"capa": "calles", "nombre": "Paraiso", "osm_id": "132696050"}, "geometry": {"type": "LineString", "coordinates": [[-54.8959235, -27.0893454], [-54.8967932, -27.0886033], [-54.8973667, -27.0880979]]}}, {"type": "Feature", "properties": {"capa": "calles", "nombre": "Tomás de Rocamora", "osm_id": "132696051"}, "geometry": {"type": "LineString", "coordinates": [[-54.8933398, -27.1019271], [-54.8922309, -27.1028451]]}}, {"type": "Feature", "properties": {"capa": "calles", "nombre": "Intendente Sergio Martínez", "osm_id": "132696052"}, "geometry": {"type": "LineString", "coordinates": [[-54.8961238, -27.0987261], [-54.8952002, -27.0981303]]}}, {"type": "Feature", "properties": {"capa": "calles", "nombre": "Las Carobas", "osm_id": "132696053"}, "geometry": {"type": "LineString", "coordinates": [[-54.8990252, -27.1034867], [-54.8991612, -27.1034032], [-54.8992699, -27.1033471], [-54.8993471, -27.1033096], [-54.8994277, -27.1032534], [-54.8995504, -27.1031046], [-54.899617, -27.1029725], [-54.8997225, -27.1026962], [-54.8998072, -27.1023334], [-54.900265, -27.1013206]]}}, {"type": "Feature", "properties": {"capa": "calles", "nombre": null, "osm_id": "132696054"}, "geometry": {"type": "LineString", "coordinates": [[-54.8972714, -27.1042584], [-54.897475, -27.1044769]]}}, {"type": "Feature", "properties": {"capa": "calles", "nombre": "Fray mamerto Esquiú", "osm_id": "132696055"}, "geometry": {"type": "LineString", "coordinates": [[-54.8937574, -27.102235], [-54.8925971, -27.1031838]]}}, {"type": "Feature", "properties": {"capa": "calles", "nombre": "Constitución Nacional", "osm_id": "132696056"}, "geometry": {"type": "LineString", "coordinates": [[-54.8928842, -27.1016317], [-54.8918898, -27.1024794]]}}, {"type": "Feature", "properties": {"capa": "calles", "nombre": "Avellaneda", "osm_id": "132696057"}, "geometry": {"type": "LineString", "coordinates": [[-54.8994801, -27.1039298], [-54.8990252, -27.1034867], [-54.8986513, -27.1031224]]}}, {"type": "Feature", "properties": {"capa": "calles", "nombre": "El Pinar", "osm_id": "132696059"}, "geometry": {"type": "LineString", "coordinates": [[-54.901451, -27.1029241], [-54.9012243, -27.1027965], [-54.9005078, -27.1025554], [-54.8998072, -27.1023334], [-54.8991388, -27.1021071]]}}, {"type": "Feature", "properties": {"capa": "calles", "nombre": null, "osm_id": "132696060"}, "geometry": {"type": "LineString", "coordinates": [[-54.8956021, -27.1035319], [-54.8949289, -27.1043923]]}}, {"type": "Feature", "properties": {"capa": "calles", "nombre": "Roque Pérez", "osm_id": "132696061"}, "geometry": {"type": "LineString", "coordinates": [[-54.8918898, -27.1024794], [-54.8922309, -27.1028451], [-54.8924993, -27.1031328], [-54.8925971, -27.1031838]]}}, {"type": "Feature", "properties": {"capa": "rutas", "nombre": "Avenida de Las Américas", "osm_id": "132696062"}, "geometry": {"type": "LineString", "coordinates": [[-54.8931813, -27.0959508], [-54.8930599, -27.0960114], [-54.892935, -27.0960456], [-54.8926609, -27.0960745], [-54.8924626, -27.0960634], [-54.892215, -27.0960329], [-54.8920209, -27.0959443], [-54.8918055, -27.0957864], [-54.8912587, -27.0953364], [-54.8908857, -27.0949829], [-54.8907857, -27.0949078], [-54.8906748, -27.0948522], [-54.8899374, -27.0945621], [-54.8896022, -27.0944787], [-54.8895704, -27.0944675], [-54.8888428, -27.0942799], [-54.8886787, -27.0942376], [-54.8880769, -27.0940523], [-54.8879362, -27.0940218], [-54.8877762, -27.0940125], [-54.8876219, -27.0940113], [-54.887496, -27.0940291], [-54.8871278, -27.0941062], [-54.8860353, -27.0944377], [-54.8854645, -27.0946278], [-54.8847217, -27.0948698], [-54.884553, -27.0949106], [-54.8844197, -27.0949164]]}}, {"type": "Feature", "properties": {"capa": "verde", "nombre": "Plaza Libertad", "osm_id": "132696063"}, "geometry": {"type": "Polygon", "coordinates": [[[-54.8972723, -27.0984037], [-54.8971181, -27.0992647], [-54.8961464, -27.0991823], [-54.896261, -27.0982996], [-54.8972723, -27.0984037]]]}}, {"type": "Feature", "properties": {"capa": "calles", "nombre": null, "osm_id": "132698017"}, "geometry": {"type": "LineString", "coordinates": [[-54.8671489, -27.0930051], [-54.8670486, -27.0931136], [-54.8669265, -27.0930575], [-54.8667571, -27.0929628], [-54.8666232, -27.0929067], [-54.8664656, -27.0928751], [-54.8663277, -27.0929102], [-54.8661584, -27.093089], [-54.8657841, -27.0935028], [-54.865146, -27.0942989], [-54.864823, -27.0947092], [-54.8646536, -27.0949407], [-54.86437, -27.095344], [-54.8640982, -27.095628], [-54.86372, -27.0960629], [-54.8634836, -27.0964065], [-54.863204, -27.0968835], [-54.8629361, -27.0972306], [-54.8626879, -27.0976164], [-54.8625619, -27.0977602], [-54.8621482, -27.0981705], [-54.8618095, -27.0985246], [-54.8615928, -27.0987806], [-54.8614313, -27.0989805], [-54.8611831, -27.0992716], [-54.8609665, -27.0996573], [-54.8607538, -27.100001], [-54.8606041, -27.100257], [-54.8603677, -27.1005445], [-54.8602456, -27.1007444], [-54.8601511, -27.1009759], [-54.8600487, -27.1011021], [-54.8598635, -27.101302], [-54.859379, -27.1019227], [-54.8590205, -27.102382], [-54.8588119, -27.102673], [-54.8587842, -27.1027117], [-54.8585833, -27.1029431], [-54.8584415, -27.1031289], [-54.8582484, -27.1033253], [-54.8581263, -27.1034761], [-54.85802, -27.1036655], [-54.8578979, -27.1038373], [-54.8576632, -27.1039662], [-54.8574645, -27.1039951], [-54.8572164, -27.1040863], [-54.8570588, -27.1042756], [-54.8568934, -27.1045561], [-54.856594, -27.1049664], [-54.8562946, -27.1053767], [-54.8561607, -27.1055801], [-54.8560779, -27.1057729], [-54.8560346, -27.1059482], [-54.8559479, -27.1061236], [-54.8554634, -27.1070388], [-54.855105, -27.1074736], [-54.8546913, -27.1079399], [-54.854388, -27.1082064], [-54.8542541, -27.1083747], [-54.8540256, -27.1086553], [-54.8537617, -27.1090269], [-54.8535805, -27.1093671], [-54.8533652, -27.1097522], [-54.8530564, -27.1102398], [-54.8525087, -27.110878], [-54.8520507, -27.1114098], [-54.8516623, -27.111986], [-54.851005, -27.1128546], [-54.8499196, -27.1141842], [-54.8488663, -27.115374], [-54.8478836, -27.11669]]}}, {"type": "Feature", "properties": {"capa": "calles", "nombre": "Las Vertientes", "osm_id": "132699104"}, "geometry": {"type": "LineString", "coordinates": [[-54.9020511, -27.0990172], [-54.9014394, -27.0994821], [-54.9005552, -27.1001575], [-54.8996529, -27.1009016]]}}, {"type": "Feature", "properties": {"capa": "rutas", "nombre": "Ruta Nacional 14", "osm_id": "135530833"}, "geometry": {"type": "LineString", "coordinates": [[-54.8889609, -27.1026454], [-54.8891367, -27.1026634], [-54.8892831, -27.1026815], [-54.8894328, -27.1026799], [-54.8896498, -27.1026512]]}}, {"type": "Feature", "properties": {"capa": "rutas", "nombre": null, "osm_id": "135530879"}, "geometry": {"type": "LineString", "coordinates": [[-54.8892334, -27.1035743], [-54.889393, -27.1032944], [-54.8894217, -27.1032542], [-54.8894889, -27.1031161]]}}, {"type": "Feature", "properties": {"capa": "rutas", "nombre": "Ruta Nacional 14", "osm_id": "135530880"}, "geometry": {"type": "LineString", "coordinates": [[-54.8901704, -27.1028317], [-54.8903291, -27.1030323], [-54.8906065, -27.1031967], [-54.8909269, -27.1033713]]}}, {"type": "Feature", "properties": {"capa": "rutas", "nombre": "Ruta Nacional 14", "osm_id": "135530881"}, "geometry": {"type": "LineString", "coordinates": [[-54.8894363, -27.1029671], [-54.8893702, -27.1028854], [-54.8892631, -27.102808], [-54.8891091, -27.1027302], [-54.8889609, -27.1026454]]}}, {"type": "Feature", "properties": {"capa": "calles", "nombre": null, "osm_id": "135530883"}, "geometry": {"type": "LineString", "coordinates": [[-54.8887062, -27.1022211], [-54.8886624, -27.1022403], [-54.8886069, -27.102252], [-54.8875367, -27.101861], [-54.8860298, -27.1012971], [-54.8854209, -27.101084], [-54.8851286, -27.100978], [-54.8849422, -27.1008883]]}}, {"type": "Feature", "properties": {"capa": "calles", "nombre": "Mariano Moreno", "osm_id": "135531344"}, "geometry": {"type": "LineString", "coordinates": [[-54.8961125, -27.0967068], [-54.8956818, -27.0972281], [-54.895604, -27.0973115]]}}, {"type": "Feature", "properties": {"capa": "calles", "nombre": "Corrientes", "osm_id": "193280119"}, "geometry": {"type": "LineString", "coordinates": [[-54.8858197, -27.1080841], [-54.8852801, -27.1087367], [-54.8846274, -27.1096049], [-54.8837917, -27.1106863], [-54.8825791, -27.1122937]]}}, {"type": "Feature", "properties": {"capa": "calles", "nombre": null, "osm_id": "193280120"}, "geometry": {"type": "LineString", "coordinates": [[-54.9020138, -27.1122157], [-54.9023863, -27.1123589], [-54.9027197, -27.1125073], [-54.9028424, -27.1127428], [-54.9026492, -27.1129565], [-54.9025631, -27.1132162]]}}, {"type": "Feature", "properties": {"capa": "calles", "nombre": "López y Planes", "osm_id": "193280121"}, "geometry": {"type": "LineString", "coordinates": [[-54.88562, -27.101863], [-54.8848119, -27.1028585], [-54.8846029, -27.1031335], [-54.8841284, -27.1037527]]}}, {"type": "Feature", "properties": {"capa": "calles", "nombre": null, "osm_id": "199787555"}, "geometry": {"type": "LineString", "coordinates": [[-54.895985, -27.1277611], [-54.8956449, -27.1275279], [-54.8947472, -27.1269327], [-54.8933201, -27.1260695], [-54.8923206, -27.1254377], [-54.8915469, -27.1249704], [-54.8905322, -27.1243052], [-54.889448, -27.123617], [-54.8890418, -27.1234351], [-54.8886654, -27.1232147], [-54.8883151, -27.1230058], [-54.8879829, -27.1227341], [-54.8876732, -27.1225104], [-54.8872917, -27.1222827], [-54.8864523, -27.1217833], [-54.8859169, -27.1214496], [-54.8854963, -27.121248], [-54.8852225, -27.1210842], [-54.885016, -27.1209404], [-54.8846749, -27.1208445], [-54.8843876, -27.1207646], [-54.8840959, -27.1206687], [-54.8837817, -27.1203451], [-54.8836021, -27.1201454], [-54.8834405, -27.1198777], [-54.8832443, -27.1194629]]}}, {"type": "Feature", "properties": {"capa": "calles", "nombre": "Arnoldo Jhanssen", "osm_id": "216251775"}, "geometry": {"type": "LineString", "coordinates": [[-54.8959164, -27.111024], [-54.8955808, -27.1114723], [-54.8952913, -27.1118219], [-54.8951546, -27.111987], [-54.894822, -27.1124308], [-54.8947233, -27.1125625], [-54.8943948, -27.1130009], [-54.8941799, -27.1132877], [-54.894047, -27.1134402], [-54.8936973, -27.1138925], [-54.893609, -27.1140138], [-54.893351, -27.1143683], [-54.8930141, -27.1148414]]}}, {"type": "Feature", "properties": {"capa": "calles", "nombre": null, "osm_id": "216251778"}, "geometry": {"type": "LineString", "coordinates": [[-54.9009161, -27.1117792], [-54.900416, -27.111957], [-54.9002908, -27.1120586], [-54.8992798, -27.113075]]}}, {"type": "Feature", "properties": {"capa": "calles", "nombre": null, "osm_id": "216251779"}, "geometry": {"type": "LineString", "coordinates": [[-54.8994592, -27.1147244], [-54.9002266, -27.1151743]]}}, {"type": "Feature", "properties": {"capa": "calles", "nombre": null, "osm_id": "216251780"}, "geometry": {"type": "LineString", "coordinates": [[-54.9023863, -27.1123589], [-54.9024362, -27.1124271], [-54.9025533, -27.1127178], [-54.9026492, -27.1129565], [-54.9027166, -27.1131566], [-54.9031726, -27.1136338], [-54.9032373, -27.1137462], [-54.9032959, -27.1139519], [-54.9033051, -27.1140479], [-54.9034807, -27.1143578], [-54.9035905, -27.1145427], [-54.9035855, -27.1146458], [-54.9035331, -27.1148021], [-54.9034278, -27.1148846], [-54.9032457, -27.1149478], [-54.9031293, -27.1150604], [-54.9030663, -27.1149036], [-54.9028196, -27.114684], [-54.9025434, -27.1143037], [-54.9020757, -27.1134777], [-54.9019387, -27.1132637], [-54.9018044, -27.1130259], [-54.9017624, -27.1128068], [-54.9017694, -27.1126063], [-54.9018548, -27.1125104], [-54.9021165, -27.1124188]]}}, {"type": "Feature", "properties": {"capa": "calles", "nombre": "Italia", "osm_id": "216251782"}, "geometry": {"type": "LineString", "coordinates": [[-54.9019228, -27.1154737], [-54.9016117, -27.1146694], [-54.9013082, -27.1138889], [-54.9008074, -27.1128464]]}}, {"type": "Feature", "properties": {"capa": "calles", "nombre": "Islas Malvinas", "osm_id": "216251783"}, "geometry": {"type": "LineString", "coordinates": [[-54.9002331, -27.1136301], [-54.8992798, -27.113075], [-54.8991816, -27.1130179], [-54.8991533, -27.1130014], [-54.8986414, -27.1126572], [-54.8977109, -27.1121703], [-54.8967843, -27.1115784], [-54.8959164, -27.111024], [-54.8942759, -27.1100803], [-54.8933734, -27.1094015], [-54.8921456, -27.1086281], [-54.8917836, -27.1084168]]}}, {"type": "Feature", "properties": {"capa": "calles", "nombre": null, "osm_id": "216253786"}, "geometry": {"type": "LineString", "coordinates": [[-54.8977109, -27.1121703], [-54.8979662, -27.1120695], [-54.898537, -27.1116827], [-54.8996103, -27.1109508], [-54.9000321, -27.1106632], [-54.9002052, -27.1104993], [-54.9002231, -27.110467], [-54.9003235, -27.1102852], [-54.9003858, -27.1101913], [-54.9005019, -27.1099691], [-54.9005222, -27.1099416], [-54.900574, -27.1098714], [-54.9006892, -27.1097737]]}}, {"type": "Feature", "properties": {"capa": "calles", "nombre": "Guillermina Martín", "osm_id": "216253787"}, "geometry": {"type": "LineString", "coordinates": [[-54.893351, -27.1143683], [-54.8918079, -27.1134064]]}}, {"type": "Feature", "properties": {"capa": "calles", "nombre": "Cristo Redentor", "osm_id": "216253788"}, "geometry": {"type": "LineString", "coordinates": [[-54.8951546, -27.111987], [-54.8937247, -27.1111277]]}}, {"type": "Feature", "properties": {"capa": "calles", "nombre": "Antillas Del Sur", "osm_id": "216253791"}, "geometry": {"type": "LineString", "coordinates": [[-54.8942759, -27.1100803], [-54.8940247, -27.110587], [-54.8937247, -27.1111277]]}}, {"type": "Feature", "properties": {"capa": "calles", "nombre": "Esperanza", "osm_id": "216253793"}, "geometry": {"type": "LineString", "coordinates": [[-54.8936973, -27.1138925], [-54.8928193, -27.1133352], [-54.8921761, -27.112948]]}}, {"type": "Feature", "properties": {"capa": "calles", "nombre": "Isla Soledad", "osm_id": "216253794"}, "geometry": {"type": "LineString", "coordinates": [[-54.8955808, -27.1114723], [-54.8940247, -27.110587], [-54.8931409, -27.1100302]]}}, {"type": "Feature", "properties": {"capa": "calles", "nombre": null, "osm_id": "216253795"}, "geometry": {"type": "LineString", "coordinates": [[-54.9005222, -27.1099416], [-54.9003595, -27.1099383], [-54.9002443, -27.1099025], [-54.9000565, -27.1097845], [-54.8998703, -27.1095829], [-54.8997411, -27.1092941], [-54.8997078, -27.1091309], [-54.8996712, -27.1090021], [-54.8995745, -27.1088491], [-54.8994545, -27.1086681], [-54.8993845, -27.1084723], [-54.8990479, -27.1080065], [-54.8986704, -27.1075276], [-54.8983682, -27.107089], [-54.8983213, -27.1069334], [-54.8983213, -27.1068384], [-54.8983597, -27.1067435], [-54.8984951, -27.106593]]}}, {"type": "Feature", "properties": {"capa": "calles", "nombre": "Alemania", "osm_id": "216254089"}, "geometry": {"type": "LineString", "coordinates": [[-54.9025434, -27.1143037], [-54.9016117, -27.1146694]]}}, {"type": "Feature", "properties": {"capa": "calles", "nombre": "Suiza", "osm_id": "216254090"}, "geometry": {"type": "LineString", "coordinates": [[-54.9031293, -27.1150604], [-54.9030276, -27.1151861], [-54.9029568, -27.115246], [-54.9019228, -27.1154737], [-54.9011689, -27.1156654], [-54.9009997, -27.1156545]]}}, {"type": "Feature", "properties": {"capa": "calles", "nombre": null, "osm_id": "216254092"}, "geometry": {"type": "LineString", "coordinates": [[-54.9031293, -27.1150604], [-54.9031213, -27.1152094], [-54.9030702, -27.1153583], [-54.9029188, -27.1155247], [-54.9027146, -27.1156769], [-54.9024051, -27.1160162]]}}, {"type": "Feature", "properties": {"capa": "verde", "nombre": null, "osm_id": "216254711"}, "geometry": {"type": "Polygon", "coordinates": [[[-54.9080736, -27.1211613], [-54.9055165, -27.1216573], [-54.9047509, -27.1186026], [-54.9055321, -27.1182734], [-54.9056207, -27.1182873], [-54.9060946, -27.1181529], [-54.9062925, -27.1186953], [-54.9064592, -27.1186999], [-54.9065529, -27.1186165], [-54.9069175, -27.1185284], [-54.9070164, -27.1186814], [-54.9075268, -27.1205077], [-54.9079226, -27.1204799], [-54.9080736, -27.1211613]]]}}, {"type": "Feature", "properties": {"capa": "edificios", "nombre": null, "osm_id": "216254716"}, "geometry": {"type": "Polygon", "coordinates": [[[-54.9053398, -27.1167265], [-54.9053136, -27.1166803], [-54.9051553, -27.1167115], [-54.9051536, -27.1167545], [-54.9049236, -27.116796], [-54.904928, -27.1167806], [-54.9048346, -27.1167913], [-54.9047436, -27.1164495], [-54.9046846, -27.1164561], [-54.9046699, -27.1163873], [-54.9047325, -27.1163774], [-54.9046957, -27.1162463], [-54.9050934, -27.1161775], [-54.9051603, -27.1163792], [-54.9054772, -27.116331], [-54.9055395, -27.1166709], [-54.9053398, -27.1167265]]]}}, {"type": "Feature", "properties": {"capa": "edificios", "nombre": null, "osm_id": "216254718"}, "geometry": {"type": "Polygon", "coordinates": [[[-54.902571, -27.1164631], [-54.9020761, -27.1161349], [-54.9019662, -27.1162661], [-54.9022073, -27.1164259], [-54.9020915, -27.1165642], [-54.9023454, -27.1167326], [-54.902571, -27.1164631]]]}}, {"type": "Feature", "properties": {"capa": "calles", "nombre": null, "osm_id": "216256694"}, "geometry": {"type": "LineString", "coordinates": [[-54.8488663, -27.115374], [-54.8501265, -27.1161001], [-54.8509588, -27.1166049], [-54.8524392, -27.1175227], [-54.8528664, -27.1178177], [-54.8534556, -27.1181651], [-54.8563796, -27.1198958], [-54.8568215, -27.1202432], [-54.8571382, -27.1204137], [-54.8573223, -27.1204661], [-54.8575875, -27.1204202], [-54.8578452, -27.1200072], [-54.8593919, -27.1179554], [-54.8598486, -27.1172736], [-54.8603, -27.1167809], [-54.8606293, -27.1164214], [-54.8610565, -27.1158903], [-54.8615868, -27.1151037], [-54.8624559, -27.1140154], [-54.8626155, -27.1138147], [-54.8630451, -27.1132746], [-54.8641719, -27.1117733], [-54.8649379, -27.1108227], [-54.8654756, -27.1100491], [-54.8660938, -27.109245]]}}, {"type": "Feature", "properties": {"capa": "verde", "nombre": null, "osm_id": "224152678"}, "geometry": {"type": "Polygon", "coordinates": [[[-54.8833744, -27.092445], [-54.8834044, -27.0923232], [-54.8835326, -27.0922166], [-54.8836524, -27.0920758], [-54.8837763, -27.0919007], [-54.8837849, -27.0918094], [-54.8836908, -27.0917485], [-54.8834728, -27.0916837], [-54.8832462, -27.0916799], [-54.8831992, -27.0915619], [-54.8830239, -27.0914592], [-54.8828571, -27.0914097], [-54.8826476, -27.0913107], [-54.8824894, -27.0913031], [-54.8822799, -27.091227], [-54.8821731, -27.0911166], [-54.8819721, -27.0911128], [-54.8817583, -27.09101], [-54.8815873, -27.0909415], [-54.8815232, -27.0908235], [-54.8813864, -27.0907588], [-54.8811641, -27.0907169], [-54.8810102, -27.0907131], [-54.8808349, -27.0904848], [-54.8807202, -27.0904235], [-54.8795954, -27.092028], [-54.8799631, -27.0921536], [-54.8801768, -27.0922412], [-54.8800956, -27.0924429], [-54.8801341, -27.0925952], [-54.8811944, -27.0927866], [-54.8825804, -27.0930191], [-54.8829068, -27.0930291], [-54.883268, -27.0927969], [-54.8833492, -27.0925229], [-54.8833744, -27.092445]]]}}, {"type": "Feature", "properties": {"capa": "calles", "nombre": null, "osm_id": "224152679"}, "geometry": {"type": "LineString", "coordinates": [[-54.9014987, -27.0858546], [-54.9015201, -27.0860644], [-54.9016201, -27.0865366], [-54.9016523, -27.0867004], [-54.901563, -27.0870725], [-54.9015942, -27.0874161], [-54.9015983, -27.0875291], [-54.9016284, -27.0875798], [-54.9018257, -27.0877752], [-54.9019704, -27.0879185], [-54.902076, -27.0880592], [-54.9021686, -27.0882022], [-54.9023894, -27.0885428], [-54.9026331, -27.0887788], [-54.9027745, -27.0889086], [-54.9029409, -27.0889995], [-54.903013, -27.0890297], [-54.9031901, -27.089104], [-54.9036218, -27.0892179], [-54.9036953, -27.0892567], [-54.903724, -27.0893127], [-54.9037404, -27.0893688], [-54.9037446, -27.0907414]]}}, {"type": "Feature", "properties": {"capa": "calles", "nombre": "Los Cedros", "osm_id": "224152680"}, "geometry": {"type": "LineString", "coordinates": [[-54.9010449, -27.0895469], [-54.9007694, -27.0892346], [-54.9002205, -27.0887278], [-54.9000192, -27.0885552], [-54.8999819, -27.088443], [-54.8999451, -27.0881078], [-54.8997543, -27.0875778], [-54.8998128, -27.087377], [-54.9000596, -27.0869261], [-54.9001279, -27.086771], [-54.9001816, -27.0863192], [-54.9003147, -27.0860205], [-54.9003735, -27.0859], [-54.9004675, -27.0856531], [-54.9006171, -27.0854499], [-54.9007867, -27.0852957], [-54.9008809, -27.0851716], [-54.9009562, -27.0850374], [-54.9010542, -27.0846684], [-54.9010617, -27.0845477], [-54.9010617, -27.0844975], [-54.9010617, -27.0843934], [-54.9009336, -27.0838668]]}}, {"type": "Feature", "properties": {"capa": "verde", "nombre": null, "osm_id": "224155556"}, "geometry": {"type": "Polygon", "coordinates": [[[-54.8813421, -27.1020772], [-54.8812435, -27.1020214], [-54.8806965, -27.1017119], [-54.8805426, -27.1016719], [-54.8800008, -27.102328], [-54.8799013, -27.1023018], [-54.8797507, -27.1024187], [-54.8791296, -27.1029012], [-54.8791061, -27.1029945], [-54.8789479, -27.1030515], [-54.8787213, -27.1031981], [-54.8787491, -27.1035577], [-54.8789329, -27.1034017], [-54.8789457, -27.1033065], [-54.8796918, -27.1026995], [-54.8798821, -27.1029202], [-54.8796704, -27.1030877], [-54.8800435, -27.1034299], [-54.8802348, -27.1036053], [-54.8805854, -27.1033351], [-54.8807222, -27.1034835], [-54.8810471, -27.1032666], [-54.8810172, -27.103219], [-54.8806615, -27.1030171], [-54.8813421, -27.1020772]]]}}, {"type": "Feature", "properties": {"capa": "verde", "nombre": null, "osm_id": "224155557"}, "geometry": {"type": "Polygon", "coordinates": [[[-54.8852678, -27.1070999], [-54.8844999, -27.1064944], [-54.8838299, -27.1061474], [-54.8834055, -27.1063733], [-54.8834902, -27.1064406], [-54.8836927, -27.1064002], [-54.8837078, -27.1064675], [-54.8835718, -27.1065536], [-54.8834176, -27.1067124], [-54.8833148, -27.1068173], [-54.8834025, -27.1068954], [-54.8830367, -27.1072587], [-54.88268, -27.1075897], [-54.8829551, -27.1077834], [-54.8831334, -27.1075493], [-54.8832937, -27.1075601], [-54.8834358, -27.1074578], [-54.8842309, -27.1081091], [-54.8845967, -27.1078749], [-54.8851257, -27.1073152], [-54.8852678, -27.1070999]]]}}, {"type": "Feature", "properties": {"capa": "verde", "nombre": null, "osm_id": "224155833"}, "geometry": {"type": "Polygon", "coordinates": [[[-54.8855459, -27.1164032], [-54.8846843, -27.1159243], [-54.8845392, -27.1161449], [-54.8836625, -27.1156014], [-54.8837411, -27.1154238], [-54.8836504, -27.1153188], [-54.8838801, -27.1150013], [-54.8823595, -27.1140326], [-54.8824985, -27.1138227], [-54.8840404, -27.1148022], [-54.8858845, -27.115935], [-54.8855459, -27.1164032]]]}}, {"type": "Feature", "properties": {"capa": "verde", "nombre": null, "osm_id": "224155834"}, "geometry": {"type": "Polygon", "coordinates": [[[-54.8787491, -27.1035577], [-54.8786885, -27.1037245], [-54.8797233, -27.104329], [-54.8800445, -27.1039184], [-54.8799682, -27.1037946], [-54.8798368, -27.1035927], [-54.8800435, -27.1034299], [-54.8796704, -27.1030877], [-54.8796136, -27.1028956], [-54.8789457, -27.1033065], [-54.8789329, -27.1034017], [-54.8787491, -27.1035577]]]}}, {"type": "Feature", "properties": {"capa": "verde", "nombre": null, "osm_id": "224155835"}, "geometry": {"type": "Polygon", "coordinates": [[[-54.8852743, -27.1117314], [-54.8851866, -27.1119413], [-54.8848359, -27.1123181], [-54.8846273, -27.1121593], [-54.8845457, -27.1122992], [-54.8847331, -27.1123961], [-54.8845215, -27.1126544], [-54.8845215, -27.1127809], [-54.8840983, -27.1132841], [-54.8840257, -27.1133003], [-54.8832578, -27.1127675], [-54.8837053, -27.1121889], [-54.8836025, -27.1121324], [-54.883152, -27.1127217], [-54.8825897, -27.1123262], [-54.8832034, -27.111535], [-54.8834906, -27.1117126], [-54.883672, -27.1117906], [-54.8838111, -27.111831], [-54.8840529, -27.1114731], [-54.8841315, -27.1114085], [-54.8841376, -27.1113117], [-54.8842585, -27.1112094], [-54.8845094, -27.1111717], [-54.8852743, -27.1117314]]]}}, {"type": "Feature", "properties": {"capa": "verde", "nombre": null, "osm_id": "224155836"}, "geometry": {"type": "Polygon", "coordinates": [[[-54.8855459, -27.1164032], [-54.8852406, -27.1168096], [-54.884382, -27.1162848], [-54.8835294, -27.115779], [-54.8836625, -27.1156014], [-54.8845392, -27.1161449], [-54.8846843, -27.1159243], [-54.8855459, -27.1164032]]]}}, {"type": "Feature", "properties": {"capa": "calles", "nombre": null, "osm_id": "224841728"}, "geometry": {"type": "LineString", "coordinates": [[-54.871849, -27.0958826], [-54.8717158, -27.0959143], [-54.8715589, -27.0958924], [-54.8713211, -27.0957593], [-54.870777, -27.0954669], [-54.8700073, -27.0950283], [-54.8694215, -27.094677], [-54.8688627, -27.094365], [-54.8687117, -27.0942574], [-54.8686421, -27.0942078], [-54.8684068, -27.0940507], [-54.8680146, -27.09373], [-54.8677866, -27.0935423], [-54.8674484, -27.093335], [-54.8670486, -27.0931136]]}}, {"type": "Feature", "properties": {"capa": "calles", "nombre": null, "osm_id": "224841729"}, "geometry": {"type": "LineString", "coordinates": [[-54.870777, -27.0954669], [-54.8706471, -27.0955368], [-54.8702966, -27.0959383], [-54.8699571, -27.0963886], [-54.8695563, -27.0969202], [-54.8692744, -27.0972322]]}}, {"type": "Feature", "properties": {"capa": "rutas", "nombre": "Ruta Nacional 14", "osm_id": "241424015"}, "geometry": {"type": "LineString", "coordinates": [[-54.8834434, -27.100659], [-54.8827518, -27.1004561], [-54.8823845, -27.1003456], [-54.8816479, -27.1001321], [-54.8812339, -27.10001]]}}, {"type": "Feature", "properties": {"capa": "rutas", "nombre": "Ruta Nacional 14", "osm_id": "241424016"}, "geometry": {"type": "LineString", "coordinates": [[-54.8834434, -27.100659], [-54.8836864, -27.1007275], [-54.884412, -27.1009322], [-54.8846558, -27.1009647]]}}, {"type": "Feature", "properties": {"capa": "rutas", "nombre": "Ruta Nacional 14", "osm_id": "241424017"}, "geometry": {"type": "LineString", "coordinates": [[-54.8851023, -27.1011456], [-54.8852313, -27.1011985], [-54.8859569, -27.1014825], [-54.886234, -27.1015926]]}}, {"type": "Feature", "properties": {"capa": "rutas", "nombre": "Ruta Nacional 14", "osm_id": "241424018"}, "geometry": {"type": "LineString", "coordinates": [[-54.8844865, -27.1013127], [-54.884207, -27.1010986], [-54.8839968, -27.1009397], [-54.883815, -27.1008328], [-54.8834434, -27.100659]]}}, {"type": "Feature", "properties": {"capa": "rutas", "nombre": "Ruta Nacional 14", "osm_id": "241424022"}, "geometry": {"type": "LineString", "coordinates": [[-54.886234, -27.1015926], [-54.8859538, -27.1015323], [-54.885716, -27.1014734], [-54.8855467, -27.1014536], [-54.8851563, -27.1014714], [-54.8849198, -27.1014981]]}}, {"type": "Feature", "properties": {"capa": "rutas", "nombre": "Ruta Nacional 14", "osm_id": "241424024"}, "geometry": {"type": "LineString", "coordinates": [[-54.8851023, -27.1011456], [-54.885116, -27.1012239], [-54.8851049, -27.1013121], [-54.885071, -27.1013844], [-54.8850411, -27.1014194], [-54.8849983, -27.1014526], [-54.8849198, -27.1014981]]}}, {"type": "Feature", "properties": {"capa": "rutas", "nombre": "Avenida República del Paraguay", "osm_id": "241424025"}, "geometry": {"type": "LineString", "coordinates": [[-54.8844257, -27.101537], [-54.8844504, -27.1014351], [-54.8844559, -27.1014141], [-54.884498, -27.1013354]]}}, {"type": "Feature", "properties": {"capa": "rutas", "nombre": "Avenida República del Paraguay", "osm_id": "241424028"}, "geometry": {"type": "LineString", "coordinates": [[-54.8848019, -27.1015039], [-54.8846998, -27.1015857], [-54.8845997, -27.1016348]]}}, {"type": "Feature", "properties": {"capa": "rutas", "nombre": "Avenida República del Paraguay", "osm_id": "241424034"}, "geometry": {"type": "LineString", "coordinates": [[-54.8842158, -27.1019907], [-54.8842618, -27.1018856], [-54.8843786, -27.1017178], [-54.8843973, -27.1016724], [-54.8844119, -27.1016052], [-54.8844257, -27.101537]]}}, {"type": "Feature", "properties": {"capa": "rutas", "nombre": "Avenida República del Paraguay", "osm_id": "241424040"}, "geometry": {"type": "LineString", "coordinates": [[-54.8845997, -27.1016348], [-54.88452, -27.1016749], [-54.8844303, -27.1017534], [-54.8843169, -27.1019094], [-54.8842158, -27.1019907]]}}, {"type": "Feature", "properties": {"capa": "calles", "nombre": "Colectora Segundo Comandante Domínguez", "osm_id": "241424046"}, "geometry": {"type": "LineString", "coordinates": [[-54.889393, -27.1032944], [-54.8889577, -27.1030272], [-54.888213, -27.1027857], [-54.886756, -27.1023136], [-54.88562, -27.101863], [-54.8848372, -27.1016796], [-54.8845997, -27.1016348], [-54.8845092, -27.1016063], [-54.8844257, -27.101537]]}}, {"type": "Feature", "properties": {"capa": "rutas", "nombre": "Ruta Nacional 14", "osm_id": "241424569"}, "geometry": {"type": "LineString", "coordinates": [[-54.8889609, -27.1026454], [-54.8871705, -27.1019363], [-54.886234, -27.1015926]]}}, {"type": "Feature", "properties": {"capa": "calles", "nombre": "San Martín", "osm_id": "241424570"}, "geometry": {"type": "LineString", "coordinates": [[-54.888213, -27.1027857], [-54.8879207, -27.1031802], [-54.8872919, -27.1039425], [-54.8870551, -27.1042563], [-54.8863884, -27.1051424], [-54.8859385, -27.1057232], [-54.8855194, -27.1063066], [-54.8851185, -27.1068845], [-54.8846994, -27.1074641]]}}, {"type": "Feature", "properties": {"capa": "calles", "nombre": "Sargento Liniers", "osm_id": "241424571"}, "geometry": {"type": "LineString", "coordinates": [[-54.8903936, -27.102489], [-54.8901094, -27.1022863]]}}, {"type": "Feature", "properties": {"capa": "rutas", "nombre": "Avenida República del Paraguay", "osm_id": "241424572"}, "geometry": {"type": "LineString", "coordinates": [[-54.8851286, -27.100978], [-54.8850858, -27.101121]]}}, {"type": "Feature", "properties": {"capa": "rutas", "nombre": "Avenida República del Paraguay", "osm_id": "241424573"}, "geometry": {"type": "LineString", "coordinates": [[-54.884735, -27.1009637], [-54.8848636, -27.1009237], [-54.8849422, -27.1008883]]}}, {"type": "Feature", "properties": {"capa": "calles", "nombre": null, "osm_id": "241424574"}, "geometry": {"type": "LineString", "coordinates": [[-54.886756, -27.1023136], [-54.8869139, -27.1020751], [-54.8866938, -27.1019992]]}}, {"type": "Feature", "properties": {"capa": "calles", "nombre": null, "osm_id": "241424575"}, "geometry": {"type": "LineString", "coordinates": [[-54.88562, -27.101863], [-54.885704, -27.1017553], [-54.8857848, -27.1017382]]}}, {"type": "Feature", "properties": {"capa": "rutas", "nombre": "Avenida República del Paraguay", "osm_id": "241424576"}, "geometry": {"type": "LineString", "coordinates": [[-54.8853754, -27.1004928], [-54.8851851, -27.1008403], [-54.8851286, -27.100978]]}}, {"type": "Feature", "properties": {"capa": "rutas", "nombre": "Avenida República del Paraguay", "osm_id": "241424577"}, "geometry": {"type": "LineString", "coordinates": [[-54.8849422, -27.1008883], [-54.8853754, -27.1004928]]}}, {"type": "Feature", "properties": {"capa": "edificios", "nombre": "Parador Turístico", "osm_id": "241425923"}, "geometry": {"type": "Polygon", "coordinates": [[[-54.8861987, -27.1019135], [-54.8863663, -27.1019809], [-54.8863213, -27.1020695], [-54.8864279, -27.1021124], [-54.886477, -27.1020156], [-54.886579, -27.1020566], [-54.8866335, -27.1019493], [-54.8864938, -27.1018932], [-54.8864499, -27.1019798], [-54.8861485, -27.1018586], [-54.8861882, -27.1017804], [-54.8860485, -27.1017242], [-54.8859941, -27.1018314], [-54.886092, -27.1018708], [-54.8860447, -27.1019641], [-54.8861513, -27.102007], [-54.8861987, -27.1019135]]]}}, {"type": "Feature", "properties": {"capa": "rutas", "nombre": "Ruta Nacional 14", "osm_id": "241426026"}, "geometry": {"type": "LineString", "coordinates": [[-54.8909269, -27.1033713], [-54.8906832, -27.1033038], [-54.8904398, -27.1032582], [-54.8902218, -27.1032401], [-54.8899633, -27.1032622]]}}, {"type": "Feature", "properties": {"capa": "rutas", "nombre": "Avenida de Las Américas", "osm_id": "241550956"}, "geometry": {"type": "LineString", "coordinates": [[-54.8953544, -27.0976358], [-54.8952853, -27.0977319], [-54.8952533, -27.0978279], [-54.8952223, -27.0979816], [-54.8952002, -27.0981303], [-54.8951439, -27.0982466], [-54.8950144, -27.0984007], [-54.8947172, -27.0987523], [-54.8946198, -27.0988334], [-54.8944492, -27.0989953], [-54.8937366, -27.099665], [-54.8935205, -27.0998681], [-54.8928718, -27.1004865], [-54.8921294, -27.1011641], [-54.8914678, -27.101832], [-54.8913879, -27.1019127], [-54.8912579, -27.1020007], [-54.8910746, -27.1021325], [-54.8907724, -27.1022909], [-54.8905429, -27.1024112], [-54.8904478, -27.102461], [-54.8903936, -27.102489], [-54.890284, -27.1025725], [-54.8901283, -27.1027568]]}}, {"type": "Feature", "properties": {"capa": "verde", "nombre": null, "osm_id": "260784485"}, "geometry": {"type": "Polygon", "coordinates": [[[-54.8783808, -27.1125801], [-54.878672, -27.112693], [-54.8786322, -27.1128477], [-54.8781995, -27.1128153], [-54.8774066, -27.1131777], [-54.8760458, -27.1129647], [-54.8762458, -27.1126786], [-54.8770447, -27.1116722], [-54.8772432, -27.111818], [-54.8774042, -27.1119288], [-54.8775753, -27.1120401], [-54.8777373, -27.1121947], [-54.8779102, -27.1122191], [-54.878077, -27.1123415], [-54.8782084, -27.1124404], [-54.8783808, -27.1125801]]]}}, {"type": "Feature", "properties": {"capa": "verde", "nombre": null, "osm_id": "260784486"}, "geometry": {"type": "Polygon", "coordinates": [[[-54.9042766, -27.1199494], [-54.9038178, -27.1181645], [-54.9036209, -27.1183905], [-54.9035685, -27.1184932], [-54.9034401, -27.1187563], [-54.9029003, -27.1184266], [-54.9028862, -27.1185524], [-54.9026458, -27.1185524], [-54.9020519, -27.1193244], [-54.9031244, -27.1200212], [-54.9035885, -27.1203228], [-54.9036497, -27.1203102], [-54.9037016, -27.1201927], [-54.90381, -27.1201592], [-54.9040362, -27.1201298], [-54.9041918, -27.1200459], [-54.9042766, -27.1199494]]]}}, {"type": "Feature", "properties": {"capa": "verde", "nombre": null, "osm_id": "260784487"}, "geometry": {"type": "Polygon", "coordinates": [[[-54.9016077, -27.1221644], [-54.9007268, -27.1211216], [-54.9006079, -27.1212507], [-54.8997439, -27.122338], [-54.9000746, -27.1225322], [-54.9016077, -27.1221644]]]}}, {"type": "Feature", "properties": {"capa": "verde", "nombre": null, "osm_id": "260784488"}, "geometry": {"type": "Polygon", "coordinates": [[[-54.897792, -27.1090753], [-54.8972586, -27.1078847], [-54.8971604, -27.1076655], [-54.8968588, -27.1076572], [-54.8955434, -27.1087571], [-54.8960002, -27.1093449], [-54.8947885, -27.110168], [-54.895228, -27.1104766], [-54.897792, -27.1090753]]]}}, {"type": "Feature", "properties": {"capa": "verde", "nombre": null, "osm_id": "260784490"}, "geometry": {"type": "Polygon", "coordinates": [[[-54.8956658, -27.1196735], [-54.8958291, -27.1198515], [-54.896482, -27.1203099], [-54.8964546, -27.1203962], [-54.8961338, -27.1209089], [-54.8961257, -27.1215156], [-54.8955925, -27.1210558], [-54.8949392, -27.1205871], [-54.8956658, -27.1196735]]]}}, {"type": "Feature", "properties": {"capa": "verde", "nombre": null, "osm_id": "260784491"}, "geometry": {"type": "Polygon", "coordinates": [[[-54.9010011, -27.1208236], [-54.9000613, -27.1202837], [-54.8984482, -27.1224076], [-54.8986882, -27.1225678], [-54.8990614, -27.1228407], [-54.8991748, -27.1230543], [-54.8997439, -27.122338], [-54.9006079, -27.1212507], [-54.9007268, -27.1211216], [-54.9010011, -27.1208236]]]}}, {"type": "Feature", "properties": {"capa": "calles", "nombre": null, "osm_id": "260784492"}, "geometry": {"type": "LineString", "coordinates": [[-54.8893943, -27.086146], [-54.8893743, -27.086084], [-54.8894853, -27.08597], [-54.8896853, -27.085751], [-54.8900333, -27.085378], [-54.8901503, -27.08535]]}}, {"type": "Feature", "properties": {"capa": "calles", "nombre": "Bolivía", "osm_id": "260784493"}, "geometry": {"type": "LineString", "coordinates": [[-54.8837933, -27.0945786], [-54.883139, -27.0954082], [-54.882448, -27.0962988], [-54.8818474, -27.0970728], [-54.8812533, -27.0978856], [-54.8802331, -27.0991503], [-54.8801802, -27.0992315], [-54.8801678, -27.0993261], [-54.8801997, -27.099444], [-54.8803022, -27.0995619], [-54.880448, -27.0996521], [-54.8805666, -27.0997541]]}}, {"type": "Feature", "properties": {"capa": "calles", "nombre": null, "osm_id": "260784494"}, "geometry": {"type": "LineString", "coordinates": [[-54.8811967, -27.0897091], [-54.8808621, -27.089541], [-54.8806327, -27.0894006], [-54.8804822, -27.0893176], [-54.879678, -27.0891616], [-54.8795647, -27.0891964]]}}, {"type": "Feature", "properties": {"capa": "calles", "nombre": null, "osm_id": "260784495"}, "geometry": {"type": "LineString", "coordinates": [[-54.8825791, -27.1122937], [-54.8820514, -27.1130166], [-54.881444, -27.1138644], [-54.8803591, -27.1152898], [-54.8802839, -27.11532], [-54.8801717, -27.1153008], [-54.8800387, -27.1152912], [-54.8797727, -27.115352], [-54.8794349, -27.1154223], [-54.8789748, -27.1155183], [-54.8787736, -27.1155855], [-54.8786984, -27.1155757], [-54.8786478, -27.1155439], [-54.8784537, -27.1153935], [-54.8783531, -27.1153488]]}}, {"type": "Feature", "properties": {"capa": "calles", "nombre": null, "osm_id": "260784496"}, "geometry": {"type": "LineString", "coordinates": [[-54.8826665, -27.1017181], [-54.8825204, -27.1014999], [-54.8824308, -27.101353], [-54.8824497, -27.1011265], [-54.8825505, -27.1009633], [-54.8826052, -27.1008747], [-54.8826695, -27.1008209], [-54.882771, -27.1008167], [-54.882913, -27.1008378], [-54.8831284, -27.1009083], [-54.8834065, -27.1010341], [-54.8835573, -27.101139], [-54.8838213, -27.1011894], [-54.8840119, -27.10125], [-54.8840972, -27.1013271], [-54.8842125, -27.1014663]]}}, {"type": "Feature", "properties": {"capa": "calles", "nombre": null, "osm_id": "260784497"}, "geometry": {"type": "LineString", "coordinates": [[-54.8896915, -27.111114], [-54.8906654, -27.1116726], [-54.891512, -27.1121367]]}}, {"type": "Feature", "properties": {"capa": "rutas", "nombre": null, "osm_id": "260784498"}, "geometry": {"type": "LineString", "coordinates": [[-54.8844197, -27.0949164], [-54.8843196, -27.0948876], [-54.8841939, -27.094823], [-54.8837933, -27.0945786], [-54.8831801, -27.0942016], [-54.8827833, -27.0939628], [-54.88255, -27.0938294], [-54.8824529, -27.0937744], [-54.8823065, -27.0937194], [-54.8820551, -27.0936561], [-54.8819375, -27.0936362], [-54.8804247, -27.0934053], [-54.8802732, -27.0933572], [-54.8801335, -27.0932883], [-54.8800299, -27.0932005], [-54.8799172, -27.0931244], [-54.8797791, -27.0930616], [-54.8796499, -27.0930302], [-54.8794871, -27.0930027], [-54.8788595, -27.0928968], [-54.8787686, -27.0928795], [-54.8786802, -27.0928628], [-54.8785988, -27.0928333], [-54.8785069, -27.0928], [-54.8783835, -27.0927215], [-54.8782894, -27.0926457], [-54.8781014, -27.0924547], [-54.8779897, -27.0923187]]}}, {"type": "Feature", "properties": {"capa": "calles", "nombre": "Avelino Gunther", "osm_id": "260784499"}, "geometry": {"type": "LineString", "coordinates": [[-54.8901076, -27.107416], [-54.8894855, -27.1081583], [-54.8889555, -27.1088175], [-54.888562, -27.1093456], [-54.8883372, -27.1096325], [-54.8878132, -27.1103088]]}}, {"type": "Feature", "properties": {"capa": "calles", "nombre": null, "osm_id": "260784500"}, "geometry": {"type": "LineString", "coordinates": [[-54.8761164, -27.1074818], [-54.875535, -27.1082332]]}}, {"type": "Feature", "properties": {"capa": "calles", "nombre": "El Yerbal", "osm_id": "260784501"}, "geometry": {"type": "LineString", "coordinates": [[-54.8906214, -27.0870037], [-54.8893314, -27.0884724]]}}, {"type": "Feature", "properties": {"capa": "calles", "nombre": null, "osm_id": "260784502"}, "geometry": {"type": "LineString", "coordinates": [[-54.8779618, -27.1069575], [-54.8769837, -27.1063574], [-54.8758858, -27.1057086], [-54.8754387, -27.1054064]]}}, {"type": "Feature", "properties": {"capa": "calles", "nombre": null, "osm_id": "260784503"}, "geometry": {"type": "LineString", "coordinates": [[-54.8758483, -27.1084147], [-54.8752408, -27.109251]]}}, {"type": "Feature", "properties": {"capa": "calles", "nombre": null, "osm_id": "260784504"}, "geometry": {"type": "LineString", "coordinates": [[-54.9015942, -27.0874161], [-54.9021147, -27.0872521]]}}, {"type": "Feature", "properties": {"capa": "calles", "nombre": null, "osm_id": "260784506"}, "geometry": {"type": "LineString", "coordinates": [[-54.8820768, -27.0930074], [-54.8819375, -27.0936362]]}}, {"type": "Feature", "properties": {"capa": "calles", "nombre": null, "osm_id": "260784507"}, "geometry": {"type": "LineString", "coordinates": [[-54.875217, -27.108049], [-54.8746112, -27.1088683]]}}, {"type": "Feature", "properties": {"capa": "calles", "nombre": null, "osm_id": "260784509"}, "geometry": {"type": "LineString", "coordinates": [[-54.8801335, -27.0932883], [-54.8802436, -27.0927451]]}}, {"type": "Feature", "properties": {"capa": "calles", "nombre": null, "osm_id": "260784511"}, "geometry": {"type": "LineString", "coordinates": [[-54.90529, -27.112407], [-54.9051008, -27.1116435]]}}, {"type": "Feature", "properties": {"capa": "calles", "nombre": "Pentecostes", "osm_id": "260784513"}, "geometry": {"type": "LineString", "coordinates": [[-54.894822, -27.1124308], [-54.8933981, -27.1115938], [-54.8925394, -27.1111585]]}}, {"type": "Feature", "properties": {"capa": "calles", "nombre": null, "osm_id": "260784515"}, "geometry": {"type": "LineString", "coordinates": [[-54.8820752, -27.1024646], [-54.8826665, -27.1017181]]}}, {"type": "Feature", "properties": {"capa": "calles", "nombre": null, "osm_id": "260784517"}, "geometry": {"type": "LineString", "coordinates": [[-54.8910734, -27.112795], [-54.890247, -27.1122281], [-54.8892971, -27.1116376]]}}, {"type": "Feature", "properties": {"capa": "calles", "nombre": null, "osm_id": "260784519"}, "geometry": {"type": "LineString", "coordinates": [[-54.8927267, -27.0884208], [-54.8934179, -27.0876011], [-54.8940142, -27.0868806]]}}, {"type": "Feature", "properties": {"capa": "calles", "nombre": "Lorenzo Meza", "osm_id": "260784521"}, "geometry": {"type": "LineString", "coordinates": [[-54.8941997, -27.0894579], [-54.894919, -27.0886278], [-54.8955989, -27.0877988], [-54.8962282, -27.0871126], [-54.8962812, -27.0870807], [-54.8963502, -27.0870872], [-54.8964334, -27.0871316], [-54.8965664, -27.0871105], [-54.896601, -27.0870845], [-54.8967332, -27.0868843], [-54.8968094, -27.0868416], [-54.8969184, -27.0868136], [-54.8972624, -27.0867704], [-54.8973307, -27.0867957], [-54.8973771, -27.08686], [-54.897377, -27.086896], [-54.8972138, -27.0870833]]}}, {"type": "Feature", "properties": {"capa": "calles", "nombre": "El Ombú", "osm_id": "260784522"}, "geometry": {"type": "LineString", "coordinates": [[-54.8992492, -27.0894684], [-54.8984503, -27.0887226]]}}, {"type": "Feature", "properties": {"capa": "calles", "nombre": null, "osm_id": "260784523"}, "geometry": {"type": "LineString", "coordinates": [[-54.8888701, -27.1122403], [-54.8896993, -27.1127772], [-54.8897738, -27.1128254], [-54.890099, -27.1130519], [-54.8903472, -27.113189], [-54.8906556, -27.1133593]]}}, {"type": "Feature", "properties": {"capa": "calles", "nombre": null, "osm_id": "260784524"}, "geometry": {"type": "LineString", "coordinates": [[-54.902019, -27.1098608], [-54.90189, -27.1095579], [-54.901403, -27.1087386]]}}, {"type": "Feature", "properties": {"capa": "calles", "nombre": null, "osm_id": "260784525"}, "geometry": {"type": "LineString", "coordinates": [[-54.8910457, -27.1111908], [-54.8906654, -27.1116726], [-54.890247, -27.1122281], [-54.8897738, -27.1128254]]}}, {"type": "Feature", "properties": {"capa": "calles", "nombre": "Yaguareté", "osm_id": "260784526"}, "geometry": {"type": "LineString", "coordinates": [[-54.9043648, -27.1090651], [-54.904814, -27.109776], [-54.904851, -27.109895]]}}, {"type": "Feature", "properties": {"capa": "calles", "nombre": "General Güemes", "osm_id": "260784527"}, "geometry": {"type": "LineString", "coordinates": [[-54.8812533, -27.0978856], [-54.8819465, -27.0983527], [-54.8828042, -27.0988755]]}}, {"type": "Feature", "properties": {"capa": "calles", "nombre": null, "osm_id": "260784528"}, "geometry": {"type": "LineString", "coordinates": [[-54.8809949, -27.1074545], [-54.880319, -27.1070367], [-54.8794064, -27.1065054], [-54.8792602, -27.1064203], [-54.8786476, -27.1060549], [-54.8776724, -27.1054667], [-54.8774692, -27.1053504], [-54.8773505, -27.1053399], [-54.8771648, -27.1053344], [-54.8768273, -27.1053454], [-54.8767035, -27.1053179], [-54.8765456, -27.1052021]]}}, {"type": "Feature", "properties": {"capa": "calles", "nombre": null, "osm_id": "260784529"}, "geometry": {"type": "LineString", "coordinates": [[-54.8791597, -27.1085379], [-54.8781399, -27.1078905], [-54.8775067, -27.107486], [-54.8765525, -27.1069403], [-54.8754966, -27.106287]]}}, {"type": "Feature", "properties": {"capa": "calles", "nombre": "San Javier", "osm_id": "260784530"}, "geometry": {"type": "LineString", "coordinates": [[-54.8901503, -27.08535], [-54.8908873, -27.0858381], [-54.8918243, -27.0864917], [-54.8925095, -27.0869675], [-54.8934179, -27.0876011], [-54.8938381, -27.0878861]]}}, {"type": "Feature", "properties": {"capa": "calles", "nombre": null, "osm_id": "260784531"}, "geometry": {"type": "LineString", "coordinates": [[-54.9012483, -27.1122862], [-54.90113, -27.1121744], [-54.9009161, -27.1117792], [-54.9002231, -27.110467]]}}, {"type": "Feature", "properties": {"capa": "calles", "nombre": "Gobernador López", "osm_id": "260784532"}, "geometry": {"type": "LineString", "coordinates": [[-54.882448, -27.0962988], [-54.8831948, -27.0967293], [-54.8844652, -27.0974982], [-54.8855111, -27.0981596], [-54.8855902, -27.0981693]]}}, {"type": "Feature", "properties": {"capa": "calles", "nombre": "Juan Da Cruz", "osm_id": "260784533"}, "geometry": {"type": "LineString", "coordinates": [[-54.8852801, -27.1087367], [-54.8861319, -27.1092513], [-54.8869752, -27.1097553], [-54.8878132, -27.1103088], [-54.8884301, -27.1107711], [-54.8884563, -27.110839], [-54.8884504, -27.1112328], [-54.8884508, -27.1113669], [-54.8885242, -27.1114801]]}}, {"type": "Feature", "properties": {"capa": "calles", "nombre": null, "osm_id": "260784534"}, "geometry": {"type": "LineString", "coordinates": [[-54.8787277, -27.1090973], [-54.8784118, -27.1088999], [-54.8776842, -27.1084742], [-54.8770398, -27.1080691], [-54.8761164, -27.1074818], [-54.875414, -27.1070673], [-54.8753847, -27.107065], [-54.875329, -27.1070816], [-54.8747726, -27.1077916]]}}, {"type": "Feature", "properties": {"capa": "calles", "nombre": null, "osm_id": "260784535"}, "geometry": {"type": "LineString", "coordinates": [[-54.9025248, -27.0861193], [-54.9018023, -27.0866495], [-54.9016523, -27.0867004], [-54.9008076, -27.0868515], [-54.9004523, -27.0868436], [-54.9001279, -27.086771]]}}, {"type": "Feature", "properties": {"capa": "calles", "nombre": null, "osm_id": "260784536"}, "geometry": {"type": "LineString", "coordinates": [[-54.9061631, -27.1121777], [-54.9064565, -27.1131937], [-54.9066378, -27.1137564], [-54.9067351, -27.1140477], [-54.9067367, -27.1141986]]}}, {"type": "Feature", "properties": {"capa": "calles", "nombre": null, "osm_id": "260784537"}, "geometry": {"type": "LineString", "coordinates": [[-54.9007694, -27.0892346], [-54.9011658, -27.0887743], [-54.9012365, -27.0886754], [-54.901242, -27.0886317], [-54.901287, -27.0882797], [-54.9013315, -27.0881852], [-54.901489, -27.0880368], [-54.9018257, -27.0877752]]}}, {"type": "Feature", "properties": {"capa": "calles", "nombre": null, "osm_id": "260784538"}, "geometry": {"type": "LineString", "coordinates": [[-54.9015983, -27.0875291], [-54.901196, -27.0878508], [-54.9011261, -27.0878667], [-54.9010321, -27.087854], [-54.9009668, -27.087854], [-54.900066, -27.0881066], [-54.8999451, -27.0881078], [-54.8994597, -27.0878346]]}}, {"type": "Feature", "properties": {"capa": "calles", "nombre": "Luis Ruppel", "osm_id": "260784539"}, "geometry": {"type": "LineString", "coordinates": [[-54.8862127, -27.1075238], [-54.8851185, -27.1068845], [-54.8847619, -27.1066383], [-54.884082, -27.1062377], [-54.8838861, -27.1061082]]}}, {"type": "Feature", "properties": {"capa": "calles", "nombre": "Aguas Blancas", "osm_id": "260784540"}, "geometry": {"type": "LineString", "coordinates": [[-54.8943948, -27.1130009], [-54.8939624, -27.1127226], [-54.8934891, -27.1124467], [-54.8931958, -27.1122301], [-54.8930158, -27.1121332], [-54.8926426, -27.1120136], [-54.8923254, -27.1119522]]}}, {"type": "Feature", "properties": {"capa": "calles", "nombre": null, "osm_id": "260784541"}, "geometry": {"type": "LineString", "coordinates": [[-54.9003735, -27.0859], [-54.9014987, -27.0858546], [-54.9020926, -27.0857513], [-54.9021987, -27.0857783], [-54.9023023, -27.0858609], [-54.9025248, -27.0861193], [-54.9027952, -27.0864333], [-54.9028523, -27.0865351], [-54.9027845, -27.0870089]]}}, {"type": "Feature", "properties": {"capa": "calles", "nombre": null, "osm_id": "260784542"}, "geometry": {"type": "LineString", "coordinates": [[-54.901242, -27.0886317], [-54.9008844, -27.0886147], [-54.9008558, -27.0885606], [-54.9008178, -27.0883141], [-54.9008237, -27.0882585], [-54.9009039, -27.0880739], [-54.9009876, -27.0879549], [-54.9009951, -27.0879076], [-54.9009668, -27.087854], [-54.9007987, -27.087454], [-54.9007758, -27.0873578], [-54.9007844, -27.087082], [-54.9008076, -27.0868515]]}}, {"type": "Feature", "properties": {"capa": "calles", "nombre": "Posadas", "osm_id": "260784543"}, "geometry": {"type": "LineString", "coordinates": [[-54.9002446, -27.096056], [-54.8998799, -27.096373], [-54.8989912, -27.0971369], [-54.8981009, -27.0978531], [-54.8975395, -27.0983025]]}}, {"type": "Feature", "properties": {"capa": "edificios", "nombre": null, "osm_id": "260784544"}, "geometry": {"type": "Polygon", "coordinates": [[[-54.902983, -27.1182067], [-54.9027379, -27.1180809], [-54.9026225, -27.1182466], [-54.9026814, -27.118278], [-54.9026342, -27.1183389], [-54.9027544, -27.1183955], [-54.9028039, -27.1183431], [-54.9028676, -27.1183745], [-54.902983, -27.1182067]]]}}, {"type": "Feature", "properties": {"capa": "verde", "nombre": null, "osm_id": "260788063"}, "geometry": {"type": "Polygon", "coordinates": [[[-54.8981898, -27.1234729], [-54.89777, -27.1232173], [-54.89686, -27.1226635], [-54.896624, -27.1225198], [-54.8958563, -27.1234144], [-54.8961543, -27.1237741], [-54.8962755, -27.1238685], [-54.8966493, -27.12381], [-54.8969069, -27.1237786], [-54.8978858, -27.1235688], [-54.8979681, -27.1235511], [-54.898047, -27.1235342], [-54.8981444, -27.1235133], [-54.8981898, -27.1234729]]]}}, {"type": "Feature", "properties": {"capa": "verde", "nombre": null, "osm_id": "260788065"}, "geometry": {"type": "Polygon", "coordinates": [[[-54.8902565, -27.1101174], [-54.8900833, -27.1103484], [-54.8896419, -27.1101516], [-54.8893223, -27.1099617], [-54.8891182, -27.109852], [-54.889181, -27.1097507], [-54.8894417, -27.109471], [-54.8895835, -27.1093573], [-54.8901422, -27.1097171], [-54.8900315, -27.1099231], [-54.8902565, -27.1101174]]]}}, {"type": "Feature", "properties": {"capa": "verde", "nombre": null, "osm_id": "260788069"}, "geometry": {"type": "Polygon", "coordinates": [[[-54.8758856, -27.096044], [-54.8755642, -27.0958405], [-54.8753356, -27.0954971], [-54.8751427, -27.0953127], [-54.8752499, -27.0951728], [-54.8749927, -27.0947404], [-54.874707, -27.094238], [-54.8744856, -27.0936084], [-54.8726212, -27.0927117], [-54.8718802, -27.093767], [-54.8723779, -27.094063], [-54.8716964, -27.0949343], [-54.8716119, -27.0950591], [-54.8731641, -27.0961076], [-54.8736498, -27.0963365], [-54.8742427, -27.096451], [-54.8746498, -27.096629], [-54.875057, -27.0967435], [-54.8753713, -27.0966863], [-54.8756713, -27.096451], [-54.8758856, -27.096044]]]}}, {"type": "Feature", "properties": {"capa": "verde", "nombre": null, "osm_id": "260788071"}, "geometry": {"type": "Polygon", "coordinates": [[[-54.8998516, -27.1245968], [-54.8986697, -27.1261701], [-54.8983717, -27.1257251], [-54.8981646, -27.1252216], [-54.898796, -27.1249339], [-54.8983767, -27.1240708], [-54.8981292, -27.1241967], [-54.8980001, -27.1238636], [-54.898109, -27.1237831], [-54.8979559, -27.1237495], [-54.8978858, -27.1235688], [-54.8979681, -27.1235511], [-54.898008, -27.1236752], [-54.8981343, -27.1237022], [-54.898047, -27.1235342], [-54.8981444, -27.1235133], [-54.8981898, -27.1234729], [-54.8984171, -27.1236527], [-54.8985838, -27.1237426], [-54.8993061, -27.1242416], [-54.8996329, -27.1244544], [-54.8998516, -27.1245968]]]}}, {"type": "Feature", "properties": {"capa": "verde", "nombre": null, "osm_id": "260788077"}, "geometry": {"type": "Polygon", "coordinates": [[[-54.8647492, -27.1028495], [-54.8638206, -27.1023408], [-54.8641777, -27.1018703], [-54.8642063, -27.1016731], [-54.8641563, -27.1015905], [-54.863892, -27.1013743], [-54.8637991, -27.1011644], [-54.8637063, -27.1010627], [-54.8634563, -27.1011771], [-54.8632991, -27.1011644], [-54.8628134, -27.100732], [-54.8631777, -27.0999817], [-54.8636491, -27.0991232], [-54.863792, -27.0991232], [-54.8642706, -27.0993776], [-54.8656849, -27.0990278], [-54.8658992, -27.0992313], [-54.8660564, -27.0992822], [-54.8661992, -27.0992122], [-54.8662778, -27.0990406], [-54.8665135, -27.0990088], [-54.8666707, -27.0990088], [-54.8669421, -27.0987608], [-54.866885, -27.0985891], [-54.8673564, -27.0979913], [-54.868185, -27.0984047], [-54.8676707, -27.0990851], [-54.8676842, -27.0992044], [-54.8668862, -27.1002251], [-54.8656421, -27.1017113], [-54.8654421, -27.1018385], [-54.8654163, -27.1022125], [-54.8650992, -27.1024044], [-54.8649206, -27.1026715], [-54.8647492, -27.1028495]]]}}, {"type": "Feature", "properties": {"capa": "verde", "nombre": null, "osm_id": "260788079"}, "geometry": {"type": "Polygon", "coordinates": [[[-54.879666, -27.0949355], [-54.8795303, -27.0950181], [-54.8790088, -27.0957367], [-54.8799517, -27.0964044], [-54.8801089, -27.0961119], [-54.8802732, -27.0959529], [-54.8803589, -27.0956986], [-54.8805732, -27.0955078], [-54.8806875, -27.0953742], [-54.8808661, -27.0953806], [-54.8809161, -27.095476], [-54.8810875, -27.0953933], [-54.8817518, -27.0945094], [-54.8817518, -27.0943631], [-54.8811875, -27.094166], [-54.8811089, -27.0942868], [-54.8809018, -27.0942995], [-54.8806803, -27.0945094], [-54.8806018, -27.0944458], [-54.8807589, -27.094255], [-54.8810232, -27.0939116], [-54.8811375, -27.0935746], [-54.8803089, -27.093441], [-54.8802232, -27.09367], [-54.8799375, -27.0939307], [-54.879866, -27.0938862], [-54.8799089, -27.0936], [-54.8798017, -27.0935555], [-54.8795303, -27.09367], [-54.8794231, -27.0938671], [-54.8792731, -27.093918], [-54.8787517, -27.0945793], [-54.8788446, -27.0946747], [-54.8792874, -27.0947892], [-54.8794374, -27.0946684], [-54.8794303, -27.0948337], [-54.879666, -27.0949355]]]}}, {"type": "Feature", "properties": {"capa": "verde", "nombre": null, "osm_id": "260788081"}, "geometry": {"type": "Polygon", "coordinates": [[[-54.8689874, -27.1024463], [-54.8682954, -27.10219], [-54.867962, -27.1020956], [-54.8674206, -27.1017449], [-54.86727, -27.1017808], [-54.8672347, -27.1017089], [-54.8663154, -27.1011064], [-54.8658659, -27.1016999], [-54.8657093, -27.1018888], [-54.865578, -27.1020551], [-54.8654163, -27.1022125], [-54.8651486, -27.1025947], [-54.8649617, -27.102842], [-54.8649769, -27.1029319], [-54.8651789, -27.1030578], [-54.8652092, -27.1031208], [-54.8656638, -27.1033995], [-54.8657699, -27.1033815], [-54.8677246, -27.1046405], [-54.867962, -27.1047034], [-54.8681186, -27.1048024], [-54.8682651, -27.1049148], [-54.8684974, -27.1050901], [-54.8686035, -27.1051306], [-54.868755, -27.1049912], [-54.8688106, -27.1048698], [-54.8689419, -27.1047169], [-54.8695379, -27.1037862], [-54.869346, -27.1036064], [-54.8690328, -27.1035299], [-54.8689015, -27.103377], [-54.8693308, -27.1027566], [-54.8695177, -27.1026666], [-54.8696036, -27.1025452], [-54.8699369, -27.1023834], [-54.8698309, -27.1020326], [-54.8696642, -27.1019922], [-54.8692349, -27.102181], [-54.8689874, -27.1024463]]]}}, {"type": "Feature", "properties": {"capa": "verde", "nombre": null, "osm_id": "260788087"}, "geometry": {"type": "Polygon", "coordinates": [[[-54.8969069, -27.1237786], [-54.8968816, -27.1238415], [-54.8970581, -27.1243184], [-54.8971645, -27.1246057], [-54.8972541, -27.1245678], [-54.8981292, -27.1241967], [-54.8980001, -27.1238636], [-54.8979559, -27.1237495], [-54.8978858, -27.1235688], [-54.8969069, -27.1237786]]]}}, {"type": "Feature", "properties": {"capa": "verde", "nombre": null, "osm_id": "260788089"}, "geometry": {"type": "Polygon", "coordinates": [[[-54.8701541, -27.1007332], [-54.8699319, -27.1005308], [-54.8676842, -27.0992044], [-54.8668862, -27.1002251], [-54.8663305, -27.1010389], [-54.8674206, -27.1017449], [-54.867962, -27.1020956], [-54.868952, -27.1013807], [-54.8696995, -27.1009805], [-54.8701541, -27.1007332]]]}}, {"type": "Feature", "properties": {"capa": "verde", "nombre": null, "osm_id": "260788091"}, "geometry": {"type": "Polygon", "coordinates": [[[-54.876923, -27.0951962], [-54.8762373, -27.0948146], [-54.8772588, -27.0936572], [-54.8764659, -27.0931676], [-54.8766945, -27.0918703], [-54.8772873, -27.0920801], [-54.8775802, -27.09222], [-54.8779286, -27.0924623], [-54.8785402, -27.0929046], [-54.876923, -27.0951962]]]}}, {"type": "Feature", "properties": {"capa": "calles", "nombre": null, "osm_id": "260788093"}, "geometry": {"type": "LineString", "coordinates": [[-54.8722206, -27.0834841], [-54.8720818, -27.0841437], [-54.8719415, -27.0848199], [-54.8717624, -27.0855707]]}}, {"type": "Feature", "properties": {"capa": "calles", "nombre": null, "osm_id": "260788094"}, "geometry": {"type": "LineString", "coordinates": [[-54.8734165, -27.0850544], [-54.8732342, -27.0858225]]}}, {"type": "Feature", "properties": {"capa": "calles", "nombre": null, "osm_id": "260788095"}, "geometry": {"type": "LineString", "coordinates": [[-54.8730524, -27.0857914], [-54.8728727, -27.0864125], [-54.8724823, -27.0877619]]}}, {"type": "Feature", "properties": {"capa": "calles", "nombre": null, "osm_id": "260788096"}, "geometry": {"type": "LineString", "coordinates": [[-54.8728618, -27.0842387], [-54.8726919, -27.0849392], [-54.8725228, -27.0857008]]}}, {"type": "Feature", "properties": {"capa": "calles", "nombre": null, "osm_id": "260788097"}, "geometry": {"type": "LineString", "coordinates": [[-54.8744805, -27.0813956], [-54.8745832, -27.0812413], [-54.8746631, -27.0810526], [-54.8748015, -27.0802818], [-54.8749863, -27.0797665], [-54.8751447, -27.0794393], [-54.875256, -27.0789024], [-54.8753117, -27.0784811], [-54.8753117, -27.0782498], [-54.8754509, -27.0779937], [-54.8756828, -27.0774981], [-54.8759146, -27.0772671], [-54.8760238, -27.077098], [-54.8761616, -27.0769076], [-54.8765653, -27.0767046], [-54.8767078, -27.0765016], [-54.8771971, -27.07555], [-54.8774251, -27.0751186], [-54.8776151, -27.0747676], [-54.8780616, -27.0739259], [-54.8783181, -27.0734691], [-54.8784701, -27.0731984], [-54.8785556, -27.0731265], [-54.8787171, -27.0730673], [-54.8790021, -27.0730208], [-54.8793583, -27.0729151], [-54.8794913, -27.0727882]]}}, {"type": "Feature", "properties": {"capa": "calles", "nombre": "Antillas Del Sur", "osm_id": "260788099"}, "geometry": {"type": "LineString", "coordinates": [[-54.8937247, -27.1111277], [-54.8933981, -27.1115938], [-54.8930158, -27.1121332], [-54.8927345, -27.1123781], [-54.8925753, -27.1125379], [-54.8925151, -27.1126134], [-54.8922043, -27.1129131], [-54.8921761, -27.112948], [-54.8918079, -27.1134064], [-54.8914549, -27.1138407], [-54.8914187, -27.1138854], [-54.8908875, -27.114538]]}}, {"type": "Feature", "properties": {"capa": "calles", "nombre": null, "osm_id": "260788100"}, "geometry": {"type": "LineString", "coordinates": [[-54.8711696, -27.0846972], [-54.8719415, -27.0848199], [-54.8726919, -27.0849392], [-54.8734165, -27.0850544], [-54.8742014, -27.0851792]]}}, {"type": "Feature", "properties": {"capa": "calles", "nombre": null, "osm_id": "260788102"}, "geometry": {"type": "LineString", "coordinates": [[-54.8709913, -27.0854387], [-54.8716873, -27.0855578], [-54.8717624, -27.0855707], [-54.8725228, -27.0857008], [-54.8730524, -27.0857914], [-54.8732342, -27.0858225], [-54.8740369, -27.0859456], [-54.8742014, -27.0851792]]}}, {"type": "Feature", "properties": {"capa": "verde", "nombre": null, "osm_id": "260788107"}, "geometry": {"type": "Polygon", "coordinates": [[[-54.8711633, -27.1051873], [-54.8720062, -27.1039664], [-54.8722633, -27.1031398], [-54.8722633, -27.1025103], [-54.8733991, -27.1021542], [-54.8736348, -27.1017599], [-54.8734348, -27.1013021], [-54.8739562, -27.1005708], [-54.8748818, -27.0998519], [-54.8741086, -27.0993335], [-54.8747907, -27.0982705], [-54.8772146, -27.0950464], [-54.8788683, -27.0957578], [-54.8799582, -27.0965003], [-54.8807768, -27.0954767], [-54.881976, -27.0965707], [-54.879671, -27.0997253], [-54.8796493, -27.1011559], [-54.8811956, -27.1018367], [-54.8812663, -27.1019761], [-54.8812435, -27.1020214], [-54.8806965, -27.1017119], [-54.8805426, -27.1016719], [-54.8800008, -27.102328], [-54.8799013, -27.1023018], [-54.8799581, -27.1017198], [-54.8797257, -27.1015939], [-54.8793015, -27.1018502], [-54.87965, -27.1020795], [-54.8797507, -27.1024187], [-54.8791296, -27.1029012], [-54.8791061, -27.1029945], [-54.8789479, -27.1030515], [-54.8787213, -27.1031981], [-54.8787491, -27.1035577], [-54.8786885, -27.1037245], [-54.878463, -27.1037926], [-54.8784024, -27.1039814], [-54.878261, -27.1042062], [-54.8779832, -27.1044985], [-54.8779478, -27.1046649], [-54.8778367, -27.1050156], [-54.8777256, -27.105092], [-54.8775942, -27.1050515], [-54.8775437, -27.1051909], [-54.8777862, -27.1053663], [-54.877766, -27.1054337], [-54.8773417, -27.1053078], [-54.8771245, -27.1053168], [-54.8768164, -27.1053033], [-54.8765992, -27.1052539], [-54.8764982, -27.1052988], [-54.8763769, -27.1054787], [-54.8762507, -27.1053708], [-54.8763517, -27.1052629], [-54.8764881, -27.1050066], [-54.8767255, -27.1046963], [-54.8766396, -27.1045659], [-54.8765487, -27.1044445], [-54.8762709, -27.1042827], [-54.8760537, -27.1045075], [-54.8758264, -27.1047862], [-54.8757456, -27.1049526], [-54.8759022, -27.1051325], [-54.8758668, -27.1052629], [-54.8755839, -27.1057305], [-54.8752796, -27.10623], [-54.8752354, -27.1063374], [-54.8751142, -27.1065353], [-54.8750435, -27.1066657], [-54.8749021, -27.1066477], [-54.8747505, -27.1068995], [-54.8743364, -27.107484], [-54.8744475, -27.1077268], [-54.8738868, -27.1084551], [-54.8740282, -27.1085855], [-54.8738919, -27.108626], [-54.8737757, -27.108545], [-54.8736191, -27.1084911], [-54.8735383, -27.1085855], [-54.8734373, -27.1084821], [-54.873306, -27.1084956], [-54.8733565, -27.108626], [-54.8734322, -27.1087654], [-54.873604, -27.1087339], [-54.8737302, -27.1087429], [-54.8738565, -27.1086934], [-54.8739424, -27.1087564], [-54.8737706, -27.1088013], [-54.8737504, -27.1089272], [-54.8736646, -27.109161], [-54.8735434, -27.1094667], [-54.8734524, -27.1095207], [-54.871884, -27.1087294], [-54.8721719, -27.108626], [-54.8723184, -27.1085226], [-54.8724548, -27.1083023], [-54.8725205, -27.1081809], [-54.8725255, -27.1076143], [-54.8723083, -27.1075289], [-54.872182, -27.1076278], [-54.8720255, -27.1076818], [-54.8718133, -27.1076503], [-54.8716871, -27.1076683], [-54.8716871, -27.1077942], [-54.8715658, -27.1078796], [-54.8714598, -27.1078841], [-54.8711618, -27.1079965], [-54.8710456, -27.1077807], [-54.8712729, -27.1076773], [-54.8714194, -27.1075829], [-54.8715759, -27.1075784], [-54.8716921, -27.107457], [-54.8718537, -27.1075019], [-54.8720305, -27.1074885], [-54.8720204, -27.107403], [-54.8718689, -27.107394], [-54.8717527, -27.1072322], [-54.8716113, -27.1071737], [-54.8714396, -27.1069264], [-54.8712022, -27.1067331], [-54.8710052, -27.1066612], [-54.8709042, -27.1065038], [-54.8707476, -27.105672], [-54.8707981, -27.1055326], [-54.8707324, -27.1054112], [-54.870687, -27.1053483], [-54.8707223, -27.1051774], [-54.8711633, -27.1051873]]]}}, {"type": "Feature", "properties": {"capa": "verde", "nombre": null, "osm_id": "260789492"}, "geometry": {"type": "Polygon", "coordinates": [[[-54.9031244, -27.1200212], [-54.9030642, -27.1201041], [-54.9031211, -27.1202324], [-54.9030529, -27.120884], [-54.9025597, -27.1206004], [-54.9015469, -27.1206848], [-54.9015318, -27.1206206], [-54.9016342, -27.1205835], [-54.9015583, -27.1204181], [-54.9015583, -27.1199521], [-54.9020519, -27.1193244], [-54.9031244, -27.1200212]]]}}, {"type": "Feature", "properties": {"capa": "verde", "nombre": null, "osm_id": "260789499"}, "geometry": {"type": "Polygon", "coordinates": [[[-54.9046157, -27.1225261], [-54.9044092, -27.1219436], [-54.9040471, -27.1216953], [-54.9038754, -27.1215688], [-54.9037896, -27.121712], [-54.9037118, -27.1214041], [-54.9036233, -27.1214399], [-54.9034758, -27.1213826], [-54.9033604, -27.1214566], [-54.9032666, -27.121373], [-54.9032987, -27.1212942], [-54.9030734, -27.1211796], [-54.9029822, -27.1210149], [-54.9025236, -27.1207452], [-54.9023627, -27.1207285], [-54.9021937, -27.1207881], [-54.9024485, -27.1218934], [-54.902588, -27.1218242], [-54.9026309, -27.1218958], [-54.9028589, -27.1218147], [-54.9030118, -27.1222348], [-54.9033712, -27.1221298], [-54.9036662, -27.1219842], [-54.9039559, -27.1227911], [-54.9043502, -27.1226717], [-54.9046157, -27.1225261]]]}}, {"type": "Feature", "properties": {"capa": "verde", "nombre": null, "osm_id": "260789504"}, "geometry": {"type": "Polygon", "coordinates": [[[-54.9030874, -27.1224007], [-54.9028728, -27.1224723], [-54.9027118, -27.1225344], [-54.9023149, -27.1224771], [-54.9022881, -27.1225535], [-54.9020574, -27.1226633], [-54.9019072, -27.1226156], [-54.901006, -27.1228066], [-54.9012504, -27.123993], [-54.9014673, -27.1250458], [-54.9013332, -27.1252845], [-54.9014083, -27.1253657], [-54.9016282, -27.1254277], [-54.9018053, -27.1256092], [-54.9019286, -27.1257094], [-54.9021218, -27.1257381], [-54.9021861, -27.1258622], [-54.9022612, -27.1259195], [-54.9024275, -27.125929], [-54.9025119, -27.1260023], [-54.9026854, -27.1257871], [-54.9029337, -27.1254338], [-54.9030143, -27.1252468], [-54.9032451, -27.1250887], [-54.9037287, -27.1245736], [-54.9040261, -27.1243344], [-54.904171, -27.1241482], [-54.9043587, -27.1239286], [-54.904407, -27.1236421], [-54.9041656, -27.1237089], [-54.9040905, -27.1236087], [-54.9038437, -27.1232745], [-54.9038384, -27.1229307], [-54.9039559, -27.1227911], [-54.9031732, -27.1228973], [-54.9030874, -27.1224007]]]}}, {"type": "Feature", "properties": {"capa": "verde", "nombre": null, "osm_id": "260789507"}, "geometry": {"type": "Polygon", "coordinates": [[[-54.9000613, -27.1202837], [-54.899534, -27.1198624], [-54.8992067, -27.1200821], [-54.8988151, -27.1201728], [-54.8985576, -27.1205165], [-54.89686, -27.1226635], [-54.89777, -27.1232173], [-54.8984482, -27.1224076], [-54.9000613, -27.1202837]]]}}, {"type": "Feature", "properties": {"capa": "verde", "nombre": null, "osm_id": "260790050"}, "geometry": {"type": "Polygon", "coordinates": [[[-54.8824985, -27.1138227], [-54.8817296, -27.1133305], [-54.8805802, -27.1148634], [-54.8802578, -27.1152652], [-54.8801933, -27.1154779], [-54.8799392, -27.115667], [-54.880292, -27.1160856], [-54.8803147, -27.1162105], [-54.8801857, -27.1162814], [-54.8802958, -27.1164266], [-54.8804627, -27.1162949], [-54.8813427, -27.1174699], [-54.8821089, -27.1162916], [-54.8826931, -27.1166157], [-54.8827803, -27.1165718], [-54.88275, -27.1163827], [-54.8827386, -27.1161093], [-54.8825224, -27.1161531], [-54.8824996, -27.1160991], [-54.8827424, -27.116008], [-54.882731, -27.1154441], [-54.8833569, -27.1156872], [-54.8834593, -27.1155015], [-54.8835921, -27.1154441], [-54.8836504, -27.1153188], [-54.8838801, -27.1150013], [-54.8823595, -27.1140326], [-54.8824985, -27.1138227]]]}}, {"type": "Feature", "properties": {"capa": "agua", "nombre": null, "osm_id": "260790051"}, "geometry": {"type": "Polygon", "coordinates": [[[-54.883672, -27.1094209], [-54.8837118, -27.1093821], [-54.8837403, -27.1093264], [-54.8837441, -27.1092673], [-54.8836341, -27.1092336], [-54.8835696, -27.1092369], [-54.8834975, -27.1092403], [-54.8834254, -27.1092234], [-54.8832984, -27.1092386], [-54.8831485, -27.1092386], [-54.8831277, -27.1093737], [-54.8831258, -27.1094885], [-54.8831903, -27.1096134], [-54.8832585, -27.1096235], [-54.8834217, -27.1096033], [-54.8835127, -27.1095442], [-54.8836379, -27.1094412], [-54.883672, -27.1094209]]]}}, {"type": "Feature", "properties": {"capa": "agua", "nombre": null, "osm_id": "260790052"}, "geometry": {"type": "Polygon", "coordinates": [[[-54.8816689, -27.1098122], [-54.8817092, -27.1097167], [-54.881728, -27.1096475], [-54.8817387, -27.1095949], [-54.8817145, -27.1095114], [-54.8816233, -27.1095281], [-54.8815509, -27.109552], [-54.8812586, -27.109583], [-54.8809608, -27.109614], [-54.8808106, -27.1096546], [-54.8807168, -27.1097], [-54.8806953, -27.1097669], [-54.8807221, -27.1098433], [-54.8808294, -27.1099388], [-54.8808723, -27.1099674], [-54.8809582, -27.1099268], [-54.8811888, -27.1099125], [-54.8814839, -27.1098504], [-54.8816689, -27.1098122]]]}}, {"type": "Feature", "properties": {"capa": "agua", "nombre": null, "osm_id": "260790053"}, "geometry": {"type": "Polygon", "coordinates": [[[-54.8830973, -27.1095965], [-54.8830708, -27.1095256], [-54.8830613, -27.1094919], [-54.8830954, -27.109448], [-54.8830746, -27.1093298], [-54.8829835, -27.1093078], [-54.8829209, -27.109291], [-54.8827711, -27.1093011], [-54.8826554, -27.1092994], [-54.8825511, -27.1092825], [-54.8824468, -27.109291], [-54.8823539, -27.1092842], [-54.8823235, -27.1092926], [-54.8823178, -27.1094412], [-54.8823747, -27.1095408], [-54.8824146, -27.1095881], [-54.8824601, -27.109605], [-54.8825037, -27.1096573], [-54.8825473, -27.1096573], [-54.882589, -27.1096235], [-54.8827161, -27.1096235], [-54.8829115, -27.1096151], [-54.8830328, -27.1096134], [-54.8830689, -27.1096151], [-54.8830973, -27.1095965]]]}}, {"type": "Feature", "properties": {"capa": "agua", "nombre": null, "osm_id": "260790054"}, "geometry": {"type": "Polygon", "coordinates": [[[-54.8824127, -27.109659], [-54.8823596, -27.1096269], [-54.8822761, -27.109605], [-54.8822894, -27.1095628], [-54.8823064, -27.1095121], [-54.8822458, -27.1094733], [-54.882223, -27.1094311], [-54.8821983, -27.1093737], [-54.8821604, -27.109399], [-54.8821073, -27.1094041], [-54.8820599, -27.1093703], [-54.881948, -27.1094176], [-54.8818285, -27.1094361], [-54.8818038, -27.1094851], [-54.8817925, -27.1095813], [-54.8817849, -27.1096354], [-54.8817659, -27.1097569], [-54.8818095, -27.1097822], [-54.8818247, -27.1098092], [-54.8819101, -27.1098126], [-54.8819992, -27.1098008], [-54.8820845, -27.109794], [-54.882149, -27.1097687], [-54.8821851, -27.1097451], [-54.882242, -27.1097417], [-54.8822875, -27.1097637], [-54.8823671, -27.1097366], [-54.8824127, -27.1096995], [-54.8824127, -27.109659]]]}}, {"type": "Feature", "properties": {"capa": "verde", "nombre": null, "osm_id": "260790055"}, "geometry": {"type": "Polygon", "coordinates": [[[-54.8817751, -27.1121394], [-54.8818073, -27.1120297], [-54.8818282, -27.1118963], [-54.8819021, -27.1118153], [-54.8819704, -27.1117494], [-54.8817846, -27.1116481], [-54.8809994, -27.1112396], [-54.8809804, -27.1113307], [-54.8808761, -27.1115722], [-54.8809766, -27.1116346], [-54.8812573, -27.1117477], [-54.8811435, -27.1119689], [-54.8810809, -27.1121613], [-54.8807888, -27.1127049], [-54.8807699, -27.1127978], [-54.8807964, -27.1128687], [-54.8808647, -27.1129193], [-54.8808856, -27.1128535], [-54.8809747, -27.1128923], [-54.8810069, -27.1129801], [-54.8810525, -27.1130156], [-54.881098, -27.1129615], [-54.8811511, -27.1129902], [-54.8812004, -27.112948], [-54.8812023, -27.1128788], [-54.8813559, -27.1127117], [-54.8814318, -27.1127016], [-54.881593, -27.1126644], [-54.8815816, -27.1125868], [-54.8815114, -27.1125108], [-54.8815626, -27.1123639], [-54.881648, -27.1122542], [-54.8817751, -27.1121394]]]}}, {"type": "Feature", "properties": {"capa": "verde", "nombre": null, "osm_id": "260790056"}, "geometry": {"type": "Polygon", "coordinates": [[[-54.8930166, -27.1149287], [-54.8912945, -27.1175082], [-54.8907255, -27.1172111], [-54.8896938, -27.1165021], [-54.8899669, -27.1162185], [-54.8899745, -27.1160564], [-54.8900352, -27.115793], [-54.8899138, -27.1156985], [-54.8889427, -27.1151245], [-54.8887682, -27.1149962], [-54.8886089, -27.1149895], [-54.8884572, -27.1147464], [-54.8884724, -27.1145978], [-54.8883586, -27.1143953], [-54.8885103, -27.1142332], [-54.8884117, -27.1140104], [-54.8885482, -27.1139833], [-54.8887075, -27.1140576], [-54.888882, -27.1140104], [-54.8890565, -27.1138145], [-54.8888213, -27.1135984], [-54.8889807, -27.1134229], [-54.8893372, -27.1134634], [-54.8893979, -27.1136525], [-54.8895952, -27.11372], [-54.8897393, -27.1138213], [-54.8898531, -27.1139901], [-54.8901717, -27.1141589], [-54.8903234, -27.114142], [-54.890441, -27.1140948], [-54.8906041, -27.1142129], [-54.8905472, -27.1143446], [-54.8909569, -27.114662], [-54.8916131, -27.1139259], [-54.8922011, -27.1142197], [-54.8930693, -27.1148851], [-54.8930166, -27.1149287]]]}}, {"type": "Feature", "properties": {"capa": "verde", "nombre": null, "osm_id": "260790124"}, "geometry": {"type": "Polygon", "coordinates": [[[-54.8763598, -27.1069286], [-54.8762201, -27.1068621], [-54.8761118, -27.1067667], [-54.875983, -27.1067153], [-54.8758905, -27.1067148], [-54.8758237, -27.1066131], [-54.8752796, -27.10623], [-54.8752354, -27.1063374], [-54.8751142, -27.1065353], [-54.8750435, -27.1066657], [-54.8751519, -27.1067578], [-54.8752807, -27.1068485], [-54.8753933, -27.1069011], [-54.8754684, -27.1069894], [-54.8755543, -27.1070491], [-54.8756562, -27.1070897], [-54.8757608, -27.1071923], [-54.8758252, -27.1072425], [-54.8759566, -27.1072377], [-54.876021, -27.1073237], [-54.8760827, -27.1073356], [-54.8763598, -27.1069286]]]}}, {"type": "Feature", "properties": {"capa": "calles", "nombre": "Iguazú", "osm_id": "265012666"}, "geometry": {"type": "LineString", "coordinates": [[-54.8976585, -27.1021749], [-54.8976691, -27.1023403], [-54.8976489, -27.1024235], [-54.8975829, -27.1025467], [-54.8969488, -27.1031068], [-54.8960161, -27.1038637], [-54.8956842, -27.1041468], [-54.895362, -27.1045779]]}}, {"type": "Feature", "properties": {"capa": "calles", "nombre": "Río Paraná", "osm_id": "265012667"}, "geometry": {"type": "LineString", "coordinates": [[-54.9007207, -27.09725], [-54.9005543, -27.0973532], [-54.9002109, -27.0976085], [-54.8998048, -27.097928], [-54.8989336, -27.0986443], [-54.8980239, -27.0993832], [-54.8973333, -27.0999958], [-54.8972054, -27.1000848], [-54.896351, -27.1008113], [-54.8953982, -27.1015591], [-54.8946856, -27.1021324], [-54.8941923, -27.102549], [-54.8929768, -27.1035276], [-54.8929049, -27.1036532]]}}, {"type": "Feature", "properties": {"capa": "calles", "nombre": "Cuñapirú", "osm_id": "265012668"}, "geometry": {"type": "LineString", "coordinates": [[-54.9015285, -27.0935159], [-54.9017371, -27.0933996], [-54.9018473, -27.0933821], [-54.9021439, -27.093407], [-54.9024404, -27.0934624], [-54.9026647, -27.0935267], [-54.902823, -27.093627], [-54.90297, -27.093728], [-54.9031443, -27.0938879]]}}, {"type": "Feature", "properties": {"capa": "caminos", "nombre": null, "osm_id": "265012669"}, "geometry": {"type": "LineString", "coordinates": [[-54.905387, -27.092922], [-54.905837, -27.093026], [-54.90792, -27.093406], [-54.9081121, -27.0934644], [-54.908236, -27.093502], [-54.91002, -27.09395], [-54.910441, -27.094059], [-54.910859, -27.094183], [-54.91221, -27.094484], [-54.912557, -27.094578], [-54.913034, -27.0947469], [-54.9133014, -27.0948977], [-54.913684, -27.09496], [-54.914059, -27.095175], [-54.914304, -27.095352], [-54.914335, -27.095444], [-54.914332, -27.095715], [-54.914344, -27.095983], [-54.914392, -27.096145], [-54.91452, -27.09629], [-54.91466, -27.096427], [-54.914774, -27.096592], [-54.914854, -27.096774], [-54.914945, -27.09703], [-54.914999, -27.097261], [-54.91507, -27.097453], [-54.915116, -27.097714], [-54.915124, -27.097904], [-54.915201, -27.09819], [-54.915221, -27.09842], [-54.915164, -27.098661], [-54.9149848, -27.0989591], [-54.9149975, -27.099253], [-54.9149739, -27.0995155], [-54.9149469, -27.0996727], [-54.914992, -27.0998521], [-54.915031, -27.099965], [-54.91527, -27.100144], [-54.915438, -27.100218], [-54.9154859, -27.1002154], [-54.9155259, -27.1001915], [-54.9155611, -27.1001203], [-54.915584, -27.100059], [-54.9156095, -27.1000156], [-54.9156509, -27.0999831], [-54.9156854, -27.0999908], [-54.915712, -27.1000075]]}}, {"type": "Feature", "properties": {"capa": "calles", "nombre": null, "osm_id": "265012670"}, "geometry": {"type": "LineString", "coordinates": [[-54.9027541, -27.0959404], [-54.9028132, -27.0959218], [-54.9029272, -27.0958028], [-54.9031012, -27.0956588], [-54.9032602, -27.0955238], [-54.9033572, -27.0954198], [-54.9033438, -27.095377], [-54.9032252, -27.0952478], [-54.9031328, -27.0951595], [-54.902997, -27.0951006], [-54.9029269, -27.0950818], [-54.9028252, -27.09506], [-54.9026604, -27.0949976], [-54.9025202, -27.0949258], [-54.9022417, -27.0947155]]}}, {"type": "Feature", "properties": {"capa": "verde", "nombre": null, "osm_id": "265012671"}, "geometry": {"type": "Polygon", "coordinates": [[[-54.8930418, -27.0954706], [-54.8929924, -27.0955531], [-54.8929805, -27.0956902], [-54.8930104, -27.0958752], [-54.8929865, -27.0959457], [-54.8929491, -27.0959897], [-54.8924632, -27.096011], [-54.8923481, -27.096015], [-54.8921911, -27.0959804], [-54.8919983, -27.0958659], [-54.8917516, -27.0956703], [-54.8914167, -27.0954014], [-54.89133, -27.0953069], [-54.891182, -27.0951738], [-54.8909922, -27.0949981], [-54.8907694, -27.0948291], [-54.8905452, -27.094716], [-54.8903792, -27.0946628], [-54.8901849, -27.0946082], [-54.8900952, -27.0945656], [-54.8900772, -27.0944751], [-54.8900982, -27.0944125], [-54.8903987, -27.0940532], [-54.8904345, -27.0940426], [-54.8905526, -27.0941078], [-54.8913614, -27.0946308], [-54.8915707, -27.0947559], [-54.8917097, -27.0948544], [-54.892523, -27.0954174], [-54.8926022, -27.0954626], [-54.8927129, -27.0954799], [-54.8929924, -27.0954666], [-54.8930418, -27.0954706]]]}}, {"type": "Feature", "properties": {"capa": "verde", "nombre": null, "osm_id": "265013847"}, "geometry": {"type": "Polygon", "coordinates": [[[-54.8903034, -27.1024496], [-54.8901681, -27.1023555], [-54.8901353, -27.1023574], [-54.8899387, -27.1025851], [-54.8899376, -27.1026002], [-54.8900021, -27.1026284], [-54.8900634, -27.1026717], [-54.8900941, -27.1026858], [-54.8901173, -27.1026755], [-54.8901586, -27.1026021], [-54.8902453, -27.1025089], [-54.8902928, -27.1024703], [-54.8903034, -27.1024496]]]}}, {"type": "Feature", "properties": {"capa": "verde", "nombre": null, "osm_id": "265013848"}, "geometry": {"type": "Polygon", "coordinates": [[[-54.8911439, -27.1020252], [-54.8911524, -27.1019951], [-54.8907327, -27.1016394], [-54.8906989, -27.1016347], [-54.8906376, -27.1017204], [-54.8906587, -27.1017618], [-54.8904737, -27.1020158], [-54.8904093, -27.1020205], [-54.8901957, -27.1022869], [-54.8902105, -27.1023038], [-54.8903522, -27.1024111], [-54.8904241, -27.102397], [-54.8911439, -27.1020252]]]}}, {"type": "Feature", "properties": {"capa": "verde", "nombre": null, "osm_id": "265013849"}, "geometry": {"type": "Polygon", "coordinates": [[[-54.8920827, -27.1010895], [-54.8916197, -27.1008119], [-54.8916123, -27.1007733], [-54.8916281, -27.100745], [-54.8916736, -27.1007196], [-54.8917222, -27.1007196], [-54.8922571, -27.1001955], [-54.8922581, -27.1001277], [-54.8922983, -27.1001032], [-54.8923417, -27.100108], [-54.892793, -27.1004665], [-54.8921778, -27.1010706], [-54.8921334, -27.1010998], [-54.8920827, -27.1010895]]]}}, {"type": "Feature", "properties": {"capa": "verde", "nombre": null, "osm_id": "265013850"}, "geometry": {"type": "Polygon", "coordinates": [[[-54.8920504, -27.1011813], [-54.8920385, -27.1011354], [-54.8915862, -27.1008593], [-54.8915496, -27.100848], [-54.8915107, -27.1008533], [-54.8914831, -27.1008786], [-54.8914771, -27.1009125], [-54.8914741, -27.1009478], [-54.8908918, -27.1014927], [-54.8908694, -27.1015054], [-54.8908268, -27.1015027], [-54.8907857, -27.101544], [-54.8907932, -27.1015739], [-54.8912334, -27.1019372], [-54.8912596, -27.1019399], [-54.8912947, -27.1019206], [-54.8920504, -27.1011813]]]}}, {"type": "Feature", "properties": {"capa": "edificios", "nombre": null, "osm_id": "265019793"}, "geometry": {"type": "Polygon", "coordinates": [[[-54.8952954, -27.0908072], [-54.8953459, -27.090811], [-54.8954161, -27.090831], [-54.8954709, -27.0908697], [-54.8955074, -27.0909322], [-54.8955298, -27.090981], [-54.8955607, -27.0909947], [-54.8955649, -27.0910235], [-54.8955509, -27.0910422], [-54.8955593, -27.091066], [-54.8953628, -27.0911422], [-54.895367, -27.0911585], [-54.8952814, -27.0911935], [-54.8952757, -27.0911797], [-54.8951733, -27.0912235], [-54.895148, -27.0911397], [-54.8951045, -27.0911647], [-54.8950539, -27.0911022], [-54.8952238, -27.0910385], [-54.8951494, -27.0908685], [-54.8951227, -27.090876], [-54.8948967, -27.090971], [-54.8948546, -27.0908522], [-54.895068, -27.0907722], [-54.895089, -27.0908047], [-54.8951059, -27.0907897], [-54.8950876, -27.0907372], [-54.8951662, -27.0906985], [-54.8951887, -27.0907235], [-54.8953923, -27.0906485], [-54.8954456, -27.0907485], [-54.8952954, -27.0908072]]]}}, {"type": "Feature", "properties": {"capa": "caminos", "nombre": null, "osm_id": "265019796"}, "geometry": {"type": "LineString", "coordinates": [[-54.8959411, -27.0912317], [-54.895899, -27.0911967], [-54.8958583, -27.0912242], [-54.8958443, -27.091258], [-54.8958485, -27.0913029], [-54.8958232, -27.0913304], [-54.8958288, -27.0913779], [-54.8958653, -27.0914042], [-54.8958976, -27.0914042], [-54.8959257, -27.0913929], [-54.896031, -27.0913704]]}}, {"type": "Feature", "properties": {"capa": "caminos", "nombre": null, "osm_id": "265019798"}, "geometry": {"type": "LineString", "coordinates": [[-54.8957129, -27.0915207], [-54.8957073, -27.0915071], [-54.8956975, -27.0914955], [-54.8956843, -27.0914871], [-54.895669, -27.0914824], [-54.8956527, -27.0914819], [-54.895637, -27.0914857], [-54.8956233, -27.0914935], [-54.8956118, -27.0915057], [-54.8956054, -27.0915206], [-54.8956048, -27.0915366], [-54.8956099, -27.0915518], [-54.8956172, -27.0915618], [-54.8956271, -27.09157], [-54.8956417, -27.0915767], [-54.8956579, -27.0915792], [-54.8956743, -27.0915773], [-54.8956892, -27.0915712], [-54.8957014, -27.0915616], [-54.8957098, -27.0915492], [-54.8957137, -27.0915351], [-54.8957129, -27.0915207]]}}, {"type": "Feature", "properties": {"capa": "caminos", "nombre": null, "osm_id": "265019799"}, "geometry": {"type": "LineString", "coordinates": [[-54.8964302, -27.0914328], [-54.8962842, -27.0914663], [-54.8959632, -27.0915586], [-54.895731, -27.0916191], [-54.8956638, -27.091652], [-54.8956189, -27.0916583], [-54.8955894, -27.0916483], [-54.8955416, -27.0916183], [-54.8955122, -27.0915708], [-54.8955178, -27.0915245], [-54.8955416, -27.091487], [-54.8955824, -27.0914583], [-54.8956856, -27.0912823], [-54.8958269, -27.0910178], [-54.8958308, -27.0909913], [-54.8958454, -27.0908964]]}}, {"type": "Feature", "properties": {"capa": "caminos", "nombre": null, "osm_id": "265019801"}, "geometry": {"type": "LineString", "coordinates": [[-54.8958485, -27.0913029], [-54.8956856, -27.0912823]]}}, {"type": "Feature", "properties": {"capa": "caminos", "nombre": null, "osm_id": "265019802"}, "geometry": {"type": "LineString", "coordinates": [[-54.8956271, -27.09157], [-54.8955894, -27.0916483]]}}, {"type": "Feature", "properties": {"capa": "caminos", "nombre": null, "osm_id": "265019804"}, "geometry": {"type": "LineString", "coordinates": [[-54.8955416, -27.0916183], [-54.8954786, -27.0916794]]}}, {"type": "Feature", "properties": {"capa": "caminos", "nombre": null, "osm_id": "265019805"}, "geometry": {"type": "LineString", "coordinates": [[-54.8956099, -27.0915518], [-54.8955122, -27.0915708]]}}, {"type": "Feature", "properties": {"capa": "calles", "nombre": null, "osm_id": "265019807"}, "geometry": {"type": "LineString", "coordinates": [[-54.8959632, -27.0915586], [-54.8959257, -27.0913929]]}}, {"type": "Feature", "properties": {"capa": "caminos", "nombre": null, "osm_id": "265019808"}, "geometry": {"type": "LineString", "coordinates": [[-54.8959219, -27.0918079], [-54.8958831, -27.0917686]]}}, {"type": "Feature", "properties": {"capa": "caminos", "nombre": null, "osm_id": "265019809"}, "geometry": {"type": "LineString", "coordinates": [[-54.8956233, -27.0914935], [-54.8955824, -27.0914583], [-54.8954929, -27.0913616]]}}, {"type": "Feature", "properties": {"capa": "verde", "nombre": null, "osm_id": "265019810"}, "geometry": {"type": "Polygon", "coordinates": [[[-54.8962303, -27.0915003], [-54.8962842, -27.0914663], [-54.896265, -27.0914433], [-54.8958594, -27.0910415], [-54.8958269, -27.0910178], [-54.8957811, -27.0910439], [-54.8957213, -27.0910865], [-54.895727, -27.0911278], [-54.8954929, -27.0913616], [-54.8953707, -27.0914708], [-54.8953286, -27.0914462], [-54.8951082, -27.0916548], [-54.8954499, -27.0920145], [-54.8958831, -27.0917686], [-54.8962303, -27.0915003]]]}}, {"type": "Feature", "properties": {"capa": "verde", "nombre": null, "osm_id": "265021070"}, "geometry": {"type": "Polygon", "coordinates": [[[-54.8928672, -27.1004058], [-54.8934231, -27.0999047], [-54.8934161, -27.0998473], [-54.8931233, -27.0993763], [-54.8930865, -27.0993559], [-54.8930498, -27.0993648], [-54.8929972, -27.0994151], [-54.8930032, -27.0994814], [-54.8925048, -27.0999692], [-54.8924016, -27.0999852], [-54.8923738, -27.1000232], [-54.8923837, -27.1000567], [-54.8928036, -27.1003864], [-54.8928672, -27.1004058]]]}}, {"type": "Feature", "properties": {"capa": "verde", "nombre": null, "osm_id": "265021075"}, "geometry": {"type": "Polygon", "coordinates": [[[-54.8937292, -27.0951183], [-54.8937839, -27.095127], [-54.8938359, -27.095097], [-54.8954293, -27.0937972], [-54.8954097, -27.0937672], [-54.8953802, -27.0937534], [-54.8937348, -27.0950858], [-54.8937292, -27.0951183]]]}}, {"type": "Feature", "properties": {"capa": "verde", "nombre": null, "osm_id": "265021076"}, "geometry": {"type": "Polygon", "coordinates": [[[-54.8938822, -27.0951945], [-54.8938527, -27.0952333], [-54.8938626, -27.0952645], [-54.8939033, -27.0952745], [-54.8940394, -27.0951458], [-54.8955388, -27.0938947], [-54.8955262, -27.0938734], [-54.8954911, -27.0938684], [-54.8938822, -27.0951945]]]}}, {"type": "Feature", "properties": {"capa": "verde", "nombre": null, "osm_id": "265021771"}, "geometry": {"type": "Polygon", "coordinates": [[[-54.8943418, -27.0990027], [-54.8943488, -27.0989577], [-54.8939037, -27.0985627], [-54.8938546, -27.0985915], [-54.8938574, -27.0986565], [-54.8932481, -27.0992351], [-54.8932088, -27.0992351], [-54.8931611, -27.0992551], [-54.8931554, -27.0993151], [-54.8934531, -27.0997363], [-54.8935008, -27.0997526], [-54.8936061, -27.0997013], [-54.8943418, -27.0990027]]]}}, {"type": "Feature", "properties": {"capa": "verde", "nombre": null, "osm_id": "265021772"}, "geometry": {"type": "Polygon", "coordinates": [[[-54.8953099, -27.0975818], [-54.8952782, -27.0975703], [-54.8952474, -27.0975138], [-54.8947649, -27.0973865], [-54.8947302, -27.0973662], [-54.8946994, -27.0973352], [-54.8946388, -27.0973291], [-54.8945882, -27.097276], [-54.8945852, -27.0972504], [-54.8945932, -27.0972], [-54.8942279, -27.0967634], [-54.8941375, -27.0967493], [-54.8941832, -27.0966592], [-54.8942239, -27.0966592], [-54.8945108, -27.0964038], [-54.8945128, -27.0963658], [-54.894614, -27.0962871], [-54.8954797, -27.0973105], [-54.8954856, -27.0973547], [-54.8954717, -27.0974042], [-54.8953099, -27.0975818]]]}}, {"type": "Feature", "properties": {"capa": "verde", "nombre": null, "osm_id": "265021773"}, "geometry": {"type": "Polygon", "coordinates": [[[-54.8952434, -27.0976632], [-54.8952308, -27.0976307], [-54.8947127, -27.0974883], [-54.8946706, -27.0974595], [-54.8946111, -27.0974349], [-54.8945967, -27.0975728], [-54.8946187, -27.0976008], [-54.8945456, -27.0979869], [-54.8940725, -27.0984519], [-54.8939967, -27.0984519], [-54.8939686, -27.0984844], [-54.8939658, -27.0985219], [-54.8939897, -27.0985719], [-54.8943631, -27.0988743], [-54.8944333, -27.0989093], [-54.8945106, -27.0988643], [-54.8950946, -27.0982669], [-54.8951227, -27.0982132], [-54.8951886, -27.097787], [-54.8952588, -27.0976995], [-54.8952434, -27.0976632]]]}}, {"type": "Feature", "properties": {"capa": "edificios", "nombre": null, "osm_id": "265022950"}, "geometry": {"type": "Polygon", "coordinates": [[[-54.8898705, -27.094083], [-54.889328, -27.0939425], [-54.8892757, -27.0941029], [-54.8898182, -27.0942433], [-54.8898705, -27.094083]]]}}, {"type": "Feature", "properties": {"capa": "verde", "nombre": null, "osm_id": "265022951"}, "geometry": {"type": "Polygon", "coordinates": [[[-54.8902458, -27.0940714], [-54.8902598, -27.0940114], [-54.8902261, -27.0939739], [-54.8899229, -27.0938789], [-54.8896393, -27.0940164], [-54.889541, -27.0942739], [-54.8896, -27.0944339], [-54.8896912, -27.0944739], [-54.8898892, -27.0945251], [-54.8899678, -27.0944426], [-54.8899608, -27.0943839], [-54.8902022, -27.0940727], [-54.8902458, -27.0940714]]]}}, {"type": "Feature", "properties": {"capa": "verde", "nombre": null, "osm_id": "265022952"}, "geometry": {"type": "Polygon", "coordinates": [[[-54.8940056, -27.0965548], [-54.8940215, -27.096507], [-54.8936542, -27.0960758], [-54.8935886, -27.0960581], [-54.8936065, -27.0960333], [-54.8937018, -27.0959821], [-54.8937931, -27.0959008], [-54.8938368, -27.0958159], [-54.8938706, -27.0957152], [-54.8938448, -27.0955437], [-54.8938527, -27.0955154], [-54.8938904, -27.0955013], [-54.8939401, -27.0955225], [-54.894228, -27.0958248], [-54.8945635, -27.0962012], [-54.8945317, -27.0962454], [-54.894085, -27.0966201], [-54.8940413, -27.0966095], [-54.8940056, -27.0965548]]]}}, {"type": "Feature", "properties": {"capa": "calles", "nombre": null, "osm_id": "265023588"}, "geometry": {"type": "LineString", "coordinates": [[-54.8895704, -27.0944675], [-54.8895149, -27.0943032]]}}, {"type": "Feature", "properties": {"capa": "calles", "nombre": null, "osm_id": "265023589"}, "geometry": {"type": "LineString", "coordinates": [[-54.8888428, -27.0942799], [-54.8891604, -27.0941575]]}}, {"type": "Feature", "properties": {"capa": "calles", "nombre": "Darío Alejandro Petterson", "osm_id": "265023590"}, "geometry": {"type": "LineString", "coordinates": [[-54.889535, -27.0923871], [-54.888489, -27.0921095]]}}, {"type": "Feature", "properties": {"capa": "verde", "nombre": null, "osm_id": "265023591"}, "geometry": {"type": "Polygon", "coordinates": [[[-54.8892152, -27.0940788], [-54.8892447, -27.0939576], [-54.8891689, -27.0938601], [-54.888926, -27.0937826], [-54.8888656, -27.0938063], [-54.8887463, -27.09418], [-54.8887996, -27.0942325], [-54.8895002, -27.0944312], [-54.8895241, -27.0944025], [-54.8894665, -27.0942513], [-54.8894454, -27.0943038], [-54.8891969, -27.0942313], [-54.8891984, -27.09419], [-54.8891703, -27.0941813], [-54.8890495, -27.09415], [-54.889086, -27.0940413], [-54.8892152, -27.0940788]]]}}, {"type": "Feature", "properties": {"capa": "calles", "nombre": "Amado Bonpland", "osm_id": "265030472"}, "geometry": {"type": "LineString", "coordinates": [[-54.8885155, -27.0886163], [-54.8898466, -27.0898464], [-54.8904338, -27.0904176], [-54.8910756, -27.0910853], [-54.892261, -27.092179], [-54.892654, -27.0925663], [-54.893225, -27.0931086], [-54.8937499, -27.0936113]]}}, {"type": "Feature", "properties": {"capa": "calles", "nombre": "De La Cámara", "osm_id": "265030473"}, "geometry": {"type": "LineString", "coordinates": [[-54.8864584, -27.0935568], [-54.8859918, -27.0927302]]}}, {"type": "Feature", "properties": {"capa": "calles", "nombre": null, "osm_id": "265030474"}, "geometry": {"type": "LineString", "coordinates": [[-54.8871278, -27.0941062], [-54.8866812, -27.0937397], [-54.8864584, -27.0935568]]}}, {"type": "Feature", "properties": {"capa": "calles", "nombre": "Antártida Argentina", "osm_id": "265032481"}, "geometry": {"type": "LineString", "coordinates": [[-54.8872831, -27.0979885], [-54.8862672, -27.0973186], [-54.8861756, -27.0972615], [-54.885951, -27.0971331], [-54.8851101, -27.0965948], [-54.8838926, -27.0958723], [-54.883139, -27.0954082]]}}, {"type": "Feature", "properties": {"capa": "calles", "nombre": "Gobernador Irrazábal", "osm_id": "265032483"}, "geometry": {"type": "LineString", "coordinates": [[-54.8813343, -27.1020682], [-54.8812517, -27.1021257], [-54.8806407, -27.102964], [-54.880044, -27.1034663]]}}, {"type": "Feature", "properties": {"capa": "rutas", "nombre": "Avenida República del Paraguay", "osm_id": "265032486"}, "geometry": {"type": "LineString", "coordinates": [[-54.8775031, -27.1106829], [-54.8781629, -27.1098285], [-54.8787277, -27.1090973], [-54.8788956, -27.1088798], [-54.8791597, -27.1085379], [-54.879481, -27.1081218], [-54.8797055, -27.1078312], [-54.8799429, -27.1075238], [-54.8801151, -27.1073008], [-54.880319, -27.1070367], [-54.8825348, -27.1041675], [-54.8832673, -27.1032189]]}}, {"type": "Feature", "properties": {"capa": "verde", "nombre": null, "osm_id": "299872534"}, "geometry": {"type": "Polygon", "coordinates": [[[-54.8995452, -27.1231661], [-54.8990554, -27.1232662], [-54.8989575, -27.1233889], [-54.898874, -27.1235471], [-54.8987071, -27.1236989], [-54.8985838, -27.1237426], [-54.8993061, -27.1242416], [-54.8993965, -27.1241542], [-54.8994799, -27.1242123], [-54.8997121, -27.1241445], [-54.8995452, -27.1231661]]]}}, {"type": "Feature", "properties": {"capa": "verde", "nombre": null, "osm_id": "299872536"}, "geometry": {"type": "Polygon", "coordinates": [[[-54.901006, -27.1228066], [-54.8995452, -27.1231661], [-54.8997121, -27.1241445], [-54.9004958, -27.1240186], [-54.9012504, -27.123993], [-54.901006, -27.1228066]]]}}, {"type": "Feature", "properties": {"capa": "calles", "nombre": null, "osm_id": "299872537"}, "geometry": {"type": "LineString", "coordinates": [[-54.898394, -27.1061778], [-54.8984921, -27.1061078], [-54.8989625, -27.1057722], [-54.899209, -27.1056811], [-54.8992781, -27.1056398]]}}, {"type": "Feature", "properties": {"capa": "calles", "nombre": null, "osm_id": "299872538"}, "geometry": {"type": "LineString", "coordinates": [[-54.8991618, -27.1065496], [-54.8989174, -27.1066569], [-54.898742, -27.1068146]]}}, {"type": "Feature", "properties": {"capa": "calles", "nombre": null, "osm_id": "299872539"}, "geometry": {"type": "LineString", "coordinates": [[-54.9009796, -27.1142795], [-54.9001385, -27.1137595]]}}, {"type": "Feature", "properties": {"capa": "calles", "nombre": null, "osm_id": "299872540"}, "geometry": {"type": "LineString", "coordinates": [[-54.8998209, -27.1082878], [-54.8993845, -27.1084723]]}}, {"type": "Feature", "properties": {"capa": "verde", "nombre": null, "osm_id": "299872831"}, "geometry": {"type": "Polygon", "coordinates": [[[-54.9030354, -27.105928], [-54.9029087, -27.1064023], [-54.9028426, -27.1065447], [-54.9028795, -27.1066784], [-54.903035, -27.1069223], [-54.9031351, -27.1071029], [-54.9030007, -27.1072366], [-54.9029559, -27.1073632], [-54.9026239, -27.1075649], [-54.9024, -27.107504], [-54.9022972, -27.1072085], [-54.9022445, -27.1070419], [-54.9021629, -27.1064744], [-54.9024053, -27.1063125], [-54.9024527, -27.1062023], [-54.9025897, -27.1060428], [-54.9029906, -27.1058517], [-54.9030354, -27.105928]]]}}, {"type": "Feature", "properties": {"capa": "verde", "nombre": null, "osm_id": "299872832"}, "geometry": {"type": "Polygon", "coordinates": [[[-54.9034759, -27.1054753], [-54.9030218, -27.1049663], [-54.9020812, -27.1053861], [-54.9011959, -27.105827], [-54.9011195, -27.1058505], [-54.9008508, -27.1060006], [-54.9007032, -27.1061554], [-54.9007032, -27.1062586], [-54.9008508, -27.1064908], [-54.9012881, -27.1063477], [-54.901491, -27.1064978], [-54.9016333, -27.1064509], [-54.9017835, -27.1062375], [-54.9022077, -27.105949], [-54.9023157, -27.1059115], [-54.9023447, -27.1058411], [-54.9024422, -27.1058599], [-54.9025897, -27.1060428], [-54.9029906, -27.1058517], [-54.9032962, -27.1054935], [-54.9034759, -27.1054753]]]}}, {"type": "Feature", "properties": {"capa": "verde", "nombre": null, "osm_id": "299872833"}, "geometry": {"type": "Polygon", "coordinates": [[[-54.9035564, -27.1048527], [-54.9033222, -27.1049874], [-54.9032089, -27.1050015], [-54.9030218, -27.1049663], [-54.9020812, -27.1053861], [-54.9011959, -27.105827], [-54.9011195, -27.1058505], [-54.900698, -27.1052735], [-54.9007427, -27.1052477], [-54.9008534, -27.1053205], [-54.900993, -27.1051938], [-54.9010457, -27.1050531], [-54.9012117, -27.1049194], [-54.9011432, -27.1048608], [-54.9014251, -27.1045817], [-54.9016096, -27.1046872], [-54.9022604, -27.1040117], [-54.9024606, -27.1042111], [-54.9025605, -27.1040638], [-54.9030237, -27.1039943], [-54.9033439, -27.1041064], [-54.9035008, -27.1041788], [-54.9034486, -27.1042533], [-54.9034513, -27.1043424], [-54.9035198, -27.1044175], [-54.9035645, -27.1044902], [-54.9035719, -27.104661], [-54.9035564, -27.1048527]]]}}, {"type": "Feature", "properties": {"capa": "verde", "nombre": null, "osm_id": "299872834"}, "geometry": {"type": "Polygon", "coordinates": [[[-54.9049003, -27.1050059], [-54.9048819, -27.1048678], [-54.9048029, -27.1047951], [-54.9047739, -27.1047271], [-54.9048977, -27.1047224], [-54.9051243, -27.1047458], [-54.9052034, -27.1047623], [-54.9052853, -27.1047134], [-54.9043318, -27.1044277], [-54.9035008, -27.1041788], [-54.9034486, -27.1042533], [-54.9034513, -27.1043424], [-54.9035198, -27.1044175], [-54.9035645, -27.1044902], [-54.9035719, -27.104661], [-54.9041122, -27.1047472], [-54.9041626, -27.1046731], [-54.9042496, -27.1046309], [-54.9042562, -27.104817], [-54.9042985, -27.1048135], [-54.9049003, -27.1050059]]]}}, {"type": "Feature", "properties": {"capa": "verde", "nombre": null, "osm_id": "299872949"}, "geometry": {"type": "Polygon", "coordinates": [[[-54.897792, -27.1090753], [-54.8986674, -27.108642], [-54.8985779, -27.1084333], [-54.89906, -27.1082128], [-54.8989019, -27.1079994], [-54.8987755, -27.1080862], [-54.8987043, -27.1080017], [-54.8981853, -27.108241], [-54.8978296, -27.1077883], [-54.8978928, -27.1077578], [-54.8978059, -27.1076007], [-54.8972586, -27.1078847], [-54.897792, -27.1090753]]]}}, {"type": "Feature", "properties": {"capa": "verde", "nombre": null, "osm_id": "299872950"}, "geometry": {"type": "Polygon", "coordinates": [[[-54.900698, -27.1052735], [-54.900145, -27.1056673], [-54.9003723, -27.10614], [-54.9004412, -27.1063672], [-54.9007032, -27.1062586], [-54.9007032, -27.1061554], [-54.9008508, -27.1060006], [-54.9011195, -27.1058505], [-54.900698, -27.1052735]]]}}, {"type": "Feature", "properties": {"capa": "rutas", "nombre": "Ruta Nacional 14", "osm_id": "305362170"}, "geometry": {"type": "LineString", "coordinates": [[-54.9396003, -27.1790198], [-54.938976, -27.1789164], [-54.9385607, -27.1788361], [-54.9382413, -27.1787472], [-54.9376631, -27.1785644], [-54.9371076, -27.17832], [-54.9363983, -27.1778799], [-54.9358285, -27.1774328], [-54.9353677, -27.1770033], [-54.9350538, -27.1765824], [-54.9347522, -27.1761035], [-54.9344391, -27.1754414], [-54.9342558, -27.1748911], [-54.9341354, -27.1745213], [-54.9336198, -27.1729373], [-54.9332607, -27.1719259], [-54.9328196, -27.1706902], [-54.9326104, -27.1700207], [-54.9319433, -27.1680097], [-54.9317395, -27.1675302], [-54.9315142, -27.1670888], [-54.9311694, -27.166588], [-54.9309233, -27.1662215], [-54.9306728, -27.1659485], [-54.9302479, -27.1655017], [-54.929581, -27.1648131], [-54.9292673, -27.164508], [-54.9291571, -27.1644027], [-54.9286795, -27.1639557], [-54.9280079, -27.1633044], [-54.9260625, -27.1614367], [-54.9256073, -27.1610141], [-54.923878, -27.159272], [-54.9233643, -27.1586547], [-54.9229354, -27.158092], [-54.9225602, -27.1575293], [-54.9222851, -27.1571209], [-54.9209075, -27.1548561], [-54.9198978, -27.15325], [-54.9191093, -27.1519958], [-54.9187109, -27.1514074], [-54.9182544, -27.1507761], [-54.9178476, -27.1503778], [-54.9173557, -27.1499566], [-54.9168778, -27.1495793], [-54.9162501, -27.1491372], [-54.9157082, -27.1487356], [-54.9155625, -27.1486119], [-54.9150968, -27.1482599], [-54.9149239, -27.1481254], [-54.914238, -27.1475917], [-54.9125731, -27.1462863], [-54.9118232, -27.1456845], [-54.9114105, -27.1453073], [-54.9111592, -27.1450477], [-54.9108403, -27.1446372], [-54.9104758, -27.1440913], [-54.9100401, -27.1433425], [-54.9096478, -27.1423977], [-54.909448, -27.1415133], [-54.9093919, -27.1409338], [-54.9093788, -27.140297], [-54.9094284, -27.1383327], [-54.9094384, -27.138084], [-54.9094679, -27.1373532], [-54.9094477, -27.1368184], [-54.9094424, -27.1367623], [-54.9094061, -27.136379], [-54.9092808, -27.1357761], [-54.909264, -27.1357144], [-54.9090586, -27.1349602], [-54.9090111, -27.1347665], [-54.908961, -27.1346011], [-54.9088319, -27.1341033], [-54.9086305, -27.1333177], [-54.9078306, -27.1304453], [-54.90669, -27.1268021], [-54.9064201, -27.125977], [-54.9061704, -27.1252134], [-54.9060739, -27.1249211], [-54.9054476, -27.1229404], [-54.9051037, -27.1217102], [-54.9047368, -27.1201361], [-54.9046949, -27.1199561], [-54.9038705, -27.1165156], [-54.9038273, -27.1163442], [-54.9037805, -27.1161584], [-54.9036587, -27.1157429], [-54.9036196, -27.1155976], [-54.903596, -27.1155097], [-54.9034278, -27.1148846], [-54.9032808, -27.1145674], [-54.9025631, -27.1132162], [-54.9021165, -27.1124188], [-54.9020138, -27.1122157], [-54.9017896, -27.1118342], [-54.9016979, -27.1116612], [-54.9014195, -27.1111051], [-54.9006892, -27.1097737], [-54.9006422, -27.1096933], [-54.8998209, -27.1082878], [-54.8995453, -27.107838], [-54.8994373, -27.1076473], [-54.8991522, -27.1072466], [-54.8989539, -27.1070207], [-54.898742, -27.1068146], [-54.8985187, -27.1066122], [-54.8984951, -27.106593], [-54.8982922, -27.1064284], [-54.8980915, -27.1062656], [-54.8976216, -27.1059748], [-54.8971229, -27.1057101], [-54.8964701, -27.1054611], [-54.8962175, -27.1053645], [-54.8958382, -27.1052245], [-54.8931516, -27.1041958], [-54.892404, -27.103913]]}}, {"type": "Feature", "properties": {"capa": "rutas", "nombre": "Avenida de Las Américas", "osm_id": "311210917"}, "geometry": {"type": "LineString", "coordinates": [[-54.8937928, -27.0952261], [-54.893905, -27.0953453], [-54.8940801, -27.0955541], [-54.8944921, -27.0960146], [-54.8946342, -27.0961791], [-54.8947367, -27.0963246], [-54.8952969, -27.0969789], [-54.8954093, -27.0971091], [-54.8955428, -27.0972532], [-54.895604, -27.0973115]]}}, {"type": "Feature", "properties": {"capa": "caminos", "nombre": null, "osm_id": "317307565"}, "geometry": {"type": "LineString", "coordinates": [[-54.8958831, -27.0917686], [-54.895731, -27.0916191], [-54.8956892, -27.0915712]]}}, {"type": "Feature", "properties": {"capa": "calles", "nombre": null, "osm_id": "342584341"}, "geometry": {"type": "LineString", "coordinates": [[-54.909225, -27.1127042], [-54.9081796, -27.1129411], [-54.9075227, -27.1130435], [-54.9070583, -27.1131159], [-54.9064565, -27.1131937], [-54.905297, -27.1134004], [-54.9045531, -27.1135253], [-54.9032373, -27.1137462]]}}, {"type": "Feature", "properties": {"capa": "calles", "nombre": null, "osm_id": "342584342"}, "geometry": {"type": "LineString", "coordinates": [[-54.9045485, -27.1072719], [-54.904974, -27.1079572], [-54.9053219, -27.108603], [-54.9056204, -27.1090895], [-54.9056828, -27.1092296], [-54.905454, -27.109558], [-54.9050477, -27.1098282], [-54.904851, -27.109895]]}}, {"type": "Feature", "properties": {"capa": "calles", "nombre": null, "osm_id": "342584343"}, "geometry": {"type": "LineString", "coordinates": [[-54.9076586, -27.1067308], [-54.9073265, -27.1068816], [-54.906256, -27.1073675], [-54.9058382, -27.1075571], [-54.904974, -27.1079572], [-54.9034884, -27.108645], [-54.9025385, -27.1091005]]}}, {"type": "Feature", "properties": {"capa": "calles", "nombre": null, "osm_id": "342584344"}, "geometry": {"type": "LineString", "coordinates": [[-54.8994078, -27.1072019], [-54.8995606, -27.1071349], [-54.9011536, -27.1064369]]}}, {"type": "Feature", "properties": {"capa": "calles", "nombre": null, "osm_id": "342584345"}, "geometry": {"type": "LineString", "coordinates": [[-54.9018501, -27.0962803], [-54.9018956, -27.0966893], [-54.9018861, -27.0968385], [-54.9017839, -27.0971607]]}}, {"type": "Feature", "properties": {"capa": "calles", "nombre": null, "osm_id": "342584346"}, "geometry": {"type": "LineString", "coordinates": [[-54.9036478, -27.0926108], [-54.9035583, -27.0931735], [-54.9035761, -27.0932633], [-54.9036427, -27.0933632], [-54.9037549, -27.0934974], [-54.9038025, -27.0935206], [-54.9039022, -27.0935692], [-54.9041231, -27.0936379]]}}, {"type": "Feature", "properties": {"capa": "calles", "nombre": null, "osm_id": "342591178"}, "geometry": {"type": "LineString", "coordinates": [[-54.883609, -27.0936112], [-54.8831801, -27.0942016]]}}, {"type": "Feature", "properties": {"capa": "calles", "nombre": null, "osm_id": "342591179"}, "geometry": {"type": "LineString", "coordinates": [[-54.8859918, -27.0927302], [-54.8852918, -27.0930272]]}}, {"type": "Feature", "properties": {"capa": "calles", "nombre": null, "osm_id": "342591180"}, "geometry": {"type": "LineString", "coordinates": [[-54.8882315, -27.0883686], [-54.8876305, -27.0883655]]}}, {"type": "Feature", "properties": {"capa": "calles", "nombre": null, "osm_id": "342591181"}, "geometry": {"type": "LineString", "coordinates": [[-54.9036218, -27.0892179], [-54.9036829, -27.0886737], [-54.9036478, -27.0886259], [-54.9031855, -27.0885386], [-54.9031115, -27.088493], [-54.9030282, -27.0883758], [-54.9028527, -27.0879872], [-54.9027723, -27.087715], [-54.9027911, -27.0874189], [-54.9028045, -27.087235], [-54.9027845, -27.0870089]]}}, {"type": "Feature", "properties": {"capa": "calles", "nombre": null, "osm_id": "342591182"}, "geometry": {"type": "LineString", "coordinates": [[-54.8994587, -27.089309], [-54.8992814, -27.0885261], [-54.899135, -27.088111]]}}, {"type": "Feature", "properties": {"capa": "calles", "nombre": null, "osm_id": "342591183"}, "geometry": {"type": "LineString", "coordinates": [[-54.8846274, -27.1096049], [-54.8854554, -27.1100991], [-54.8863309, -27.1105988], [-54.8871253, -27.1111149]]}}, {"type": "Feature", "properties": {"capa": "edificios", "nombre": "Hospital Dr. Justo José Pereyra", "osm_id": "361316496"}, "geometry": {"type": "Polygon", "coordinates": [[[-54.8880131, -27.1043732], [-54.8880266, -27.1045099], [-54.8878456, -27.1045242], [-54.8878549, -27.1046177], [-54.887862, -27.1046891], [-54.8874137, -27.1047243], [-54.8873986, -27.1045718], [-54.8875718, -27.1045582], [-54.887557, -27.1044091], [-54.8880131, -27.1043732]]]}}, {"type": "Feature", "properties": {"capa": "edificios", "nombre": null, "osm_id": "361316497"}, "geometry": {"type": "Polygon", "coordinates": [[[-54.888366, -27.1043055], [-54.8883282, -27.1043097], [-54.8883287, -27.1043439], [-54.8881438, -27.1043577], [-54.8881195, -27.1043555], [-54.8880977, -27.1043682], [-54.8880786, -27.104376], [-54.8880556, -27.1043734], [-54.8880284, -27.1043704], [-54.8879806, -27.1043414], [-54.8879415, -27.1043023], [-54.8877727, -27.1041974], [-54.8878814, -27.1040559], [-54.8880598, -27.1041667], [-54.8881014, -27.1040476], [-54.8881379, -27.1040521], [-54.8881031, -27.1041753], [-54.8883524, -27.1041576], [-54.888366, -27.1043055]]]}}, {"type": "Feature", "properties": {"capa": "calles", "nombre": null, "osm_id": "388705712"}, "geometry": {"type": "LineString", "coordinates": [[-54.8898959, -27.0938299], [-54.8896681, -27.093932], [-54.8895233, -27.0938917], [-54.8893086, -27.093832], [-54.8888478, -27.0937039]]}}, {"type": "Feature", "properties": {"capa": "calles", "nombre": null, "osm_id": "388705713"}, "geometry": {"type": "LineString", "coordinates": [[-54.8893086, -27.093832], [-54.8892038, -27.0941696]]}}, {"type": "Feature", "properties": {"capa": "edificios", "nombre": null, "osm_id": "388705827"}, "geometry": {"type": "Polygon", "coordinates": [[[-54.8903131, -27.0936234], [-54.8902263, -27.0935994], [-54.8901859, -27.0937154], [-54.8901404, -27.0937028], [-54.8901786, -27.0935932], [-54.8900905, -27.0935689], [-54.890027, -27.0937512], [-54.8902474, -27.093812], [-54.8903131, -27.0936234]]]}}, {"type": "Feature", "properties": {"capa": "edificios", "nombre": null, "osm_id": "388705828"}, "geometry": {"type": "Polygon", "coordinates": [[[-54.8904563, -27.0936909], [-54.8904309, -27.0937656], [-54.8902998, -27.0937302], [-54.8903253, -27.0936555], [-54.8904563, -27.0936909]]]}}, {"type": "Feature", "properties": {"capa": "edificios", "nombre": null, "osm_id": "407414266"}, "geometry": {"type": "Polygon", "coordinates": [[[-54.8893176, -27.0948876], [-54.8894716, -27.0949841], [-54.8896955, -27.0946886], [-54.8895117, -27.0946333], [-54.8893176, -27.0948876]]]}}, {"type": "Feature", "properties": {"capa": "edificios", "nombre": "Banco Nación", "osm_id": "407414267"}, "geometry": {"type": "Polygon", "coordinates": [[[-54.890569, -27.0939334], [-54.8905754, -27.0939737], [-54.8907038, -27.0940707], [-54.8908453, -27.0940551], [-54.8908598, -27.0941594], [-54.8909298, -27.0941516], [-54.8909083, -27.0939975], [-54.890892, -27.0938932], [-54.890569, -27.0939334]]]}}, {"type": "Feature", "properties": {"capa": "edificios", "nombre": null, "osm_id": "407414268"}, "geometry": {"type": "Polygon", "coordinates": [[[-54.8892682, -27.0945605], [-54.8891598, -27.0945248], [-54.8890976, -27.0946747], [-54.889206, -27.0947103], [-54.8892682, -27.0945605]]]}}, {"type": "Feature", "properties": {"capa": "edificios", "nombre": null, "osm_id": "407414269"}, "geometry": {"type": "Polygon", "coordinates": [[[-54.889841, -27.0935599], [-54.8897239, -27.0937408], [-54.8896459, -27.0936929], [-54.8895813, -27.0937051], [-54.8894336, -27.0936433], [-54.8896023, -27.0934131], [-54.889841, -27.0935599]]]}}, {"type": "Feature", "properties": {"capa": "calles", "nombre": "Juan Buearc", "osm_id": "407414272"}, "geometry": {"type": "LineString", "coordinates": [[-54.8916385, -27.0937182], [-54.8905211, -27.0938293]]}}, {"type": "Feature", "properties": {"capa": "edificios", "nombre": null, "osm_id": "407414273"}, "geometry": {"type": "Polygon", "coordinates": [[[-54.8917451, -27.0935373], [-54.891668, -27.0934814], [-54.8916084, -27.0935464], [-54.8916855, -27.0936023], [-54.8917451, -27.0935373]]]}}, {"type": "Feature", "properties": {"capa": "edificios", "nombre": null, "osm_id": "407988011"}, "geometry": {"type": "Polygon", "coordinates": [[[-54.8876916, -27.0926836], [-54.8876483, -27.0928054], [-54.8874403, -27.0927469], [-54.8874835, -27.0926251], [-54.8876916, -27.0926836]]]}}, {"type": "Feature", "properties": {"capa": "edificios", "nombre": null, "osm_id": "408439826"}, "geometry": {"type": "Polygon", "coordinates": [[[-54.8854014, -27.093714], [-54.8854173, -27.093751], [-54.8855096, -27.0937195], [-54.8854925, -27.0936798], [-54.8856086, -27.0936402], [-54.8855558, -27.0935173], [-54.8854285, -27.0935606], [-54.8854007, -27.093496], [-54.8855108, -27.0934585], [-54.8854436, -27.0933085], [-54.8853658, -27.0933379], [-54.8853745, -27.0933632], [-54.8853068, -27.0933862], [-54.8852903, -27.0933475], [-54.8853719, -27.0933191], [-54.8853276, -27.0932197], [-54.885028, -27.0933272], [-54.8850746, -27.093434], [-54.8852541, -27.0933719], [-54.8852699, -27.0934081], [-54.8851244, -27.0934584], [-54.8851317, -27.0934753], [-54.8850668, -27.0934976], [-54.885111, -27.0935997], [-54.8853287, -27.0935249], [-54.8853562, -27.0935885], [-54.8851754, -27.0936504], [-54.8852284, -27.0937732], [-54.8854014, -27.093714]]]}}, {"type": "Feature", "properties": {"capa": "edificios", "nombre": null, "osm_id": "408748374"}, "geometry": {"type": "Polygon", "coordinates": [[[-54.9051565, -27.123694], [-54.905069, -27.123724], [-54.9051169, -27.1238347], [-54.9052044, -27.1238047], [-54.9051565, -27.123694]]]}}, {"type": "Feature", "properties": {"capa": "agua", "nombre": null, "osm_id": "410525607"}, "geometry": {"type": "Polygon", "coordinates": [[[-54.8866951, -27.0976769], [-54.8867621, -27.0977366], [-54.8869094, -27.0978116], [-54.887135, -27.097961], [-54.8870411, -27.0981688], [-54.8869453, -27.0982107], [-54.886799, -27.0983042], [-54.8863754, -27.0980745], [-54.8861023, -27.0984219], [-54.8860379, -27.0987084], [-54.8858502, -27.098866], [-54.8857, -27.0990141], [-54.8854371, -27.0991382], [-54.8852011, -27.0990475], [-54.8851395, -27.0989508], [-54.8850884, -27.0988708], [-54.8849168, -27.0985986], [-54.8854049, -27.0984696], [-54.8858234, -27.0981258], [-54.8860379, -27.0977581], [-54.8861828, -27.097548], [-54.886268, -27.097448], [-54.8866006, -27.0976186], [-54.8866341, -27.0976357], [-54.8866951, -27.0976769]]]}}, {"type": "Feature", "properties": {"capa": "edificios", "nombre": null, "osm_id": "410532171"}, "geometry": {"type": "Polygon", "coordinates": [[[-54.8881597, -27.101036], [-54.8884251, -27.1012055], [-54.8881629, -27.1015309], [-54.8878764, -27.101348], [-54.8879336, -27.1012769], [-54.8878808, -27.1012432], [-54.8879531, -27.1011535], [-54.888027, -27.1012007], [-54.8881597, -27.101036]]]}}, {"type": "Feature", "properties": {"capa": "edificios", "nombre": null, "osm_id": "414503521"}, "geometry": {"type": "Polygon", "coordinates": [[[-54.887073, -27.1071706], [-54.8867983, -27.1070082], [-54.8866402, -27.1072202], [-54.886747, -27.1072833], [-54.8867689, -27.107254], [-54.8869368, -27.1073532], [-54.887073, -27.1071706]]]}}, {"type": "Feature", "properties": {"capa": "edificios", "nombre": null, "osm_id": "414503523"}, "geometry": {"type": "Polygon", "coordinates": [[[-54.887082, -27.1070569], [-54.8870315, -27.1071286], [-54.8868788, -27.1070434], [-54.8869293, -27.1069717], [-54.887082, -27.1070569]]]}}, {"type": "Feature", "properties": {"capa": "edificios", "nombre": null, "osm_id": "414503524"}, "geometry": {"type": "Polygon", "coordinates": [[[-54.8872327, -27.10712], [-54.8871914, -27.1071863], [-54.8870839, -27.1071332], [-54.8871252, -27.107067], [-54.8872327, -27.10712]]]}}, {"type": "Feature", "properties": {"capa": "edificios", "nombre": null, "osm_id": "414503526"}, "geometry": {"type": "Polygon", "coordinates": [[[-54.8868392, -27.107371], [-54.886794, -27.1074336], [-54.8867065, -27.1073836], [-54.8867517, -27.107321], [-54.8868392, -27.107371]]]}}, {"type": "Feature", "properties": {"capa": "agua", "nombre": null, "osm_id": "414503528"}, "geometry": {"type": "Polygon", "coordinates": [[[-54.8795098, -27.1086721], [-54.879601, -27.1087103], [-54.8796117, -27.1088201], [-54.8795205, -27.10893], [-54.8794186, -27.1089491], [-54.879263, -27.1089347], [-54.8791397, -27.1088965], [-54.8791504, -27.1088058], [-54.8792523, -27.1087199], [-54.8793971, -27.1086578], [-54.8795098, -27.1086721]]]}}, {"type": "Feature", "properties": {"capa": "edificios", "nombre": null, "osm_id": "414503529"}, "geometry": {"type": "Polygon", "coordinates": [[[-54.8984674, -27.1075902], [-54.8986865, -27.1079548], [-54.898219, -27.1081775], [-54.8979998, -27.1078129], [-54.8984674, -27.1075902]]]}}, {"type": "Feature", "properties": {"capa": "edificios", "nombre": null, "osm_id": "417670011"}, "geometry": {"type": "Polygon", "coordinates": [[[-54.9022339, -27.0995241], [-54.9022973, -27.0995854], [-54.9022281, -27.0996421], [-54.9022641, -27.0996768], [-54.9020946, -27.0998156], [-54.9019627, -27.0996881], [-54.9021292, -27.0995517], [-54.9021618, -27.0995832], [-54.9022339, -27.0995241]]]}}, {"type": "Feature", "properties": {"capa": "edificios", "nombre": null, "osm_id": "417670016"}, "geometry": {"type": "Polygon", "coordinates": [[[-54.895716, -27.0905808], [-54.8956957, -27.0905602], [-54.8956636, -27.0905852], [-54.8955258, -27.0904449], [-54.8955068, -27.0904597], [-54.8954598, -27.0904117], [-54.8954796, -27.0903964], [-54.8954247, -27.0903402], [-54.8956072, -27.090199], [-54.8956478, -27.0902406], [-54.8956682, -27.0902249], [-54.8956192, -27.0901745], [-54.8958707, -27.0899804], [-54.8960205, -27.0901344], [-54.8959306, -27.0901914], [-54.895871, -27.0901348], [-54.8957944, -27.0901948], [-54.8958077, -27.0902082], [-54.8958487, -27.090176], [-54.8958903, -27.090218], [-54.895921, -27.0901958], [-54.8959826, -27.0902521], [-54.8958324, -27.0903701], [-54.8957356, -27.0902724], [-54.8957799, -27.0902375], [-54.8957619, -27.0902193], [-54.8955957, -27.0903497], [-54.8957204, -27.0904757], [-54.8957479, -27.0904541], [-54.8957628, -27.0904691], [-54.8957419, -27.0904854], [-54.8957838, -27.0905279], [-54.895716, -27.0905808]]]}}, {"type": "Feature", "properties": {"capa": "edificios", "nombre": null, "osm_id": "417670022"}, "geometry": {"type": "Polygon", "coordinates": [[[-54.8949547, -27.0902723], [-54.8950269, -27.0903415], [-54.8947338, -27.0905838], [-54.8946616, -27.0905146], [-54.8949547, -27.0902723]]]}}, {"type": "Feature", "properties": {"capa": "edificios", "nombre": null, "osm_id": "417670025"}, "geometry": {"type": "Polygon", "coordinates": [[[-54.9041615, -27.0901048], [-54.9041814, -27.0902572], [-54.9038694, -27.0902896], [-54.9038495, -27.0901371], [-54.9041615, -27.0901048]]]}}, {"type": "Feature", "properties": {"capa": "edificios", "nombre": null, "osm_id": "417981686"}, "geometry": {"type": "Polygon", "coordinates": [[[-54.8934761, -27.0951527], [-54.8933567, -27.095253], [-54.8932343, -27.0951375], [-54.8933536, -27.0950372], [-54.8934761, -27.0951527]]]}}, {"type": "Feature", "properties": {"capa": "edificios", "nombre": null, "osm_id": "428977239"}, "geometry": {"type": "Polygon", "coordinates": [[[-54.8959063, -27.0953652], [-54.8960213, -27.0954755], [-54.8958314, -27.0956325], [-54.8959792, -27.0957742], [-54.8959574, -27.0957922], [-54.8959815, -27.0958154], [-54.895839, -27.0959332], [-54.8958096, -27.095905], [-54.8957706, -27.0959372], [-54.8958217, -27.0959862], [-54.8957264, -27.0960648], [-54.8956477, -27.0959893], [-54.8956773, -27.0959648], [-54.8955131, -27.0958073], [-54.8954596, -27.0958515], [-54.8953939, -27.0957885], [-54.8959063, -27.0953652]]]}}, {"type": "Feature", "properties": {"capa": "edificios", "nombre": null, "osm_id": "428977242"}, "geometry": {"type": "Polygon", "coordinates": [[[-54.8964926, -27.0960926], [-54.8962415, -27.0959447], [-54.8959963, -27.0962756], [-54.8962434, -27.0964288], [-54.8964926, -27.0960926]]]}}, {"type": "Feature", "properties": {"capa": "edificios", "nombre": null, "osm_id": "429284845"}, "geometry": {"type": "Polygon", "coordinates": [[[-54.9029785, -27.11252], [-54.9030142, -27.11258], [-54.902937, -27.1126164], [-54.9029013, -27.1125563], [-54.9029785, -27.11252]]]}}, {"type": "Feature", "properties": {"capa": "edificios", "nombre": null, "osm_id": "439049519"}, "geometry": {"type": "Polygon", "coordinates": [[[-54.8985813, -27.1006126], [-54.8986525, -27.1006319], [-54.8983777, -27.1012497], [-54.8983085, -27.1012391], [-54.8982472, -27.1012039], [-54.8980376, -27.1010191], [-54.8985813, -27.1006126]]]}}, {"type": "Feature", "properties": {"capa": "edificios", "nombre": null, "osm_id": "439049520"}, "geometry": {"type": "Polygon", "coordinates": [[[-54.8988067, -27.1012638], [-54.8986308, -27.1011758], [-54.898522, -27.101306], [-54.8985754, -27.1013324], [-54.8985497, -27.1013729], [-54.8986881, -27.1014433], [-54.8988067, -27.1012638]]]}}, {"type": "Feature", "properties": {"capa": "edificios", "nombre": "San Josè", "osm_id": "439049521"}, "geometry": {"type": "Polygon", "coordinates": [[[-54.8988519, -27.100872], [-54.8987031, -27.1008122], [-54.8985362, -27.1010804], [-54.8986875, -27.101153], [-54.8988519, -27.100872]]]}}, {"type": "Feature", "properties": {"capa": "verde", "nombre": "Paseo Cultural de Aristóbulo del Valle", "osm_id": "443295441"}, "geometry": {"type": "Polygon", "coordinates": [[[-54.8961107, -27.0973555], [-54.8959674, -27.0977334], [-54.8955738, -27.0976399], [-54.895567, -27.0975555], [-54.895818, -27.0971731], [-54.8961107, -27.0973555]]]}}, {"type": "Feature", "properties": {"capa": "calles", "nombre": "Brasil", "osm_id": "447291152"}, "geometry": {"type": "LineString", "coordinates": [[-54.8836864, -27.1007275], [-54.8837914, -27.1005329], [-54.8843342, -27.0998352], [-54.8847549, -27.0993078]]}}, {"type": "Feature", "properties": {"capa": "edificios", "nombre": null, "osm_id": "447293120"}, "geometry": {"type": "Polygon", "coordinates": [[[-54.8860663, -27.0930855], [-54.8861548, -27.0932538], [-54.885848, -27.0933816], [-54.8857596, -27.0932133], [-54.8860663, -27.0930855]]]}}, {"type": "Feature", "properties": {"capa": "edificios", "nombre": null, "osm_id": "447294168"}, "geometry": {"type": "Polygon", "coordinates": [[[-54.8949576, -27.0933436], [-54.8953179, -27.0936811], [-54.8951642, -27.0938111], [-54.8948039, -27.0934737], [-54.8949576, -27.0933436]]]}}, {"type": "Feature", "properties": {"capa": "calles", "nombre": "Presidente Carlos Pellegrini", "osm_id": "447487252"}, "geometry": {"type": "LineString", "coordinates": [[-54.902579, -27.1005742], [-54.9024045, -27.10039], [-54.9022641, -27.1002579], [-54.9018756, -27.0998924], [-54.9016325, -27.0996638], [-54.9014394, -27.0994821], [-54.9006431, -27.0987307], [-54.8998048, -27.097928], [-54.8989912, -27.0971369], [-54.8981935, -27.0963124], [-54.8977239, -27.0958441]]}}, {"type": "Feature", "properties": {"capa": "edificios", "nombre": null, "osm_id": "447487253"}, "geometry": {"type": "Polygon", "coordinates": [[[-54.9042289, -27.0897713], [-54.9042427, -27.0898568], [-54.9038483, -27.0899073], [-54.9038232, -27.0897518], [-54.9041458, -27.0897105], [-54.9041571, -27.0897805], [-54.9042289, -27.0897713]]]}}, {"type": "Feature", "properties": {"capa": "edificios", "nombre": null, "osm_id": "450690322"}, "geometry": {"type": "Polygon", "coordinates": [[[-54.8816267, -27.1051266], [-54.8810995, -27.1047846], [-54.8809958, -27.1049113], [-54.8811178, -27.1049905], [-54.8809836, -27.1051543], [-54.8812384, -27.1053196], [-54.8812935, -27.1052523], [-54.8814439, -27.1053498], [-54.8816267, -27.1051266]]]}}, {"type": "Feature", "properties": {"capa": "edificios", "nombre": null, "osm_id": "450690323"}, "geometry": {"type": "Polygon", "coordinates": [[[-54.8815149, -27.1037978], [-54.8819613, -27.1040853], [-54.8819188, -27.1041375], [-54.8819835, -27.1041792], [-54.8819539, -27.1042156], [-54.8818937, -27.1041769], [-54.8818347, -27.1042496], [-54.881519, -27.1040463], [-54.8815552, -27.1040016], [-54.88142, -27.1039146], [-54.8815149, -27.1037978]]]}}, {"type": "Feature", "properties": {"capa": "agua", "nombre": null, "osm_id": "450690330"}, "geometry": {"type": "Polygon", "coordinates": [[[-54.8870006, -27.0863259], [-54.8873262, -27.0864551], [-54.8872979, -27.0865276], [-54.8872802, -27.0866064], [-54.8871776, -27.0866064], [-54.8871103, -27.0866284], [-54.8870678, -27.0865906], [-54.887082, -27.0865244], [-54.8869511, -27.0864646], [-54.8869334, -27.0864205], [-54.8869192, -27.0863763], [-54.8870006, -27.0863259]]]}}, {"type": "Feature", "properties": {"capa": "agua", "nombre": null, "osm_id": "450690331"}, "geometry": {"type": "Polygon", "coordinates": [[[-54.8794726, -27.1184598], [-54.8794974, -27.1185323], [-54.8793947, -27.1185323], [-54.8793912, -27.1185858], [-54.8793204, -27.1186362], [-54.8792461, -27.1186425], [-54.8792178, -27.1185732], [-54.8792355, -27.118485], [-54.879324, -27.1184755], [-54.8793983, -27.1184692], [-54.8794726, -27.1184598]]]}}, {"type": "Feature", "properties": {"capa": "calles", "nombre": null, "osm_id": "453822271"}, "geometry": {"type": "LineString", "coordinates": [[-54.8792273, -27.0923437], [-54.8791886, -27.092439], [-54.8792032, -27.0925149], [-54.8792473, -27.0925724], [-54.8793523, -27.0926417]]}}, {"type": "Feature", "properties": {"capa": "rutas", "nombre": "Avenida de Las Américas", "osm_id": "453822272"}, "geometry": {"type": "LineString", "coordinates": [[-54.8779897, -27.0923187], [-54.8782366, -27.0924678], [-54.8783328, -27.0925174], [-54.8784491, -27.092564], [-54.8785539, -27.0925881], [-54.8786949, -27.0926064]]}}, {"type": "Feature", "properties": {"capa": "verde", "nombre": null, "osm_id": "453822273"}, "geometry": {"type": "Polygon", "coordinates": [[[-54.8798285, -27.0907492], [-54.879347, -27.0904772], [-54.8791148, -27.0908029], [-54.8795963, -27.0910749], [-54.8798285, -27.0907492]]]}}, {"type": "Feature", "properties": {"capa": "edificios", "nombre": null, "osm_id": "473600296"}, "geometry": {"type": "Polygon", "coordinates": [[[-54.8720384, -27.0942383], [-54.8719277, -27.0941716], [-54.8715098, -27.094726], [-54.8716149, -27.0947936], [-54.8720384, -27.0942383]]]}}, {"type": "Feature", "properties": {"capa": "edificios", "nombre": null, "osm_id": "473600297"}, "geometry": {"type": "Polygon", "coordinates": [[[-54.8713584, -27.0946311], [-54.871451, -27.0946883], [-54.8718919, -27.0941428], [-54.871806, -27.0940875], [-54.8713584, -27.0946311]]]}}, {"type": "Feature", "properties": {"capa": "edificios", "nombre": null, "osm_id": "473622870"}, "geometry": {"type": "Polygon", "coordinates": [[[-54.8718768, -27.0940734], [-54.8718092, -27.0940325], [-54.8719109, -27.0938992], [-54.8721665, -27.0940537], [-54.8720617, -27.094191], [-54.8719639, -27.0941319], [-54.872015, -27.0940649], [-54.8719248, -27.0940104], [-54.8718768, -27.0940734]]]}}, {"type": "Feature", "properties": {"capa": "agua", "nombre": null, "osm_id": "473622875"}, "geometry": {"type": "Polygon", "coordinates": [[[-54.8655088, -27.0929456], [-54.8656521, -27.0929949], [-54.8656619, -27.0931051], [-54.8656098, -27.0931892], [-54.8655381, -27.093166], [-54.8654991, -27.0932037], [-54.8654307, -27.0932037], [-54.8653883, -27.0931834], [-54.8653851, -27.0931225], [-54.8653851, -27.0930703], [-54.865447, -27.0929862], [-54.8655088, -27.0929456]]]}}, {"type": "Feature", "properties": {"capa": "calles", "nombre": null, "osm_id": "473623685"}, "geometry": {"type": "LineString", "coordinates": [[-54.8717178, -27.0938843], [-54.8704441, -27.0930781], [-54.8688145, -27.0920105]]}}, {"type": "Feature", "properties": {"capa": "edificios", "nombre": null, "osm_id": "473623686"}, "geometry": {"type": "Polygon", "coordinates": [[[-54.8715695, -27.0939604], [-54.8714491, -27.0938891], [-54.8713997, -27.0939553], [-54.8715201, -27.0940265], [-54.8715695, -27.0939604]]]}}, {"type": "Feature", "properties": {"capa": "edificios", "nombre": null, "osm_id": "473623687"}, "geometry": {"type": "Polygon", "coordinates": [[[-54.8715393, -27.0947546], [-54.8714189, -27.0946742], [-54.8713439, -27.0947633], [-54.8714642, -27.0948437], [-54.8715393, -27.0947546]]]}}, {"type": "Feature", "properties": {"capa": "edificios", "nombre": null, "osm_id": "473623688"}, "geometry": {"type": "Polygon", "coordinates": [[[-54.8715708, -27.094784], [-54.8715223, -27.0948478], [-54.8715619, -27.0948716], [-54.8716104, -27.0948079], [-54.8715708, -27.094784]]]}}, {"type": "Feature", "properties": {"capa": "edificios", "nombre": null, "osm_id": "479362080"}, "geometry": {"type": "Polygon", "coordinates": [[[-54.8952349, -27.0955671], [-54.895134, -27.0954395], [-54.895053, -27.0954932], [-54.8951578, -27.0956173], [-54.8952349, -27.0955671]]]}}, {"type": "Feature", "properties": {"capa": "agua", "nombre": null, "osm_id": "479365794"}, "geometry": {"type": "Polygon", "coordinates": [[[-54.8923273, -27.0910913], [-54.892357, -27.0911159], [-54.8924608, -27.0911732], [-54.8924113, -27.0912189], [-54.8924331, -27.0912436], [-54.8924242, -27.0912691], [-54.8923955, -27.0912647], [-54.8923609, -27.0912374], [-54.892356, -27.0912277], [-54.8923708, -27.0912136], [-54.8922799, -27.0911318], [-54.8923273, -27.0910913]]]}}, {"type": "Feature", "properties": {"capa": "edificios", "nombre": null, "osm_id": "479365797"}, "geometry": {"type": "Polygon", "coordinates": [[[-54.8921448, -27.0913446], [-54.8922049, -27.0914062], [-54.8921587, -27.0914419], [-54.8922502, -27.0915356], [-54.8919398, -27.0917762], [-54.891889, -27.0917242], [-54.892099, -27.0915616], [-54.891998, -27.0914582], [-54.8921448, -27.0913446]]]}}, {"type": "Feature", "properties": {"capa": "calles", "nombre": null, "osm_id": "485955017"}, "geometry": {"type": "LineString", "coordinates": [[-54.8844504, -27.1014351], [-54.8843275, -27.1014435], [-54.8842125, -27.1014663], [-54.8841533, -27.1014928], [-54.8840523, -27.1015014], [-54.8839351, -27.1015449], [-54.883826, -27.1016189], [-54.8837234, -27.1016957]]}}, {"type": "Feature", "properties": {"capa": "edificios", "nombre": null, "osm_id": "486073164"}, "geometry": {"type": "Polygon", "coordinates": [[[-54.8915738, -27.0945167], [-54.8915105, -27.0945173], [-54.8915097, -27.09446], [-54.8914076, -27.094461], [-54.8914045, -27.094221], [-54.89157, -27.0942193], [-54.8915738, -27.0945167]]]}}, {"type": "Feature", "properties": {"capa": "edificios", "nombre": null, "osm_id": "490781187"}, "geometry": {"type": "Polygon", "coordinates": [[[-54.8881782, -27.096459], [-54.8882673, -27.0965102], [-54.8881937, -27.0966118], [-54.8881767, -27.096602], [-54.8881232, -27.0966759], [-54.8881354, -27.096683], [-54.8880142, -27.0968502], [-54.8879394, -27.0968072], [-54.8879302, -27.09682], [-54.8876434, -27.0966553], [-54.8876978, -27.0965802], [-54.8879749, -27.0967394], [-54.8881782, -27.096459]]]}}, {"type": "Feature", "properties": {"capa": "edificios", "nombre": null, "osm_id": "490781188"}, "geometry": {"type": "Polygon", "coordinates": [[[-54.8880447, -27.0965225], [-54.8878887, -27.0964247], [-54.8878272, -27.0965024], [-54.8879832, -27.0966002], [-54.8880447, -27.0965225]]]}}, {"type": "Feature", "properties": {"capa": "edificios", "nombre": "Iglesia Bautista Ciudad Deseada", "osm_id": "490781191"}, "geometry": {"type": "Polygon", "coordinates": [[[-54.8892286, -27.0951973], [-54.8892012, -27.0951816], [-54.8892159, -27.0951613], [-54.8891809, -27.0951413], [-54.889213, -27.0950968], [-54.888836, -27.0948814], [-54.8887074, -27.0950597], [-54.8890697, -27.0952668], [-54.8891475, -27.095251], [-54.8891775, -27.0952682], [-54.8892286, -27.0951973]]]}}, {"type": "Feature", "properties": {"capa": "calles", "nombre": null, "osm_id": "490781193"}, "geometry": {"type": "LineString", "coordinates": [[-54.8862728, -27.0912368], [-54.8855622, -27.091042], [-54.8844747, -27.0907799], [-54.8832368, -27.0904815], [-54.8829959, -27.0904495], [-54.8828713, -27.0904053], [-54.8827986, -27.0903518], [-54.8827061, -27.090228], [-54.8824296, -27.0898248], [-54.8823048, -27.0896429], [-54.8821918, -27.0895594], [-54.8820559, -27.0895124], [-54.8817643, -27.0894562], [-54.8815352, -27.0894369], [-54.8814243, -27.0894516], [-54.8813393, -27.0895078], [-54.8813209, -27.0895285], [-54.8813071, -27.0895439], [-54.8811967, -27.0897091]]}}, {"type": "Feature", "properties": {"capa": "edificios", "nombre": null, "osm_id": "504783482"}, "geometry": {"type": "Polygon", "coordinates": [[[-54.8886387, -27.0966198], [-54.8888146, -27.0967243], [-54.8885768, -27.0970415], [-54.8884009, -27.0969369], [-54.8886387, -27.0966198]]]}}, {"type": "Feature", "properties": {"capa": "calles", "nombre": null, "osm_id": "515565110"}, "geometry": {"type": "LineString", "coordinates": [[-54.8931516, -27.1041958], [-54.893087, -27.1042991], [-54.8929971, -27.1043708], [-54.8928745, -27.1044041], [-54.8927473, -27.1043719], [-54.8925546, -27.1042783], [-54.8924356, -27.1042264], [-54.8924111, -27.1041627], [-54.8923784, -27.1040778], [-54.8923193, -27.103881]]}}, {"type": "Feature", "properties": {"capa": "calles", "nombre": null, "osm_id": "515565111"}, "geometry": {"type": "LineString", "coordinates": [[-54.8928745, -27.1044041], [-54.8926841, -27.104485], [-54.8925391, -27.1045466], [-54.8924496, -27.1045509], [-54.8923698, -27.104477], [-54.8924111, -27.1041627]]}}, {"type": "Feature", "properties": {"capa": "edificios", "nombre": null, "osm_id": "515565112"}, "geometry": {"type": "Polygon", "coordinates": [[[-54.8926064, -27.1043508], [-54.8926009, -27.104362], [-54.8926252, -27.1043713], [-54.8926109, -27.104401], [-54.8925256, -27.1043683], [-54.8925398, -27.104339], [-54.8925741, -27.1043521], [-54.8925797, -27.1043405], [-54.8926064, -27.1043508]]]}}, {"type": "Feature", "properties": {"capa": "calles", "nombre": null, "osm_id": "515565113"}, "geometry": {"type": "LineString", "coordinates": [[-54.8958382, -27.1052245], [-54.8958137, -27.105385], [-54.8957807, -27.1054487], [-54.8957364, -27.105521], [-54.8956305, -27.1055824], [-54.8955572, -27.1056052], [-54.8954715, -27.105606], [-54.8942937, -27.1051523]]}}, {"type": "Feature", "properties": {"capa": "calles", "nombre": null, "osm_id": "515565114"}, "geometry": {"type": "LineString", "coordinates": [[-54.8964701, -27.1054611], [-54.8949951, -27.1064169]]}}, {"type": "Feature", "properties": {"capa": "edificios", "nombre": null, "osm_id": "516698840"}, "geometry": {"type": "Polygon", "coordinates": [[[-54.8953691, -27.0966473], [-54.895302, -27.0965662], [-54.8952327, -27.0966116], [-54.8952998, -27.0966927], [-54.8953691, -27.0966473]]]}}, {"type": "Feature", "properties": {"capa": "edificios", "nombre": null, "osm_id": "516698841"}, "geometry": {"type": "Polygon", "coordinates": [[[-54.8955029, -27.0966436], [-54.8953015, -27.0967912], [-54.8954016, -27.0968994], [-54.8956031, -27.0967519], [-54.8955029, -27.0966436]]]}}, {"type": "Feature", "properties": {"capa": "calles", "nombre": "Hermana Santina", "osm_id": "571631670"}, "geometry": {"type": "LineString", "coordinates": [[-54.9012638, -27.1017958], [-54.9013442, -27.1017821], [-54.9017107, -27.1014236], [-54.902579, -27.1005742], [-54.9028558, -27.1002845], [-54.9029578, -27.100084], [-54.9029965, -27.0999281]]}}, {"type": "Feature", "properties": {"capa": "calles", "nombre": null, "osm_id": "571631671"}, "geometry": {"type": "LineString", "coordinates": [[-54.9017596, -27.1028], [-54.9024421, -27.1029123], [-54.9029788, -27.1030643], [-54.9042716, -27.1033683], [-54.9049221, -27.1038315], [-54.9055563, -27.1040993], [-54.906532, -27.104302]]}}, {"type": "Feature", "properties": {"capa": "calles", "nombre": "Río de la Plata", "osm_id": "571631672"}, "geometry": {"type": "LineString", "coordinates": [[-54.9007207, -27.09725], [-54.9014972, -27.0980286]]}}, {"type": "Feature", "properties": {"capa": "calles", "nombre": "Río Paraná", "osm_id": "571631673"}, "geometry": {"type": "LineString", "coordinates": [[-54.9007207, -27.09725], [-54.9008107, -27.0970881], [-54.9008923, -27.0970195], [-54.901051, -27.0969509], [-54.9011928, -27.0968851], [-54.9012679, -27.0968328], [-54.9014084, -27.0965889]]}}, {"type": "Feature", "properties": {"capa": "calles", "nombre": null, "osm_id": "571631674"}, "geometry": {"type": "LineString", "coordinates": [[-54.9018956, -27.0966893], [-54.9017756, -27.0967101], [-54.9014084, -27.0965889]]}}, {"type": "Feature", "properties": {"capa": "calles", "nombre": "San Javier", "osm_id": "571631675"}, "geometry": {"type": "LineString", "coordinates": [[-54.9027541, -27.0959404], [-54.9032966, -27.096421], [-54.9033022, -27.096473]]}}, {"type": "Feature", "properties": {"capa": "edificios", "nombre": null, "osm_id": "571631677"}, "geometry": {"type": "Polygon", "coordinates": [[[-54.9039584, -27.0937568], [-54.9037222, -27.093706], [-54.9036893, -27.0938276], [-54.9037661, -27.0938409], [-54.9037556, -27.0938833], [-54.9038684, -27.0939076], [-54.9038828, -27.0938547], [-54.9039291, -27.0938646], [-54.9039584, -27.0937568]]]}}, {"type": "Feature", "properties": {"capa": "calles", "nombre": null, "osm_id": "571631678"}, "geometry": {"type": "LineString", "coordinates": [[-54.9043975, -27.0927509], [-54.9042833, -27.0931763], [-54.9041792, -27.0935505], [-54.9041231, -27.0936379], [-54.904116, -27.0937034], [-54.9041616, -27.0938751]]}}, {"type": "Feature", "properties": {"capa": "edificios", "nombre": null, "osm_id": "571631679"}, "geometry": {"type": "Polygon", "coordinates": [[[-54.9020147, -27.0913892], [-54.9018094, -27.0913882], [-54.9018065, -27.0918533], [-54.9020118, -27.0918543], [-54.9020147, -27.0913892]]]}}, {"type": "Feature", "properties": {"capa": "edificios", "nombre": null, "osm_id": "571631680"}, "geometry": {"type": "Polygon", "coordinates": [[[-54.8939016, -27.1037253], [-54.8943268, -27.1037015], [-54.8944341, -27.1037302], [-54.8944512, -27.1039717], [-54.8942855, -27.103981], [-54.8942806, -27.1039129], [-54.8941326, -27.1039212], [-54.8941275, -27.1038495], [-54.8939112, -27.1038616], [-54.8939016, -27.1037253]]]}}, {"type": "Feature", "properties": {"capa": "calles", "nombre": null, "osm_id": "582342070"}, "geometry": {"type": "LineString", "coordinates": [[-54.8728618, -27.0842387], [-54.8720818, -27.0841437], [-54.8713125, -27.0839883]]}}, {"type": "Feature", "properties": {"capa": "edificios", "nombre": null, "osm_id": "582342072"}, "geometry": {"type": "Polygon", "coordinates": [[[-54.8728811, -27.0851249], [-54.872787, -27.0851103], [-54.872774, -27.0851824], [-54.8728307, -27.0851905], [-54.8728417, -27.085161], [-54.8728704, -27.0851645], [-54.8728811, -27.0851249]]]}}, {"type": "Feature", "properties": {"capa": "edificios", "nombre": null, "osm_id": "582342074"}, "geometry": {"type": "Polygon", "coordinates": [[[-54.8728809, -27.0850321], [-54.8727869, -27.0850175], [-54.8727739, -27.0850896], [-54.8728305, -27.0850977], [-54.8728416, -27.0850682], [-54.8728702, -27.0850717], [-54.8728809, -27.0850321]]]}}, {"type": "Feature", "properties": {"capa": "edificios", "nombre": null, "osm_id": "582342077"}, "geometry": {"type": "Polygon", "coordinates": [[[-54.8728484, -27.0852148], [-54.8727543, -27.0852002], [-54.8727413, -27.0852723], [-54.872798, -27.0852803], [-54.872809, -27.0852509], [-54.8728376, -27.0852544], [-54.8728484, -27.0852148]]]}}, {"type": "Feature", "properties": {"capa": "edificios", "nombre": null, "osm_id": "582342079"}, "geometry": {"type": "Polygon", "coordinates": [[[-54.8728419, -27.0853134], [-54.8727478, -27.0852988], [-54.8727348, -27.0853708], [-54.8727915, -27.0853789], [-54.8728025, -27.0853495], [-54.8728311, -27.0853529], [-54.8728419, -27.0853134]]]}}, {"type": "Feature", "properties": {"capa": "edificios", "nombre": null, "osm_id": "582342082"}, "geometry": {"type": "Polygon", "coordinates": [[[-54.8728126, -27.0853916], [-54.8727185, -27.085377], [-54.8727055, -27.0854491], [-54.8727622, -27.0854572], [-54.8727732, -27.0854278], [-54.8728018, -27.0854312], [-54.8728126, -27.0853916]]]}}, {"type": "Feature", "properties": {"capa": "edificios", "nombre": null, "osm_id": "582342084"}, "geometry": {"type": "Polygon", "coordinates": [[[-54.8728028, -27.0854873], [-54.8727087, -27.0854727], [-54.8726957, -27.0855448], [-54.8727524, -27.0855529], [-54.8727634, -27.0855234], [-54.872792, -27.0855269], [-54.8728028, -27.0854873]]]}}, {"type": "Feature", "properties": {"capa": "edificios", "nombre": null, "osm_id": "582342085"}, "geometry": {"type": "Polygon", "coordinates": [[[-54.8727637, -27.0855714], [-54.8726696, -27.0855568], [-54.8726567, -27.0856289], [-54.8727133, -27.085637], [-54.8727243, -27.0856075], [-54.872753, -27.085611], [-54.8727637, -27.0855714]]]}}, {"type": "Feature", "properties": {"capa": "edificios", "nombre": null, "osm_id": "582342087"}, "geometry": {"type": "Polygon", "coordinates": [[[-54.8721091, -27.0851771], [-54.872015, -27.0851625], [-54.8720021, -27.0852346], [-54.8720587, -27.0852426], [-54.8720697, -27.0852132], [-54.8720984, -27.0852167], [-54.8721091, -27.0851771]]]}}, {"type": "Feature", "properties": {"capa": "edificios", "nombre": null, "osm_id": "582342089"}, "geometry": {"type": "Polygon", "coordinates": [[[-54.8720602, -27.085267], [-54.8719662, -27.0852524], [-54.8719532, -27.0853245], [-54.8720099, -27.0853325], [-54.8720209, -27.0853031], [-54.8720495, -27.0853065], [-54.8720602, -27.085267]]]}}, {"type": "Feature", "properties": {"capa": "edificios", "nombre": null, "osm_id": "582342092"}, "geometry": {"type": "Polygon", "coordinates": [[[-54.8720635, -27.085354], [-54.8719694, -27.0853393], [-54.8719565, -27.0854114], [-54.8720131, -27.0854195], [-54.8720241, -27.0853901], [-54.8720528, -27.0853935], [-54.8720635, -27.085354]]]}}, {"type": "Feature", "properties": {"capa": "edificios", "nombre": null, "osm_id": "582342094"}, "geometry": {"type": "Polygon", "coordinates": [[[-54.87363, -27.0851684], [-54.8735359, -27.0851538], [-54.873523, -27.0852259], [-54.8735796, -27.0852339], [-54.8735906, -27.0852045], [-54.8736193, -27.085208], [-54.87363, -27.0851684]]]}}, {"type": "Feature", "properties": {"capa": "edificios", "nombre": null, "osm_id": "582342096"}, "geometry": {"type": "Polygon", "coordinates": [[[-54.87363, -27.0852525], [-54.8735359, -27.0852379], [-54.873523, -27.08531], [-54.8735796, -27.085318], [-54.8735906, -27.0852886], [-54.8736193, -27.085292], [-54.87363, -27.0852525]]]}}, {"type": "Feature", "properties": {"capa": "edificios", "nombre": null, "osm_id": "582342098"}, "geometry": {"type": "Polygon", "coordinates": [[[-54.8735909, -27.0853395], [-54.8734968, -27.0853249], [-54.8734839, -27.0853969], [-54.8735405, -27.085405], [-54.8735515, -27.0853756], [-54.8735802, -27.085379], [-54.8735909, -27.0853395]]]}}, {"type": "Feature", "properties": {"capa": "edificios", "nombre": null, "osm_id": "582342100"}, "geometry": {"type": "Polygon", "coordinates": [[[-54.8735909, -27.0854293], [-54.8734968, -27.0854147], [-54.8734839, -27.0854868], [-54.8735405, -27.0854949], [-54.8735515, -27.0854654], [-54.8735802, -27.0854689], [-54.8735909, -27.0854293]]]}}, {"type": "Feature", "properties": {"capa": "edificios", "nombre": null, "osm_id": "582342102"}, "geometry": {"type": "Polygon", "coordinates": [[[-54.8735486, -27.0855163], [-54.8734545, -27.0855017], [-54.8734415, -27.0855738], [-54.8734982, -27.0855819], [-54.8735092, -27.0855524], [-54.8735378, -27.0855559], [-54.8735486, -27.0855163]]]}}, {"type": "Feature", "properties": {"capa": "edificios", "nombre": null, "osm_id": "582342105"}, "geometry": {"type": "Polygon", "coordinates": [[[-54.8735518, -27.0856062], [-54.8734578, -27.0855916], [-54.8734448, -27.0856637], [-54.8735014, -27.0856718], [-54.8735125, -27.0856423], [-54.8735411, -27.0856458], [-54.8735518, -27.0856062]]]}}, {"type": "Feature", "properties": {"capa": "edificios", "nombre": null, "osm_id": "582342107"}, "geometry": {"type": "Polygon", "coordinates": [[[-54.8735127, -27.085699], [-54.8734187, -27.0856844], [-54.8734057, -27.0857565], [-54.8734624, -27.0857646], [-54.8734734, -27.0857351], [-54.873502, -27.0857386], [-54.8735127, -27.085699]]]}}, {"type": "Feature", "properties": {"capa": "edificios", "nombre": null, "osm_id": "582342108"}, "geometry": {"type": "Polygon", "coordinates": [[[-54.872389, -27.0852303], [-54.872473, -27.0852455], [-54.8724569, -27.0853161], [-54.8724087, -27.0853074], [-54.8724172, -27.0852705], [-54.8723813, -27.085264], [-54.872389, -27.0852303]]]}}, {"type": "Feature", "properties": {"capa": "edificios", "nombre": null, "osm_id": "582342109"}, "geometry": {"type": "Polygon", "coordinates": [[[-54.8724231, -27.0851416], [-54.8725072, -27.0851569], [-54.872491, -27.0852275], [-54.8724429, -27.0852187], [-54.8724513, -27.0851818], [-54.8724154, -27.0851753], [-54.8724231, -27.0851416]]]}}, {"type": "Feature", "properties": {"capa": "edificios", "nombre": null, "osm_id": "582342110"}, "geometry": {"type": "Polygon", "coordinates": [[[-54.8724259, -27.0850582], [-54.8725099, -27.0850734], [-54.8724938, -27.085144], [-54.8724457, -27.0851353], [-54.8724541, -27.0850984], [-54.8724182, -27.0850919], [-54.8724259, -27.0850582]]]}}, {"type": "Feature", "properties": {"capa": "edificios", "nombre": null, "osm_id": "582342111"}, "geometry": {"type": "Polygon", "coordinates": [[[-54.8724507, -27.0849673], [-54.8725348, -27.0849825], [-54.8725186, -27.0850532], [-54.8724705, -27.0850444], [-54.8724789, -27.0850075], [-54.872443, -27.085001], [-54.8724507, -27.0849673]]]}}, {"type": "Feature", "properties": {"capa": "edificios", "nombre": null, "osm_id": "582342112"}, "geometry": {"type": "Polygon", "coordinates": [[[-54.8723928, -27.0853258], [-54.8724769, -27.085341], [-54.8724607, -27.0854116], [-54.8724126, -27.0854029], [-54.872421, -27.085366], [-54.8723851, -27.0853595], [-54.8723928, -27.0853258]]]}}, {"type": "Feature", "properties": {"capa": "edificios", "nombre": null, "osm_id": "582342113"}, "geometry": {"type": "Polygon", "coordinates": [[[-54.8723432, -27.0854093], [-54.8724272, -27.0854245], [-54.8724111, -27.0854951], [-54.8723629, -27.0854864], [-54.8723714, -27.0854495], [-54.8723355, -27.085443], [-54.8723432, -27.0854093]]]}}, {"type": "Feature", "properties": {"capa": "edificios", "nombre": null, "osm_id": "582342114"}, "geometry": {"type": "Polygon", "coordinates": [[[-54.8730905, -27.0855296], [-54.8731745, -27.0855448], [-54.8731584, -27.0856154], [-54.8731102, -27.0856067], [-54.8731187, -27.0855698], [-54.8730828, -27.0855633], [-54.8730905, -27.0855296]]]}}, {"type": "Feature", "properties": {"capa": "edificios", "nombre": null, "osm_id": "582342115"}, "geometry": {"type": "Polygon", "coordinates": [[[-54.8731346, -27.0854436], [-54.8732187, -27.0854589], [-54.8732025, -27.0855295], [-54.8731544, -27.0855207], [-54.8731628, -27.0854838], [-54.8731269, -27.0854773], [-54.8731346, -27.0854436]]]}}, {"type": "Feature", "properties": {"capa": "edificios", "nombre": null, "osm_id": "582342116"}, "geometry": {"type": "Polygon", "coordinates": [[[-54.8731291, -27.0853528], [-54.8732131, -27.085368], [-54.873197, -27.0854386], [-54.8731489, -27.0854299], [-54.8731573, -27.085393], [-54.8731214, -27.0853865], [-54.8731291, -27.0853528]]]}}, {"type": "Feature", "properties": {"capa": "edificios", "nombre": null, "osm_id": "582342117"}, "geometry": {"type": "Polygon", "coordinates": [[[-54.873176, -27.0852644], [-54.87326, -27.0852796], [-54.8732439, -27.0853502], [-54.8731957, -27.0853415], [-54.8732042, -27.0853046], [-54.8731683, -27.0852981], [-54.873176, -27.0852644]]]}}, {"type": "Feature", "properties": {"capa": "edificios", "nombre": null, "osm_id": "582342118"}, "geometry": {"type": "Polygon", "coordinates": [[[-54.8731649, -27.0851736], [-54.873249, -27.0851888], [-54.8732328, -27.0852594], [-54.8731847, -27.0852507], [-54.8731931, -27.0852138], [-54.8731572, -27.0852073], [-54.8731649, -27.0851736]]]}}, {"type": "Feature", "properties": {"capa": "edificios", "nombre": null, "osm_id": "582342119"}, "geometry": {"type": "Polygon", "coordinates": [[[-54.8732146, -27.0850876], [-54.8732986, -27.0851029], [-54.8732825, -27.0851735], [-54.8732343, -27.0851647], [-54.8732428, -27.0851278], [-54.8732069, -27.0851213], [-54.8732146, -27.0850876]]]}}, {"type": "Feature", "properties": {"capa": "edificios", "nombre": null, "osm_id": "582342120"}, "geometry": {"type": "Polygon", "coordinates": [[[-54.8738792, -27.0854805], [-54.8739632, -27.0854957], [-54.8739471, -27.0855663], [-54.8738989, -27.0855576], [-54.8739074, -27.0855207], [-54.8738715, -27.0855142], [-54.8738792, -27.0854805]]]}}, {"type": "Feature", "properties": {"capa": "edificios", "nombre": null, "osm_id": "582342121"}, "geometry": {"type": "Polygon", "coordinates": [[[-54.8739178, -27.0853945], [-54.8740018, -27.0854097], [-54.8739857, -27.0854804], [-54.8739375, -27.0854716], [-54.873946, -27.0854347], [-54.8739101, -27.0854282], [-54.8739178, -27.0853945]]]}}, {"type": "Feature", "properties": {"capa": "edificios", "nombre": null, "osm_id": "582342122"}, "geometry": {"type": "Polygon", "coordinates": [[[-54.8738406, -27.0857358], [-54.8739246, -27.085751], [-54.8739085, -27.0858216], [-54.8738603, -27.0858129], [-54.8738688, -27.085776], [-54.8738329, -27.0857695], [-54.8738406, -27.0857358]]]}}, {"type": "Feature", "properties": {"capa": "calles", "nombre": null, "osm_id": "582342123"}, "geometry": {"type": "LineString", "coordinates": [[-54.9070808, -27.1085713], [-54.906666, -27.1079762], [-54.906256, -27.1073675], [-54.90598, -27.1068997]]}}, {"type": "Feature", "properties": {"capa": "edificios", "nombre": null, "osm_id": "582342125"}, "geometry": {"type": "Polygon", "coordinates": [[[-54.9073397, -27.1071949], [-54.9073535, -27.1072194], [-54.9073247, -27.1072323], [-54.9073545, -27.1072851], [-54.9073797, -27.1072739], [-54.9073994, -27.1073087], [-54.9073821, -27.1073165], [-54.9073933, -27.1073364], [-54.9073527, -27.1073546], [-54.9073426, -27.1073368], [-54.9073152, -27.107349], [-54.9072564, -27.1072447], [-54.9072818, -27.1072333], [-54.9072674, -27.1072077], [-54.9073022, -27.1071922], [-54.9073109, -27.1072078], [-54.9073397, -27.1071949]]]}}, {"type": "Feature", "properties": {"capa": "edificios", "nombre": null, "osm_id": "582342126"}, "geometry": {"type": "Polygon", "coordinates": [[[-54.9074299, -27.107354], [-54.9074437, -27.1073786], [-54.9074149, -27.1073914], [-54.9074447, -27.1074442], [-54.9074699, -27.107433], [-54.9074895, -27.1074679], [-54.9074722, -27.1074756], [-54.9074835, -27.1074956], [-54.9074428, -27.1075137], [-54.9074328, -27.1074959], [-54.9074054, -27.1075081], [-54.9073466, -27.1074038], [-54.907372, -27.1073925], [-54.9073576, -27.1073669], [-54.9073923, -27.1073513], [-54.9074011, -27.1073669], [-54.9074299, -27.107354]]]}}, {"type": "Feature", "properties": {"capa": "edificios", "nombre": null, "osm_id": "582342127"}, "geometry": {"type": "Polygon", "coordinates": [[[-54.9072396, -27.1070251], [-54.9072534, -27.1070496], [-54.9072246, -27.1070625], [-54.9072544, -27.1071153], [-54.9072796, -27.107104], [-54.9072993, -27.1071389], [-54.907282, -27.1071467], [-54.9072932, -27.1071666], [-54.9072525, -27.1071848], [-54.9072425, -27.1071669], [-54.9072151, -27.1071792], [-54.9071563, -27.1070749], [-54.9071817, -27.1070635], [-54.9071673, -27.1070379], [-54.907202, -27.1070224], [-54.9072108, -27.107038], [-54.9072396, -27.1070251]]]}}, {"type": "Feature", "properties": {"capa": "edificios", "nombre": null, "osm_id": "582342128"}, "geometry": {"type": "Polygon", "coordinates": [[[-54.9062303, -27.1075161], [-54.9062441, -27.1075406], [-54.9062153, -27.1075534], [-54.9062451, -27.1076063], [-54.9062703, -27.107595], [-54.90629, -27.1076299], [-54.9062727, -27.1076376], [-54.9062839, -27.1076576], [-54.9062433, -27.1076757], [-54.9062332, -27.1076579], [-54.9062058, -27.1076701], [-54.906147, -27.1075658], [-54.9061724, -27.1075545], [-54.906158, -27.1075289], [-54.9061927, -27.1075134], [-54.9062015, -27.1075289], [-54.9062303, -27.1075161]]]}}, {"type": "Feature", "properties": {"capa": "edificios", "nombre": null, "osm_id": "582342129"}, "geometry": {"type": "Polygon", "coordinates": [[[-54.9003451, -27.1074368], [-54.9002372, -27.1074791], [-54.9003108, -27.1076279], [-54.9004187, -27.1075855], [-54.9003451, -27.1074368]]]}}, {"type": "Feature", "properties": {"capa": "edificios", "nombre": null, "osm_id": "582342130"}, "geometry": {"type": "Polygon", "coordinates": [[[-54.9000804, -27.1074156], [-54.8997825, -27.1075447], [-54.8998175, -27.1076086], [-54.8998893, -27.1075775], [-54.8999009, -27.1075987], [-54.9000784, -27.1075218], [-54.9000549, -27.1074787], [-54.9001034, -27.1074577], [-54.9000804, -27.1074156]]]}}, {"type": "Feature", "properties": {"capa": "edificios", "nombre": null, "osm_id": "582342131"}, "geometry": {"type": "Polygon", "coordinates": [[[-54.9059476, -27.1076909], [-54.9058174, -27.1077434], [-54.9058508, -27.1078089], [-54.9059809, -27.1077565], [-54.9059476, -27.1076909]]]}}, {"type": "Feature", "properties": {"capa": "edificios", "nombre": null, "osm_id": "582342132"}, "geometry": {"type": "Polygon", "coordinates": [[[-54.9057721, -27.1077571], [-54.905642, -27.1078095], [-54.9056753, -27.1078751], [-54.9058055, -27.1078227], [-54.9057721, -27.1077571]]]}}, {"type": "Feature", "properties": {"capa": "edificios", "nombre": null, "osm_id": "582342133"}, "geometry": {"type": "Polygon", "coordinates": [[[-54.905599, -27.1078598], [-54.9054689, -27.1079122], [-54.9055022, -27.1079778], [-54.9056324, -27.1079254], [-54.905599, -27.1078598]]]}}, {"type": "Feature", "properties": {"capa": "edificios", "nombre": null, "osm_id": "582342134"}, "geometry": {"type": "Polygon", "coordinates": [[[-54.9054106, -27.1079214], [-54.9052804, -27.1079739], [-54.9053138, -27.1080394], [-54.9054439, -27.107987], [-54.9054106, -27.1079214]]]}}, {"type": "Feature", "properties": {"capa": "edificios", "nombre": null, "osm_id": "582342135"}, "geometry": {"type": "Polygon", "coordinates": [[[-54.9052298, -27.1080138], [-54.9050997, -27.1080663], [-54.905133, -27.1081319], [-54.9052632, -27.1080794], [-54.9052298, -27.1080138]]]}}, {"type": "Feature", "properties": {"capa": "edificios", "nombre": null, "osm_id": "582342136"}, "geometry": {"type": "Polygon", "coordinates": [[[-54.9040798, -27.1076167], [-54.9039496, -27.1076692], [-54.903983, -27.1077347], [-54.9041132, -27.1076823], [-54.9040798, -27.1076167]]]}}, {"type": "Feature", "properties": {"capa": "calles", "nombre": null, "osm_id": "582342137"}, "geometry": {"type": "LineString", "coordinates": [[-54.9009997, -27.1156545], [-54.9008672, -27.1155896], [-54.9002266, -27.1151743]]}}, {"type": "Feature", "properties": {"capa": "calles", "nombre": "Corpus Cristi", "osm_id": "582342139"}, "geometry": {"type": "LineString", "coordinates": [[-54.894047, -27.1134402], [-54.8934096, -27.1130769], [-54.8931703, -27.112913], [-54.8929825, -27.1127982], [-54.8926619, -27.1126108], [-54.8925753, -27.1125379]]}}, {"type": "Feature", "properties": {"capa": "calles", "nombre": "Santisima Trinidad", "osm_id": "582342140"}, "geometry": {"type": "LineString", "coordinates": [[-54.8930141, -27.1148414], [-54.8914549, -27.1138407]]}}, {"type": "Feature", "properties": {"capa": "calles", "nombre": null, "osm_id": "582342141"}, "geometry": {"type": "LineString", "coordinates": [[-54.8903472, -27.113189], [-54.8899749, -27.1136864]]}}, {"type": "Feature", "properties": {"capa": "calles", "nombre": "Luis Ruppel", "osm_id": "582342142"}, "geometry": {"type": "LineString", "coordinates": [[-54.8838861, -27.1061082], [-54.8830845, -27.1056265]]}}, {"type": "Feature", "properties": {"capa": "calles", "nombre": null, "osm_id": "582342143"}, "geometry": {"type": "LineString", "coordinates": [[-54.8776724, -27.1054667], [-54.8772743, -27.1059815], [-54.8769837, -27.1063574], [-54.8765525, -27.1069403], [-54.8761164, -27.1074818]]}}, {"type": "Feature", "properties": {"capa": "edificios", "nombre": "Casa de la Historia y la Cultura del Bicentenario", "osm_id": "587232591"}, "geometry": {"type": "Polygon", "coordinates": [[[-54.8959795, -27.0971174], [-54.8959051, -27.0972115], [-54.896139, -27.097358], [-54.8962133, -27.0972639], [-54.8959795, -27.0971174]]]}}, {"type": "Feature", "properties": {"capa": "calles", "nombre": null, "osm_id": "592924046"}, "geometry": {"type": "LineString", "coordinates": [[-54.9006422, -27.1096933], [-54.900806, -27.1096064]]}}, {"type": "Feature", "properties": {"capa": "calles", "nombre": null, "osm_id": "592924047"}, "geometry": {"type": "LineString", "coordinates": [[-54.9076905, -27.1074968], [-54.9073265, -27.1068816]]}}, {"type": "Feature", "properties": {"capa": "calles", "nombre": null, "osm_id": "592924048"}, "geometry": {"type": "LineString", "coordinates": [[-54.8935681, -27.1038279], [-54.8938431, -27.1037015], [-54.8940711, -27.1036522], [-54.8942436, -27.1036522], [-54.8944193, -27.1036823]]}}, {"type": "Feature", "properties": {"capa": "calles", "nombre": null, "osm_id": "592924049"}, "geometry": {"type": "LineString", "coordinates": [[-54.8899328, -27.0996122], [-54.8903316, -27.099126]]}}, {"type": "Feature", "properties": {"capa": "calles", "nombre": "López y Planes", "osm_id": "592924050"}, "geometry": {"type": "LineString", "coordinates": [[-54.8901179, -27.0959473], [-54.8896842, -27.0965907]]}}, {"type": "Feature", "properties": {"capa": "verde", "nombre": null, "osm_id": "592924051"}, "geometry": {"type": "Polygon", "coordinates": [[[-54.8886385, -27.0941538], [-54.8888084, -27.0936276], [-54.8887872, -27.0935929], [-54.887775, -27.0933188], [-54.8875449, -27.0932905], [-54.8874033, -27.0933031], [-54.8866212, -27.0935394], [-54.8865858, -27.0935677], [-54.8866035, -27.0936087], [-54.8871131, -27.0940214], [-54.8871981, -27.094034], [-54.8876051, -27.093949], [-54.8878776, -27.093949], [-54.8880475, -27.0939931], [-54.8886385, -27.0941538]]]}}, {"type": "Feature", "properties": {"capa": "calles", "nombre": null, "osm_id": "592924052"}, "geometry": {"type": "LineString", "coordinates": [[-54.8940142, -27.0868806], [-54.8940015, -27.0867848], [-54.8931655, -27.0862014], [-54.8924994, -27.0857356]]}}, {"type": "Feature", "properties": {"capa": "verde", "nombre": null, "osm_id": "592924053"}, "geometry": {"type": "Polygon", "coordinates": [[[-54.8869786, -27.0940656], [-54.8869645, -27.0941128], [-54.8854851, -27.0945476], [-54.8852551, -27.0940214], [-54.8864194, -27.0936181], [-54.8864832, -27.0936276], [-54.8869786, -27.0940656]]]}}, {"type": "Feature", "properties": {"capa": "verde", "nombre": null, "osm_id": "592924054"}, "geometry": {"type": "Polygon", "coordinates": [[[-54.8853506, -27.0945697], [-54.885156, -27.0940467], [-54.8846959, -27.0942073], [-54.8846746, -27.0942546], [-54.8846038, -27.0947493], [-54.8846074, -27.0947997], [-54.8846499, -27.0948343], [-54.8853117, -27.0946264], [-54.8853506, -27.0945697]]]}}, {"type": "Feature", "properties": {"capa": "verde", "nombre": null, "osm_id": "592924055"}, "geometry": {"type": "Polygon", "coordinates": [[[-54.8844375, -27.0942136], [-54.8836412, -27.0937158], [-54.8836093, -27.0937253], [-54.8833014, -27.0941286], [-54.8833014, -27.094179], [-54.8833191, -27.0942199], [-54.8842959, -27.0948123], [-54.8843879, -27.0948375], [-54.8844481, -27.0948375], [-54.8844694, -27.0947871], [-54.884487, -27.094283], [-54.8844375, -27.0942136]]]}}, {"type": "Feature", "properties": {"capa": "calles", "nombre": null, "osm_id": "592924056"}, "geometry": {"type": "LineString", "coordinates": [[-54.8885155, -27.0886163], [-54.8884633, -27.0885211], [-54.8883722, -27.0884417], [-54.8882315, -27.0883686], [-54.8878182, -27.0878386], [-54.8873163, -27.0874928], [-54.8866785, -27.0870799]]}}, {"type": "Feature", "properties": {"capa": "calles", "nombre": null, "osm_id": "592924057"}, "geometry": {"type": "LineString", "coordinates": [[-54.8997078, -27.1091309], [-54.8992346, -27.109369], [-54.8991272, -27.1093648], [-54.8990571, -27.1093024], [-54.8989124, -27.1091029]]}}, {"type": "Feature", "properties": {"capa": "calles", "nombre": null, "osm_id": "592924058"}, "geometry": {"type": "LineString", "coordinates": [[-54.8905553, -27.1108702], [-54.8910457, -27.1111908], [-54.8914819, -27.11147], [-54.8916771, -27.1115295], [-54.8919412, -27.1114933]]}}, {"type": "Feature", "properties": {"capa": "calles", "nombre": null, "osm_id": "592924059"}, "geometry": {"type": "LineString", "coordinates": [[-54.8878132, -27.1103088], [-54.8872, -27.1111024], [-54.8871253, -27.1111149]]}}, {"type": "Feature", "properties": {"capa": "calles", "nombre": null, "osm_id": "592924060"}, "geometry": {"type": "LineString", "coordinates": [[-54.8881692, -27.1048691], [-54.888559, -27.1050498], [-54.8889324, -27.1052138], [-54.8889916, -27.1051967], [-54.8891751, -27.1050317], [-54.8895752, -27.1044515], [-54.8896179, -27.1042956]]}}, {"type": "Feature", "properties": {"capa": "cursos", "nombre": null, "osm_id": "606832846"}, "geometry": {"type": "LineString", "coordinates": [[-54.8683689, -27.0862602], [-54.8688342, -27.0854593], [-54.8692685, -27.0844928], [-54.8694856, -27.0831671], [-54.8693925, -27.0818967], [-54.8691134, -27.0803501], [-54.868462, -27.0794111], [-54.8681828, -27.078334], [-54.8689273, -27.0769531], [-54.8694546, -27.0749921], [-54.8696352, -27.072747], [-54.869693, -27.0712022], [-54.8698081, -27.0702139], [-54.870137, -27.0691367], [-54.8704162, -27.0683081], [-54.8706023, -27.0673966], [-54.8703231, -27.0664298], [-54.8698268, -27.0647449], [-54.8692926, -27.0639391]]}}, {"type": "Feature", "properties": {"capa": "edificios", "nombre": null, "osm_id": "617376906"}, "geometry": {"type": "Polygon", "coordinates": [[[-54.9093337, -27.0904312], [-54.9093474, -27.0905689], [-54.9091789, -27.0905822], [-54.9091876, -27.09067], [-54.9089773, -27.0906866], [-54.9089695, -27.0906086], [-54.9088117, -27.090621], [-54.908797, -27.0904735], [-54.9093337, -27.0904312]]]}}, {"type": "Feature", "properties": {"capa": "edificios", "nombre": null, "osm_id": "617376907"}, "geometry": {"type": "Polygon", "coordinates": [[[-54.9130497, -27.0881899], [-54.9131226, -27.0888524], [-54.9126536, -27.0888933], [-54.9126429, -27.0887958], [-54.9127159, -27.0887895], [-54.9127014, -27.0886572], [-54.9126335, -27.0886631], [-54.9126159, -27.0885024], [-54.9126687, -27.0885097], [-54.9126375, -27.0882259], [-54.9130497, -27.0881899]]]}}, {"type": "Feature", "properties": {"capa": "calles", "nombre": "Picada Ex Ruta 7", "osm_id": "617376908"}, "geometry": {"type": "LineString", "coordinates": [[-54.9110732, -27.0899566], [-54.9112067, -27.0901602], [-54.9112763, -27.0901923], [-54.9119157, -27.0903058], [-54.9123649, -27.0903597], [-54.9127883, -27.0904377], [-54.9139714, -27.0907007], [-54.9143092, -27.090738], [-54.9145575, -27.090736], [-54.9152696, -27.0907339], [-54.9154728, -27.0907599], [-54.9156619, -27.090842], [-54.9157915, -27.0909584], [-54.9158581, -27.0910873], [-54.9159141, -27.0913326], [-54.9159328, -27.0916153], [-54.9159713, -27.0917234], [-54.9160449, -27.0918315], [-54.9163344, -27.0920643], [-54.9164103, -27.0921672], [-54.9164932, -27.0923387], [-54.9167454, -27.092846], [-54.9169041, -27.0931703], [-54.9169665, -27.0932462], [-54.9170711, -27.0933221], [-54.917217, -27.093374], [-54.9178848, -27.0935444], [-54.9188469, -27.0938937], [-54.9195925, -27.0941412], [-54.9203188, -27.0943744], [-54.9209017, -27.0945007], [-54.9218466, -27.094402], [-54.9224081, -27.0943544], [-54.9228631, -27.0943177], [-54.9232647, -27.0942762], [-54.9237504, -27.0942429], [-54.9239989, -27.0942312], [-54.9243014, -27.0942595], [-54.9245022, -27.094323], [-54.924703, -27.0944425], [-54.9252354, -27.094825], [-54.9256464, -27.0951492], [-54.9261601, -27.095407], [-54.9265804, -27.0956315], [-54.9269353, -27.0958061]]}}, {"type": "Feature", "properties": {"capa": "edificios", "nombre": null, "osm_id": "637844460"}, "geometry": {"type": "Polygon", "coordinates": [[[-54.9048365, -27.1091753], [-54.9048876, -27.1092658], [-54.9046956, -27.1093516], [-54.9046446, -27.1092612], [-54.9048365, -27.1091753]]]}}, {"type": "Feature", "properties": {"capa": "edificios", "nombre": null, "osm_id": "637844462"}, "geometry": {"type": "Polygon", "coordinates": [[[-54.9054487, -27.1093121], [-54.9055092, -27.1093944], [-54.905451, -27.1094283], [-54.9053904, -27.1093461], [-54.9054487, -27.1093121]]]}}, {"type": "Feature", "properties": {"capa": "edificios", "nombre": null, "osm_id": "637844464"}, "geometry": {"type": "Polygon", "coordinates": [[[-54.9052948, -27.1093067], [-54.9053323, -27.1093654], [-54.9052179, -27.1094233], [-54.9051804, -27.1093646], [-54.9052948, -27.1093067]]]}}, {"type": "Feature", "properties": {"capa": "edificios", "nombre": null, "osm_id": "637844465"}, "geometry": {"type": "Polygon", "coordinates": [[[-54.9052497, -27.1089429], [-54.9053237, -27.1089022], [-54.9053623, -27.1089578], [-54.9052883, -27.1089984], [-54.9052497, -27.1089429]]]}}, {"type": "Feature", "properties": {"capa": "edificios", "nombre": null, "osm_id": "637844467"}, "geometry": {"type": "Polygon", "coordinates": [[[-54.9062671, -27.1078855], [-54.9063374, -27.1078544], [-54.9063887, -27.1079461], [-54.9063183, -27.1079772], [-54.9062671, -27.1078855]]]}}, {"type": "Feature", "properties": {"capa": "edificios", "nombre": null, "osm_id": "637844469"}, "geometry": {"type": "Polygon", "coordinates": [[[-54.9071619, -27.1081079], [-54.9070532, -27.1081512], [-54.9070913, -27.108227], [-54.9072, -27.1081837], [-54.9071619, -27.1081079]]]}}, {"type": "Feature", "properties": {"capa": "edificios", "nombre": null, "osm_id": "637844473"}, "geometry": {"type": "Polygon", "coordinates": [[[-54.9068727, -27.1072309], [-54.9069, -27.1072182], [-54.9069149, -27.1072436], [-54.9069737, -27.1072162], [-54.9069607, -27.1071939], [-54.9069995, -27.1071758], [-54.9070086, -27.1071911], [-54.9070307, -27.1071808], [-54.9070518, -27.1072166], [-54.907032, -27.1072259], [-54.9070462, -27.1072501], [-54.90693, -27.1073042], [-54.9069168, -27.1072818], [-54.9068883, -27.107295], [-54.9068703, -27.1072643], [-54.9068877, -27.1072563], [-54.9068727, -27.1072309]]]}}, {"type": "Feature", "properties": {"capa": "edificios", "nombre": null, "osm_id": "637844475"}, "geometry": {"type": "Polygon", "coordinates": [[[-54.9066766, -27.1073173], [-54.9067038, -27.1073046], [-54.9067188, -27.10733], [-54.9067776, -27.1073026], [-54.9067646, -27.1072804], [-54.9068034, -27.1072622], [-54.9068124, -27.1072775], [-54.9068346, -27.1072672], [-54.9068557, -27.107303], [-54.9068359, -27.1073123], [-54.9068501, -27.1073365], [-54.9067339, -27.1073906], [-54.9067207, -27.1073682], [-54.9066921, -27.1073814], [-54.9066742, -27.1073507], [-54.9066915, -27.1073427], [-54.9066766, -27.1073173]]]}}, {"type": "Feature", "properties": {"capa": "edificios", "nombre": null, "osm_id": "637844478"}, "geometry": {"type": "Polygon", "coordinates": [[[-54.9058283, -27.1082316], [-54.9058008, -27.108244], [-54.9057862, -27.1082185], [-54.905727, -27.1082454], [-54.9057399, -27.1082678], [-54.9057009, -27.1082856], [-54.9056921, -27.1082702], [-54.9056697, -27.1082803], [-54.9056491, -27.1082443], [-54.905669, -27.1082352], [-54.9056551, -27.1082109], [-54.9057718, -27.1081578], [-54.9057847, -27.1081803], [-54.9058133, -27.1081673], [-54.905831, -27.1081981], [-54.9058137, -27.108206], [-54.9058283, -27.1082316]]]}}, {"type": "Feature", "properties": {"capa": "edificios", "nombre": null, "osm_id": "637844480"}, "geometry": {"type": "Polygon", "coordinates": [[[-54.9056462, -27.1083128], [-54.9056187, -27.1083253], [-54.9056041, -27.1082998], [-54.9055449, -27.1083267], [-54.9055578, -27.108349], [-54.9055188, -27.1083668], [-54.90551, -27.1083515], [-54.9054876, -27.1083616], [-54.905467, -27.1083256], [-54.9054869, -27.1083165], [-54.905473, -27.1082922], [-54.9055897, -27.1082391], [-54.9056026, -27.1082616], [-54.9056312, -27.1082486], [-54.9056489, -27.1082793], [-54.9056316, -27.1082873], [-54.9056462, -27.1083128]]]}}, {"type": "Feature", "properties": {"capa": "edificios", "nombre": null, "osm_id": "637844483"}, "geometry": {"type": "Polygon", "coordinates": [[[-54.905453, -27.1084036], [-54.9054256, -27.108416], [-54.905411, -27.1083905], [-54.9053518, -27.1084174], [-54.9053647, -27.1084398], [-54.9053256, -27.1084575], [-54.9053169, -27.1084422], [-54.9052945, -27.1084523], [-54.9052738, -27.1084163], [-54.9052938, -27.1084072], [-54.9052799, -27.1083829], [-54.9053966, -27.1083298], [-54.9054095, -27.1083523], [-54.9054381, -27.1083393], [-54.9054558, -27.1083701], [-54.9054384, -27.108378], [-54.905453, -27.1084036]]]}}, {"type": "Feature", "properties": {"capa": "edificios", "nombre": null, "osm_id": "637844485"}, "geometry": {"type": "Polygon", "coordinates": [[[-54.9064905, -27.107518], [-54.9064766, -27.1074935], [-54.9065054, -27.1074805], [-54.9064754, -27.1074278], [-54.9064503, -27.1074391], [-54.9064305, -27.1074043], [-54.9064477, -27.1073965], [-54.9064365, -27.1073766], [-54.906477, -27.1073583], [-54.9064872, -27.1073761], [-54.9065145, -27.1073638], [-54.9065737, -27.107468], [-54.9065483, -27.1074794], [-54.9065628, -27.107505], [-54.906528, -27.1075206], [-54.9065193, -27.107505], [-54.9064905, -27.107518]]]}}, {"type": "Feature", "properties": {"capa": "edificios", "nombre": null, "osm_id": "637844490"}, "geometry": {"type": "Polygon", "coordinates": [[[-54.9065831, -27.1076747], [-54.9065693, -27.1076502], [-54.906598, -27.1076372], [-54.9065681, -27.1075845], [-54.9065429, -27.1075958], [-54.9065231, -27.107561], [-54.9065404, -27.1075532], [-54.9065291, -27.1075333], [-54.9065697, -27.107515], [-54.9065798, -27.1075328], [-54.9066072, -27.1075205], [-54.9066663, -27.1076247], [-54.9066409, -27.1076361], [-54.9066554, -27.1076617], [-54.9066206, -27.1076773], [-54.9066119, -27.1076617], [-54.9065831, -27.1076747]]]}}, {"type": "Feature", "properties": {"capa": "edificios", "nombre": null, "osm_id": "637844492"}, "geometry": {"type": "Polygon", "coordinates": [[[-54.9066817, -27.107831], [-54.9066679, -27.1078065], [-54.9066966, -27.1077936], [-54.9066667, -27.1077408], [-54.9066415, -27.1077521], [-54.9066217, -27.1077174], [-54.906639, -27.1077095], [-54.9066277, -27.1076896], [-54.9066682, -27.1076713], [-54.9066784, -27.1076891], [-54.9067058, -27.1076769], [-54.9067649, -27.107781], [-54.9067395, -27.1077925], [-54.906754, -27.107818], [-54.9067192, -27.1078336], [-54.9067105, -27.107818], [-54.9066817, -27.107831]]]}}, {"type": "Feature", "properties": {"capa": "edificios", "nombre": null, "osm_id": "637844495"}, "geometry": {"type": "Polygon", "coordinates": [[[-54.9076214, -27.1072167], [-54.9076076, -27.1071922], [-54.9076363, -27.1071792], [-54.9076064, -27.1071265], [-54.9075812, -27.1071378], [-54.9075614, -27.107103], [-54.9075787, -27.1070952], [-54.9075674, -27.1070753], [-54.907608, -27.107057], [-54.9076181, -27.1070748], [-54.9076455, -27.1070625], [-54.9077046, -27.1071667], [-54.9076792, -27.1071781], [-54.9076937, -27.1072037], [-54.907659, -27.1072193], [-54.9076502, -27.1072037], [-54.9076214, -27.1072167]]]}}, {"type": "Feature", "properties": {"capa": "edificios", "nombre": null, "osm_id": "637844497"}, "geometry": {"type": "Polygon", "coordinates": [[[-54.90772, -27.1073757], [-54.9077062, -27.1073513], [-54.9077349, -27.1073383], [-54.907705, -27.1072856], [-54.9076798, -27.1072968], [-54.90766, -27.1072621], [-54.9076773, -27.1072542], [-54.907666, -27.1072344], [-54.9077066, -27.1072161], [-54.9077167, -27.1072338], [-54.9077441, -27.1072216], [-54.9078032, -27.1073257], [-54.9077778, -27.1073372], [-54.9077923, -27.1073628], [-54.9077576, -27.1073783], [-54.9077488, -27.1073628], [-54.90772, -27.1073757]]]}}, {"type": "Feature", "properties": {"capa": "edificios", "nombre": null, "osm_id": "637844499"}, "geometry": {"type": "Polygon", "coordinates": [[[-54.9059683, -27.1070908], [-54.9058174, -27.1071585], [-54.905893, -27.1072921], [-54.9060439, -27.1072244], [-54.9059683, -27.1070908]]]}}, {"type": "Feature", "properties": {"capa": "verde", "nombre": null, "osm_id": "637844501"}, "geometry": {"type": "Polygon", "coordinates": [[[-54.9059148, -27.1074402], [-54.9056066, -27.1069277], [-54.9050593, -27.1071837], [-54.9053393, -27.1076998], [-54.9059148, -27.1074402]]]}}, {"type": "Feature", "properties": {"capa": "edificios", "nombre": null, "osm_id": "637844503"}, "geometry": {"type": "Polygon", "coordinates": [[[-54.9055284, -27.1086621], [-54.905601, -27.1086288], [-54.9056981, -27.1087969], [-54.9056254, -27.1088301], [-54.9055284, -27.1086621]]]}}, {"type": "Feature", "properties": {"capa": "edificios", "nombre": null, "osm_id": "637844505"}, "geometry": {"type": "Polygon", "coordinates": [[[-54.9067428, -27.1069495], [-54.9067599, -27.1069791], [-54.9067868, -27.1069668], [-54.9068014, -27.1069922], [-54.9067799, -27.1070021], [-54.906795, -27.1070282], [-54.9067627, -27.107043], [-54.9067566, -27.1070176], [-54.9067364, -27.1070268], [-54.9067025, -27.1069679], [-54.9067428, -27.1069495]]]}}, {"type": "Feature", "properties": {"capa": "edificios", "nombre": null, "osm_id": "637844507"}, "geometry": {"type": "Polygon", "coordinates": [[[-54.9066459, -27.1069892], [-54.906663, -27.1070188], [-54.9066899, -27.1070065], [-54.9067045, -27.107032], [-54.906683, -27.1070418], [-54.9066981, -27.107068], [-54.9066658, -27.1070827], [-54.9066598, -27.1070573], [-54.9066395, -27.1070665], [-54.9066056, -27.1070076], [-54.9066459, -27.1069892]]]}}, {"type": "Feature", "properties": {"capa": "edificios", "nombre": null, "osm_id": "637844509"}, "geometry": {"type": "Polygon", "coordinates": [[[-54.9065605, -27.1070345], [-54.9065776, -27.1070641], [-54.9066045, -27.1070518], [-54.9066192, -27.1070772], [-54.9065977, -27.107087], [-54.9066127, -27.1071132], [-54.9065804, -27.1071279], [-54.9065744, -27.1071025], [-54.9065541, -27.1071117], [-54.9065202, -27.1070529], [-54.9065605, -27.1070345]]]}}, {"type": "Feature", "properties": {"capa": "edificios", "nombre": null, "osm_id": "637844511"}, "geometry": {"type": "Polygon", "coordinates": [[[-54.9064731, -27.1070797], [-54.9064902, -27.1071093], [-54.9065171, -27.107097], [-54.9065318, -27.1071224], [-54.9065102, -27.1071322], [-54.9065253, -27.1071584], [-54.906493, -27.1071732], [-54.906487, -27.1071477], [-54.9064667, -27.107157], [-54.9064328, -27.1070981], [-54.9064731, -27.1070797]]]}}, {"type": "Feature", "properties": {"capa": "edificios", "nombre": null, "osm_id": "637844513"}, "geometry": {"type": "Polygon", "coordinates": [[[-54.9063796, -27.1071213], [-54.9063967, -27.1071509], [-54.9064236, -27.1071386], [-54.9064383, -27.107164], [-54.9064167, -27.1071739], [-54.9064318, -27.1072], [-54.9063995, -27.1072148], [-54.9063935, -27.1071894], [-54.9063732, -27.1071986], [-54.9063393, -27.1071397], [-54.9063796, -27.1071213]]]}}, {"type": "Feature", "properties": {"capa": "edificios", "nombre": null, "osm_id": "637844515"}, "geometry": {"type": "Polygon", "coordinates": [[[-54.9062882, -27.1071648], [-54.9063052, -27.1071944], [-54.9063321, -27.1071821], [-54.9063468, -27.1072075], [-54.9063253, -27.1072173], [-54.9063403, -27.1072435], [-54.906308, -27.1072582], [-54.906302, -27.1072328], [-54.9062817, -27.107242], [-54.9062478, -27.1071832], [-54.9062882, -27.1071648]]]}}, {"type": "Feature", "properties": {"capa": "edificios", "nombre": null, "osm_id": "637844518"}, "geometry": {"type": "Polygon", "coordinates": [[[-54.8686443, -27.0968165], [-54.8687556, -27.0968939], [-54.8685563, -27.097121], [-54.8684467, -27.0970448], [-54.8684947, -27.0969901], [-54.8684534, -27.0969613], [-54.8685067, -27.0969007], [-54.8685549, -27.0969184], [-54.8686443, -27.0968165]]]}}, {"type": "Feature", "properties": {"capa": "edificios", "nombre": null, "osm_id": "637844520"}, "geometry": {"type": "Polygon", "coordinates": [[[-54.8690289, -27.0973262], [-54.8689524, -27.0972778], [-54.8688097, -27.0974564], [-54.8688863, -27.0975048], [-54.8690289, -27.0973262]]]}}, {"type": "Feature", "properties": {"capa": "edificios", "nombre": null, "osm_id": "637844523"}, "geometry": {"type": "Polygon", "coordinates": [[[-54.8725796, -27.1014241], [-54.8725957, -27.1013811], [-54.8724187, -27.101276], [-54.8723275, -27.1013477], [-54.8723436, -27.1014623], [-54.8726038, -27.1016262], [-54.8725564, -27.1016858], [-54.8728431, -27.1018664], [-54.87299, -27.1016815], [-54.8725796, -27.1014241]]]}}, {"type": "Feature", "properties": {"capa": "edificios", "nombre": null, "osm_id": "638307318"}, "geometry": {"type": "Polygon", "coordinates": [[[-54.9044535, -27.1227385], [-54.904343, -27.1227644], [-54.9043897, -27.1229224], [-54.9045002, -27.1228965], [-54.9044535, -27.1227385]]]}}, {"type": "Feature", "properties": {"capa": "edificios", "nombre": null, "osm_id": "638307319"}, "geometry": {"type": "Polygon", "coordinates": [[[-54.9046662, -27.1226652], [-54.9045465, -27.1226769], [-54.9045623, -27.1228047], [-54.904682, -27.122793], [-54.9046662, -27.1226652]]]}}, {"type": "Feature", "properties": {"capa": "edificios", "nombre": null, "osm_id": "638307320"}, "geometry": {"type": "Polygon", "coordinates": [[[-54.9049019, -27.1226994], [-54.9047825, -27.1227127], [-54.9047992, -27.1228309], [-54.9049186, -27.1228175], [-54.9049019, -27.1226994]]]}}, {"type": "Feature", "properties": {"capa": "calles", "nombre": null, "osm_id": "638307321"}, "geometry": {"type": "LineString", "coordinates": [[-54.9046949, -27.1199561], [-54.904901, -27.1199873], [-54.9049328, -27.1201368], [-54.9052917, -27.1215316], [-54.905378, -27.1216731], [-54.9054688, -27.1217378], [-54.9056051, -27.1217216], [-54.9077225, -27.1213114], [-54.9081715, -27.1212244], [-54.9090657, -27.1210452], [-54.9110559, -27.1206463], [-54.9112285, -27.1203633], [-54.9114329, -27.1201328], [-54.9115328, -27.1200883]]}}, {"type": "Feature", "properties": {"capa": "agua", "nombre": null, "osm_id": "638307322"}, "geometry": {"type": "Polygon", "coordinates": [[[-54.9110986, -27.1181474], [-54.9111791, -27.1181665], [-54.9111951, -27.1182477], [-54.9110449, -27.1183766], [-54.9109269, -27.1183623], [-54.9108786, -27.1182763], [-54.9109216, -27.1182047], [-54.9110986, -27.1181474]]]}}, {"type": "Feature", "properties": {"capa": "agua", "nombre": null, "osm_id": "638307323"}, "geometry": {"type": "Polygon", "coordinates": [[[-54.9107445, -27.1188016], [-54.9109323, -27.1187634], [-54.9109591, -27.1188207], [-54.9109001, -27.1188875], [-54.9108465, -27.1188827], [-54.9107875, -27.1188588], [-54.9107445, -27.1188016]]]}}, {"type": "Feature", "properties": {"capa": "calles", "nombre": null, "osm_id": "638307334"}, "geometry": {"type": "LineString", "coordinates": [[-54.8954854, -27.1197653], [-54.8948409, -27.1193427], [-54.8948046, -27.1192896], [-54.8948004, -27.1192292], [-54.8950438, -27.1190454]]}}, {"type": "Feature", "properties": {"capa": "calles", "nombre": null, "osm_id": "638307335"}, "geometry": {"type": "LineString", "coordinates": [[-54.8963382, -27.118622], [-54.8960631, -27.1185718], [-54.8959304, -27.1185006], [-54.8958285, -27.1184075], [-54.8956439, -27.1182021], [-54.8952554, -27.1179693]]}}, {"type": "Feature", "properties": {"capa": "edificios", "nombre": null, "osm_id": "638307336"}, "geometry": {"type": "Polygon", "coordinates": [[[-54.895293, -27.1191704], [-54.8952284, -27.119131], [-54.8951819, -27.1191915], [-54.8952465, -27.1192309], [-54.895293, -27.1191704]]]}}, {"type": "Feature", "properties": {"capa": "edificios", "nombre": null, "osm_id": "638307337"}, "geometry": {"type": "Polygon", "coordinates": [[[-54.895109, -27.1193258], [-54.8950575, -27.1192939], [-54.8949927, -27.1193769], [-54.8950441, -27.1194088], [-54.895109, -27.1193258]]]}}, {"type": "Feature", "properties": {"capa": "edificios", "nombre": null, "osm_id": "638307338"}, "geometry": {"type": "Polygon", "coordinates": [[[-54.8954699, -27.1190153], [-54.8953749, -27.1189543], [-54.8953294, -27.1190104], [-54.8954244, -27.1190715], [-54.8954699, -27.1190153]]]}}, {"type": "Feature", "properties": {"capa": "edificios", "nombre": null, "osm_id": "638307339"}, "geometry": {"type": "Polygon", "coordinates": [[[-54.8950197, -27.1189779], [-54.8949305, -27.1189252], [-54.8948863, -27.1189845], [-54.8949755, -27.1190372], [-54.8950197, -27.1189779]]]}}, {"type": "Feature", "properties": {"capa": "edificios", "nombre": null, "osm_id": "638307340"}, "geometry": {"type": "Polygon", "coordinates": [[[-54.8957658, -27.1191762], [-54.8957085, -27.119136], [-54.8956407, -27.1192125], [-54.895698, -27.1192527], [-54.8957658, -27.1191762]]]}}, {"type": "Feature", "properties": {"capa": "edificios", "nombre": null, "osm_id": "638307341"}, "geometry": {"type": "Polygon", "coordinates": [[[-54.8955279, -27.1194858], [-54.8954421, -27.1194309], [-54.8953842, -27.1195025], [-54.89547, -27.1195575], [-54.8955279, -27.1194858]]]}}, {"type": "Feature", "properties": {"capa": "edificios", "nombre": null, "osm_id": "638307342"}, "geometry": {"type": "Polygon", "coordinates": [[[-54.8952021, -27.1181402], [-54.8952479, -27.1181858], [-54.8951882, -27.1182333], [-54.8951424, -27.1181878], [-54.8952021, -27.1181402]]]}}, {"type": "Feature", "properties": {"capa": "edificios", "nombre": null, "osm_id": "638307343"}, "geometry": {"type": "Polygon", "coordinates": [[[-54.8955213, -27.1182773], [-54.8954846, -27.1182403], [-54.8954294, -27.1182835], [-54.895466, -27.1183206], [-54.8955213, -27.1182773]]]}}, {"type": "Feature", "properties": {"capa": "edificios", "nombre": null, "osm_id": "638307344"}, "geometry": {"type": "Polygon", "coordinates": [[[-54.8949633, -27.1186701], [-54.8948913, -27.1186457], [-54.8948594, -27.1187203], [-54.8949313, -27.1187447], [-54.8949633, -27.1186701]]]}}, {"type": "Feature", "properties": {"capa": "edificios", "nombre": null, "osm_id": "638307345"}, "geometry": {"type": "Polygon", "coordinates": [[[-54.8948681, -27.1190571], [-54.8947945, -27.1190192], [-54.8947503, -27.1190873], [-54.8948239, -27.1191252], [-54.8948681, -27.1190571]]]}}, {"type": "Feature", "properties": {"capa": "edificios", "nombre": null, "osm_id": "638307346"}, "geometry": {"type": "Polygon", "coordinates": [[[-54.8902385, -27.1120353], [-54.8902689, -27.1120549], [-54.8902442, -27.1120853], [-54.8902731, -27.1121039], [-54.8902445, -27.112139], [-54.890224, -27.1121258], [-54.8902035, -27.112151], [-54.890162, -27.1121242], [-54.8901853, -27.1120957], [-54.8901648, -27.1120825], [-54.8901824, -27.1120609], [-54.8902054, -27.1120758], [-54.8902385, -27.1120353]]]}}, {"type": "Feature", "properties": {"capa": "edificios", "nombre": null, "osm_id": "638307347"}, "geometry": {"type": "Polygon", "coordinates": [[[-54.8901422, -27.11198], [-54.8901727, -27.1119996], [-54.890148, -27.11203], [-54.8901769, -27.1120486], [-54.8901483, -27.1120837], [-54.8901278, -27.1120705], [-54.8901073, -27.1120957], [-54.8900658, -27.1120689], [-54.890089, -27.1120404], [-54.8900686, -27.1120272], [-54.8900861, -27.1120056], [-54.8901092, -27.1120205], [-54.8901422, -27.11198]]]}}, {"type": "Feature", "properties": {"capa": "edificios", "nombre": null, "osm_id": "638307348"}, "geometry": {"type": "Polygon", "coordinates": [[[-54.8899734, -27.1118755], [-54.8900039, -27.1118952], [-54.8899792, -27.1119255], [-54.8900081, -27.1119441], [-54.8899795, -27.1119792], [-54.889959, -27.111966], [-54.8899385, -27.1119912], [-54.889897, -27.1119644], [-54.8899202, -27.1119359], [-54.8898998, -27.1119227], [-54.8899174, -27.1119011], [-54.8899404, -27.111916], [-54.8899734, -27.1118755]]]}}, {"type": "Feature", "properties": {"capa": "edificios", "nombre": null, "osm_id": "638307349"}, "geometry": {"type": "Polygon", "coordinates": [[[-54.890058, -27.1119266], [-54.8900884, -27.1119463], [-54.8900638, -27.1119766], [-54.8900926, -27.1119952], [-54.890064, -27.1120304], [-54.8900435, -27.1120171], [-54.890023, -27.1120423], [-54.8899816, -27.1120156], [-54.8900048, -27.111987], [-54.8899843, -27.1119738], [-54.8900019, -27.1119523], [-54.890025, -27.1119672], [-54.890058, -27.1119266]]]}}, {"type": "Feature", "properties": {"capa": "edificios", "nombre": null, "osm_id": "638307350"}, "geometry": {"type": "Polygon", "coordinates": [[[-54.8897985, -27.1117635], [-54.889829, -27.1117832], [-54.8898043, -27.1118135], [-54.8898332, -27.1118321], [-54.8898046, -27.1118673], [-54.8897841, -27.111854], [-54.8897636, -27.1118792], [-54.8897221, -27.1118525], [-54.8897453, -27.1118239], [-54.8897249, -27.1118107], [-54.8897424, -27.1117892], [-54.8897655, -27.1118041], [-54.8897985, -27.1117635]]]}}, {"type": "Feature", "properties": {"capa": "edificios", "nombre": null, "osm_id": "638307351"}, "geometry": {"type": "Polygon", "coordinates": [[[-54.8898877, -27.1118154], [-54.8899181, -27.1118351], [-54.8898934, -27.1118654], [-54.8899223, -27.111884], [-54.8898937, -27.1119192], [-54.8898732, -27.1119059], [-54.8898527, -27.1119311], [-54.8898112, -27.1119044], [-54.8898345, -27.1118758], [-54.889814, -27.1118626], [-54.8898316, -27.1118411], [-54.8898546, -27.111856], [-54.8898877, -27.1118154]]]}}, {"type": "Feature", "properties": {"capa": "edificios", "nombre": null, "osm_id": "638307352"}, "geometry": {"type": "Polygon", "coordinates": [[[-54.8896228, -27.1116591], [-54.8896533, -27.1116788], [-54.8896286, -27.1117091], [-54.8896575, -27.1117277], [-54.8896289, -27.1117628], [-54.8896083, -27.1117496], [-54.8895878, -27.1117748], [-54.8895464, -27.111748], [-54.8895696, -27.1117195], [-54.8895491, -27.1117063], [-54.8895667, -27.1116848], [-54.8895898, -27.1116996], [-54.8896228, -27.1116591]]]}}, {"type": "Feature", "properties": {"capa": "edificios", "nombre": null, "osm_id": "638307353"}, "geometry": {"type": "Polygon", "coordinates": [[[-54.8897102, -27.1117104], [-54.8897406, -27.1117301], [-54.889716, -27.1117604], [-54.8897448, -27.111779], [-54.8897162, -27.1118142], [-54.8896957, -27.1118009], [-54.8896752, -27.1118261], [-54.8896338, -27.1117994], [-54.889657, -27.1117708], [-54.8896365, -27.1117576], [-54.8896541, -27.1117361], [-54.8896772, -27.111751], [-54.8897102, -27.1117104]]]}}, {"type": "Feature", "properties": {"capa": "edificios", "nombre": null, "osm_id": "638307354"}, "geometry": {"type": "Polygon", "coordinates": [[[-54.8894419, -27.1115487], [-54.8894723, -27.1115683], [-54.8894477, -27.1115986], [-54.8894765, -27.1116173], [-54.8894479, -27.1116524], [-54.8894274, -27.1116392], [-54.8894069, -27.1116643], [-54.8893655, -27.1116376], [-54.8893887, -27.1116091], [-54.8893682, -27.1115959], [-54.8893858, -27.1115743], [-54.8894089, -27.1115892], [-54.8894419, -27.1115487]]]}}, {"type": "Feature", "properties": {"capa": "edificios", "nombre": null, "osm_id": "638307355"}, "geometry": {"type": "Polygon", "coordinates": [[[-54.8895287, -27.111604], [-54.8895592, -27.1116236], [-54.8895345, -27.1116539], [-54.8895634, -27.1116726], [-54.8895348, -27.1117077], [-54.8895143, -27.1116944], [-54.8894938, -27.1117196], [-54.8894523, -27.1116929], [-54.8894755, -27.1116644], [-54.8894551, -27.1116512], [-54.8894727, -27.1116296], [-54.8894957, -27.1116445], [-54.8895287, -27.111604]]]}}, {"type": "Feature", "properties": {"capa": "agua", "nombre": null, "osm_id": "638307357"}, "geometry": {"type": "Polygon", "coordinates": [[[-54.8773628, -27.0805423], [-54.8776923, -27.0806946], [-54.8778126, -27.0809936], [-54.8776226, -27.0811684], [-54.8774135, -27.0813602], [-54.8771664, -27.0813659], [-54.8765582, -27.0815012], [-54.8763618, -27.0810105], [-54.8765329, -27.0809428], [-54.8765646, -27.0807679], [-54.8767039, -27.0805423], [-54.8768116, -27.080469], [-54.8769447, -27.0804182], [-54.8770904, -27.0805197], [-54.8772234, -27.0805197], [-54.8773628, -27.0805423]]]}}, {"type": "Feature", "properties": {"capa": "agua", "nombre": null, "osm_id": "638307358"}, "geometry": {"type": "Polygon", "coordinates": [[[-54.8755256, -27.079871], [-54.875684, -27.0800798], [-54.8756016, -27.0801587], [-54.8755319, -27.0801644], [-54.8754939, -27.0800403], [-54.8754622, -27.0799387], [-54.8755256, -27.079871]]]}}, {"type": "Feature", "properties": {"capa": "agua", "nombre": null, "osm_id": "638307359"}, "geometry": {"type": "Polygon", "coordinates": [[[-54.8757283, -27.0802321], [-54.8757093, -27.0803449], [-54.8756079, -27.0804238], [-54.8756396, -27.0805028], [-54.8755889, -27.0804972], [-54.8755382, -27.0803562], [-54.8755446, -27.0802885], [-54.8757283, -27.0802321]]]}}, {"type": "Feature", "properties": {"capa": "calles", "nombre": null, "osm_id": "638307360"}, "geometry": {"type": "LineString", "coordinates": [[-54.8744805, -27.0813956], [-54.8750363, -27.0813755], [-54.8753735, -27.0813376], [-54.875558, -27.081296], [-54.875766, -27.0811917], [-54.875969, -27.0810443], [-54.8765392, -27.0805931], [-54.8767034, -27.0804821], [-54.8768496, -27.0804049], [-54.8769482, -27.0803829], [-54.8771559, -27.0804012], [-54.8773037, -27.0803891], [-54.8774246, -27.0803497], [-54.8777184, -27.0802322], [-54.8779393, -27.0801363], [-54.878133, -27.0800775], [-54.8782409, -27.0800589], [-54.8783816, -27.0800608], [-54.8785075, -27.0800817], [-54.8787037, -27.0801387], [-54.8809198, -27.080989]]}}, {"type": "Feature", "properties": {"capa": "agua", "nombre": null, "osm_id": "638307361"}, "geometry": {"type": "Polygon", "coordinates": [[[-54.8786443, -27.0765414], [-54.8785817, -27.0768759], [-54.878373, -27.0768201], [-54.8782686, -27.0766808], [-54.8783521, -27.0765228], [-54.8786443, -27.0765414]]]}}, {"type": "Feature", "properties": {"capa": "calles", "nombre": null, "osm_id": "638307362"}, "geometry": {"type": "LineString", "coordinates": [[-54.8787686, -27.0928795], [-54.8753928, -27.097168], [-54.8748654, -27.097872]]}}, {"type": "Feature", "properties": {"capa": "calles", "nombre": null, "osm_id": "640640398"}, "geometry": {"type": "LineString", "coordinates": [[-54.9112873, -27.1137086], [-54.9101429, -27.1136874], [-54.909527, -27.1137154], [-54.9084681, -27.1139854], [-54.90774, -27.1140983], [-54.9067367, -27.1141986], [-54.9054152, -27.1143431], [-54.9035905, -27.1145427], [-54.9032808, -27.1145674]]}}, {"type": "Feature", "properties": {"capa": "calles", "nombre": "Islas de los Estados", "osm_id": "644565500"}, "geometry": {"type": "LineString", "coordinates": [[-54.8925753, -27.1125379], [-54.8924831, -27.1124356], [-54.8923873, -27.1122089], [-54.8923254, -27.1119522], [-54.8922805, -27.1117265], [-54.8922916, -27.1116443], [-54.8923336, -27.1115457], [-54.8924244, -27.1113649], [-54.8925394, -27.1111585], [-54.8925806, -27.1110845], [-54.8928638, -27.1106081], [-54.8931409, -27.1100302], [-54.8932198, -27.1098532], [-54.8933007, -27.1096461], [-54.8933734, -27.1094015]]}}, {"type": "Feature", "properties": {"capa": "calles", "nombre": "Basilio Iscoski", "osm_id": "644565501"}, "geometry": {"type": "LineString", "coordinates": [[-54.8901624, -27.1105013], [-54.8893861, -27.1100532], [-54.8888745, -27.1097539], [-54.8886879, -27.1095968], [-54.8885746, -27.1094667], [-54.888562, -27.1093456]]}}, {"type": "Feature", "properties": {"capa": "edificios", "nombre": null, "osm_id": "644565502"}, "geometry": {"type": "Polygon", "coordinates": [[[-54.8888418, -27.1113613], [-54.8889463, -27.1114269], [-54.8888899, -27.1114981], [-54.8889513, -27.1115367], [-54.888788, -27.1117427], [-54.8886798, -27.1116747], [-54.8887208, -27.111623], [-54.8886631, -27.1115867], [-54.8888418, -27.1113613]]]}}, {"type": "Feature", "properties": {"capa": "edificios", "nombre": null, "osm_id": "644565503"}, "geometry": {"type": "Polygon", "coordinates": [[[-54.8900521, -27.1122825], [-54.8900825, -27.1123021], [-54.8900578, -27.1123325], [-54.8900867, -27.1123511], [-54.8900581, -27.1123862], [-54.8900376, -27.112373], [-54.8900171, -27.1123982], [-54.8899756, -27.1123714], [-54.8899989, -27.1123429], [-54.8899784, -27.1123297], [-54.889996, -27.1123081], [-54.890019, -27.112323], [-54.8900521, -27.1122825]]]}}, {"type": "Feature", "properties": {"capa": "edificios", "nombre": null, "osm_id": "644565504"}, "geometry": {"type": "Polygon", "coordinates": [[[-54.8899558, -27.1122272], [-54.8899863, -27.1122468], [-54.8899616, -27.1122772], [-54.8899905, -27.1122958], [-54.8899619, -27.1123309], [-54.8899414, -27.1123177], [-54.8899209, -27.1123429], [-54.8898794, -27.1123161], [-54.8899026, -27.1122876], [-54.8898822, -27.1122744], [-54.8898997, -27.1122528], [-54.8899228, -27.1122677], [-54.8899558, -27.1122272]]]}}, {"type": "Feature", "properties": {"capa": "edificios", "nombre": null, "osm_id": "644565505"}, "geometry": {"type": "Polygon", "coordinates": [[[-54.8898716, -27.1121738], [-54.889902, -27.1121935], [-54.8898774, -27.1122238], [-54.8899062, -27.1122424], [-54.8898776, -27.1122776], [-54.8898571, -27.1122643], [-54.8898366, -27.1122895], [-54.8897952, -27.1122628], [-54.8898184, -27.1122342], [-54.8897979, -27.112221], [-54.8898155, -27.1121995], [-54.8898386, -27.1122144], [-54.8898716, -27.1121738]]]}}, {"type": "Feature", "properties": {"capa": "edificios", "nombre": null, "osm_id": "644565506"}, "geometry": {"type": "Polygon", "coordinates": [[[-54.889787, -27.1121227], [-54.8898175, -27.1121424], [-54.8897928, -27.1121727], [-54.8898217, -27.1121913], [-54.8897931, -27.1122264], [-54.8897726, -27.1122132], [-54.8897521, -27.1122384], [-54.8897106, -27.1122116], [-54.8897338, -27.1121831], [-54.8897134, -27.1121699], [-54.889731, -27.1121483], [-54.889754, -27.1121632], [-54.889787, -27.1121227]]]}}, {"type": "Feature", "properties": {"capa": "edificios", "nombre": null, "osm_id": "644565507"}, "geometry": {"type": "Polygon", "coordinates": [[[-54.8897013, -27.1120626], [-54.8897317, -27.1120823], [-54.889707, -27.1121126], [-54.8897359, -27.1121312], [-54.8897073, -27.1121664], [-54.8896868, -27.1121531], [-54.8896663, -27.1121783], [-54.8896248, -27.1121516], [-54.8896481, -27.112123], [-54.8896276, -27.1121098], [-54.8896452, -27.1120883], [-54.8896682, -27.1121032], [-54.8897013, -27.1120626]]]}}, {"type": "Feature", "properties": {"capa": "edificios", "nombre": null, "osm_id": "644565508"}, "geometry": {"type": "Polygon", "coordinates": [[[-54.8896093, -27.1120111], [-54.8896398, -27.1120308], [-54.8896151, -27.1120611], [-54.889644, -27.1120797], [-54.8896154, -27.1121149], [-54.8895949, -27.1121016], [-54.8895744, -27.1121268], [-54.8895329, -27.1121001], [-54.8895561, -27.1120715], [-54.8895357, -27.1120583], [-54.8895532, -27.1120368], [-54.8895763, -27.1120517], [-54.8896093, -27.1120111]]]}}, {"type": "Feature", "properties": {"capa": "edificios", "nombre": null, "osm_id": "644565509"}, "geometry": {"type": "Polygon", "coordinates": [[[-54.8895236, -27.1119574], [-54.889554, -27.1119771], [-54.8895294, -27.1120074], [-54.8895582, -27.112026], [-54.8895296, -27.1120612], [-54.8895091, -27.1120479], [-54.8894886, -27.1120731], [-54.8894472, -27.1120464], [-54.8894704, -27.1120178], [-54.8894499, -27.1120046], [-54.8894675, -27.1119831], [-54.8894906, -27.111998], [-54.8895236, -27.1119574]]]}}, {"type": "Feature", "properties": {"capa": "edificios", "nombre": null, "osm_id": "644565510"}, "geometry": {"type": "Polygon", "coordinates": [[[-54.8894364, -27.1119063], [-54.8894669, -27.111926], [-54.8894422, -27.1119563], [-54.8894711, -27.1119749], [-54.8894425, -27.11201], [-54.8894219, -27.1119968], [-54.8894014, -27.112022], [-54.88936, -27.1119952], [-54.8893832, -27.1119667], [-54.8893627, -27.1119535], [-54.8893803, -27.111932], [-54.8894034, -27.1119468], [-54.8894364, -27.1119063]]]}}, {"type": "Feature", "properties": {"capa": "edificios", "nombre": null, "osm_id": "644565512"}, "geometry": {"type": "Polygon", "coordinates": [[[-54.8893423, -27.1118512], [-54.8893728, -27.1118708], [-54.8893481, -27.1119011], [-54.889377, -27.1119198], [-54.8893484, -27.1119549], [-54.8893279, -27.1119416], [-54.8893074, -27.1119668], [-54.8892659, -27.1119401], [-54.8892891, -27.1119116], [-54.8892687, -27.1118984], [-54.8892863, -27.1118768], [-54.8893093, -27.1118917], [-54.8893423, -27.1118512]]]}}, {"type": "Feature", "properties": {"capa": "edificios", "nombre": null, "osm_id": "644565513"}, "geometry": {"type": "Polygon", "coordinates": [[[-54.8892555, -27.1117959], [-54.8892859, -27.1118155], [-54.8892613, -27.1118458], [-54.8892901, -27.1118645], [-54.8892615, -27.1118996], [-54.889241, -27.1118864], [-54.8892205, -27.1119115], [-54.8891791, -27.1118848], [-54.8892023, -27.1118563], [-54.8891818, -27.1118431], [-54.8891994, -27.1118215], [-54.8892225, -27.1118364], [-54.8892555, -27.1117959]]]}}, {"type": "Feature", "properties": {"capa": "edificios", "nombre": null, "osm_id": "644565514"}, "geometry": {"type": "Polygon", "coordinates": [[[-54.8906015, -27.1113541], [-54.8905276, -27.111308], [-54.8904173, -27.1114479], [-54.8904912, -27.111494], [-54.8906015, -27.1113541]]]}}, {"type": "Feature", "properties": {"capa": "calles", "nombre": "Sargento Liniers", "osm_id": "644565515"}, "geometry": {"type": "LineString", "coordinates": [[-54.8942937, -27.1051523], [-54.8943177, -27.1050237], [-54.8942796, -27.1049122], [-54.894212, -27.1048555], [-54.8940952, -27.1047879], [-54.8937674, -27.1046341], [-54.8935198, -27.1045293], [-54.893223, -27.1043198], [-54.8931516, -27.1041958]]}}, {"type": "Feature", "properties": {"capa": "calles", "nombre": "Omar Rupell", "osm_id": "644565516"}, "geometry": {"type": "LineString", "coordinates": [[-54.8917836, -27.1084168], [-54.8921359, -27.1079309], [-54.892573, -27.1073765], [-54.8932643, -27.1064726], [-54.8936317, -27.1059922], [-54.8940096, -27.1054754], [-54.8942937, -27.1051523]]}}, {"type": "Feature", "properties": {"capa": "verde", "nombre": null, "osm_id": "644565517"}, "geometry": {"type": "Polygon", "coordinates": [[[-54.8905032, -27.1110185], [-54.8903537, -27.1109218], [-54.8899517, -27.1110259], [-54.88988, -27.1111375], [-54.8902304, -27.1113365], [-54.8905032, -27.1110185]]]}}, {"type": "Feature", "properties": {"capa": "caminos", "nombre": null, "osm_id": "644574910"}, "geometry": {"type": "LineString", "coordinates": [[-54.8888478, -27.0937039], [-54.8884988, -27.0936142], [-54.8879432, -27.0934578], [-54.8877107, -27.0934325], [-54.8875462, -27.0934426], [-54.8869905, -27.0936142], [-54.8866812, -27.0937397], [-54.8863271, -27.0938818], [-54.8853065, -27.0942402], [-54.885108, -27.0942856], [-54.8845752, -27.0944516]]}}, {"type": "Feature", "properties": {"capa": "calles", "nombre": null, "osm_id": "644574911"}, "geometry": {"type": "LineString", "coordinates": [[-54.8789132, -27.0901179], [-54.8788247, -27.0900267], [-54.8777458, -27.0893998]]}}, {"type": "Feature", "properties": {"capa": "calles", "nombre": null, "osm_id": "644574912"}, "geometry": {"type": "LineString", "coordinates": [[-54.8782082, -27.0911307], [-54.8769799, -27.0904703], [-54.8767027, -27.090371], [-54.8766628, -27.0903151], [-54.876593, -27.0900088], [-54.8765705, -27.089938], [-54.8765013, -27.0898718], [-54.8757257, -27.0896135], [-54.8753999, -27.0895062], [-54.8752727, -27.089528], [-54.8751556, -27.089596], [-54.8747383, -27.0900808], [-54.8744737, -27.0902349], [-54.8741276, -27.0903527], [-54.8738935, -27.090398], [-54.873578, -27.0904116], [-54.8731912, -27.0903934], [-54.8730385, -27.090398], [-54.8729876, -27.0904206], [-54.8729393, -27.090502]]}}, {"type": "Feature", "properties": {"capa": "calles", "nombre": "Intendente Ramón Closs", "osm_id": "644574913"}, "geometry": {"type": "LineString", "coordinates": [[-54.8795647, -27.0891964], [-54.8793085, -27.0895581], [-54.8789132, -27.0901179], [-54.8786315, -27.0905639], [-54.8782082, -27.0911307], [-54.87778, -27.0917106]]}}, {"type": "Feature", "properties": {"capa": "calles", "nombre": "Intendente Alberto Camaño", "osm_id": "644574914"}, "geometry": {"type": "LineString", "coordinates": [[-54.87778, -27.0917106], [-54.8790969, -27.0924896]]}}, {"type": "Feature", "properties": {"capa": "calles", "nombre": null, "osm_id": "644574915"}, "geometry": {"type": "LineString", "coordinates": [[-54.8767641, -27.0908119], [-54.8767957, -27.0910692], [-54.8768502, -27.091155], [-54.8769774, -27.09125], [-54.87778, -27.0917106]]}}, {"type": "Feature", "properties": {"capa": "calles", "nombre": "Felix Aguirre", "osm_id": "644574916"}, "geometry": {"type": "LineString", "coordinates": [[-54.8986513, -27.1031224], [-54.8977313, -27.1038529], [-54.8972714, -27.1042584], [-54.896873, -27.1046139], [-54.8963287, -27.105113], [-54.8962175, -27.1053645]]}}, {"type": "Feature", "properties": {"capa": "calles", "nombre": "Avellaneda", "osm_id": "644574917"}, "geometry": {"type": "LineString", "coordinates": [[-54.8986513, -27.1031224], [-54.8983723, -27.1028322], [-54.8980994, -27.1026257], [-54.8978902, -27.1023935], [-54.8976585, -27.1021749]]}}, {"type": "Feature", "properties": {"capa": "calles", "nombre": "El Hornero", "osm_id": "644574918"}, "geometry": {"type": "LineString", "coordinates": [[-54.8994801, -27.1039298], [-54.9001233, -27.1034975], [-54.9001986, -27.1034051], [-54.9005078, -27.1025554], [-54.9009393, -27.1016803]]}}, {"type": "Feature", "properties": {"capa": "calles", "nombre": "Colectora Alfredo Sapper", "osm_id": "644574919"}, "geometry": {"type": "LineString", "coordinates": [[-54.8994078, -27.1072019], [-54.8997399, -27.1076711], [-54.9005585, -27.1091217], [-54.900806, -27.1096064], [-54.9010908, -27.1100662], [-54.9014865, -27.1106693], [-54.9016339, -27.1108893], [-54.901781, -27.111107], [-54.9020511, -27.11152], [-54.9024883, -27.1122491], [-54.9023863, -27.1123589]]}}, {"type": "Feature", "properties": {"capa": "calles", "nombre": "Belgrano", "osm_id": "644574921"}, "geometry": {"type": "LineString", "coordinates": [[-54.8975395, -27.0983025], [-54.8974268, -27.0984506], [-54.8973654, -27.0985776], [-54.897339, -27.0987108], [-54.8972659, -27.0993245], [-54.8972496, -27.0994296], [-54.8971747, -27.0999337]]}}, {"type": "Feature", "properties": {"capa": "calles", "nombre": "Posadas", "osm_id": "644574922"}, "geometry": {"type": "LineString", "coordinates": [[-54.9038025, -27.0935206], [-54.9037509, -27.093596], [-54.9036527, -27.0936928], [-54.9034739, -27.0937646], [-54.9032951, -27.0938052], [-54.9031443, -27.0938879], [-54.9030602, -27.0940174], [-54.9029308, -27.0941704], [-54.902562, -27.0944576], [-54.9022417, -27.0947155], [-54.901863, -27.0950718], [-54.9015273, -27.0953569], [-54.900801, -27.0959425], [-54.9006735, -27.0960843]]}}, {"type": "Feature", "properties": {"capa": "calles", "nombre": "25 de Mayo", "osm_id": "644577774"}, "geometry": {"type": "LineString", "coordinates": [[-54.9015285, -27.0935159], [-54.9008893, -27.0940849], [-54.899765, -27.0950195], [-54.8991001, -27.0955746], [-54.8987072, -27.0959018], [-54.8981935, -27.0963124], [-54.8972937, -27.0970472], [-54.8966705, -27.0975759], [-54.8963355, -27.0978534], [-54.8962243, -27.0978751]]}}, {"type": "Feature", "properties": {"capa": "calles", "nombre": "Almirante Brown", "osm_id": "644903116"}, "geometry": {"type": "LineString", "coordinates": [[-54.8992781, -27.1056398], [-54.8992699, -27.1054073], [-54.8991675, -27.1052431], [-54.8990715, -27.1051013], [-54.8989346, -27.1049562], [-54.8987409, -27.1047701], [-54.8985817, -27.1046728]]}}, {"type": "Feature", "properties": {"capa": "calles", "nombre": "Austria", "osm_id": "644903117"}, "geometry": {"type": "LineString", "coordinates": [[-54.9002266, -27.1151743], [-54.9009796, -27.1142795], [-54.9013082, -27.1138889], [-54.9014128, -27.1138079], [-54.9020757, -27.1134777], [-54.9025631, -27.1132162]]}}, {"type": "Feature", "properties": {"capa": "calles", "nombre": "María Sokoloski", "osm_id": "644903118"}, "geometry": {"type": "LineString", "coordinates": [[-54.9008074, -27.1128464], [-54.9005966, -27.1131326], [-54.9002331, -27.1136301], [-54.9001385, -27.1137595], [-54.9000168, -27.113926], [-54.899758, -27.1143355], [-54.8996355, -27.114495], [-54.8994592, -27.1147244], [-54.8993746, -27.1148346], [-54.8989864, -27.1153337], [-54.8986126, -27.1158157], [-54.8985234, -27.1159484], [-54.8983059, -27.1162721], [-54.898028, -27.1165707], [-54.8979528, -27.1166735], [-54.8977596, -27.1169375], [-54.8975296, -27.117266], [-54.8973652, -27.1174372], [-54.8971078, -27.1177053], [-54.8965903, -27.1183068], [-54.8963382, -27.118622], [-54.896075, -27.118951], [-54.8959865, -27.1190617], [-54.895627, -27.1196035], [-54.8954854, -27.1197653], [-54.8953059, -27.1199703], [-54.8949465, -27.1204139], [-54.8946446, -27.120802], [-54.8944385, -27.1211305], [-54.8942277, -27.1214589], [-54.8940312, -27.1217276], [-54.8938203, -27.1220006], [-54.8934609, -27.1223674], [-54.8932261, -27.1225892], [-54.8930344, -27.1228622], [-54.8927325, -27.1233143], [-54.8925312, -27.1235873], [-54.8920232, -27.1242356], [-54.8915469, -27.1249704], [-54.8909498, -27.1256687], [-54.8899578, -27.1269568], [-54.8893861, -27.1276488], [-54.889306, -27.1277458], [-54.8885057, -27.1287566], [-54.8880313, -27.1293495], [-54.8876191, -27.129422], [-54.887092, -27.1295116], [-54.886929, -27.1295158], [-54.8861527, -27.1292855], [-54.8857597, -27.1291874], [-54.8852421, -27.1292173], [-54.8846191, -27.1292855], [-54.8845425, -27.1292642], [-54.8844802, -27.1291917], [-54.8847725, -27.1281851], [-54.884691, -27.1281084], [-54.8845329, -27.1278269], [-54.884437, -27.1275496], [-54.8844274, -27.1272425], [-54.8843412, -27.126044]]}}, {"type": "Feature", "properties": {"capa": "calles", "nombre": null, "osm_id": "644903119"}, "geometry": {"type": "LineString", "coordinates": [[-54.9008074, -27.1128464], [-54.9002908, -27.1120586], [-54.8996232, -27.1109692], [-54.8996103, -27.1109508], [-54.899411, -27.1104814]]}}, {"type": "Feature", "properties": {"capa": "calles", "nombre": "Mariano Moreno", "osm_id": "645261660"}, "geometry": {"type": "LineString", "coordinates": [[-54.8961125, -27.0967068], [-54.8969316, -27.0957129], [-54.8972558, -27.0954222], [-54.8981718, -27.0947017], [-54.8988514, -27.0941078], [-54.8990146, -27.0939783], [-54.8999475, -27.0931934], [-54.9005796, -27.0926446], [-54.9010647, -27.0922795]]}}, {"type": "Feature", "properties": {"capa": "edificios", "nombre": null, "osm_id": "655205880"}, "geometry": {"type": "Polygon", "coordinates": [[[-54.8984318, -27.0941031], [-54.8984927, -27.0941655], [-54.8986115, -27.0940736], [-54.8986784, -27.094142], [-54.8985973, -27.0942048], [-54.8985629, -27.0941696], [-54.8984178, -27.0942819], [-54.8983244, -27.0941863], [-54.8984318, -27.0941031]]]}}, {"type": "Feature", "properties": {"capa": "edificios", "nombre": null, "osm_id": "655207146"}, "geometry": {"type": "Polygon", "coordinates": [[[-54.8985154, -27.0936051], [-54.8985843, -27.0936773], [-54.8984625, -27.0937695], [-54.8983936, -27.0936974], [-54.8985154, -27.0936051]]]}}, {"type": "Feature", "properties": {"capa": "rutas", "nombre": "Avenida General Mosconi", "osm_id": "661010211"}, "geometry": {"type": "LineString", "coordinates": [[-54.8936605, -27.0950975], [-54.8937928, -27.0952261]]}}, {"type": "Feature", "properties": {"capa": "calles", "nombre": "El Laurel", "osm_id": "661010212"}, "geometry": {"type": "LineString", "coordinates": [[-54.8936605, -27.0950975], [-54.8946316, -27.0943021], [-54.8954261, -27.093656], [-54.8962726, -27.0929235], [-54.8971719, -27.0921733], [-54.8978004, -27.0917037], [-54.8981631, -27.0914858]]}}, {"type": "Feature", "properties": {"capa": "rutas", "nombre": "Avenida República del Paraguay", "osm_id": "661010213"}, "geometry": {"type": "LineString", "coordinates": [[-54.8892705, -27.0954998], [-54.8891925, -27.0955931], [-54.8886027, -27.0962982], [-54.8883751, -27.0965704], [-54.8880655, -27.0969773], [-54.8879548, -27.0971228], [-54.8872831, -27.0979885], [-54.8866295, -27.0988291], [-54.8862513, -27.0993514], [-54.8860516, -27.0996272], [-54.8853754, -27.1004928]]}}, {"type": "Feature", "properties": {"capa": "rutas", "nombre": "Avenida General Mosconi", "osm_id": "661010214"}, "geometry": {"type": "LineString", "coordinates": [[-54.8913407, -27.0928929], [-54.8919299, -27.0934175], [-54.8923714, -27.0938371], [-54.8928565, -27.09432], [-54.8936605, -27.0950975]]}}, {"type": "Feature", "properties": {"capa": "calles", "nombre": "Amado Bonpland", "osm_id": "661010221"}, "geometry": {"type": "LineString", "coordinates": [[-54.8937499, -27.0936113], [-54.8946316, -27.0943021]]}}, {"type": "Feature", "properties": {"capa": "calles", "nombre": "Entre Ríos", "osm_id": "661010222"}, "geometry": {"type": "LineString", "coordinates": [[-54.8937499, -27.0936113], [-54.8946018, -27.0928655], [-54.8954828, -27.0921295], [-54.8959219, -27.0918079], [-54.8964302, -27.0914328], [-54.8974927, -27.090864], [-54.8983791, -27.0901464], [-54.8992492, -27.0894684], [-54.8994587, -27.089309], [-54.8999632, -27.0889253], [-54.9002205, -27.0887278]]}}, {"type": "Feature", "properties": {"capa": "edificios", "nombre": null, "osm_id": "661010224"}, "geometry": {"type": "Polygon", "coordinates": [[[-54.8952279, -27.0993864], [-54.8953313, -27.0994755], [-54.8953624, -27.099447], [-54.8954363, -27.0995108], [-54.8953037, -27.0996325], [-54.8952763, -27.0996088], [-54.8952471, -27.0996356], [-54.8950973, -27.0995063], [-54.8952279, -27.0993864]]]}}, {"type": "Feature", "properties": {"capa": "calles", "nombre": null, "osm_id": "661010227"}, "geometry": {"type": "LineString", "coordinates": [[-54.8924994, -27.0857356], [-54.891578, -27.0850616]]}}, {"type": "Feature", "properties": {"capa": "agua", "nombre": null, "osm_id": "661010228"}, "geometry": {"type": "Polygon", "coordinates": [[[-54.9053461, -27.0941073], [-54.9054945, -27.0941614], [-54.9056025, -27.0942034], [-54.9055822, -27.0943956], [-54.9054338, -27.0943776], [-54.9052314, -27.0943475], [-54.9052314, -27.0942755], [-54.9052382, -27.0941854], [-54.9053461, -27.0941073]]]}}, {"type": "Feature", "properties": {"capa": "agua", "nombre": null, "osm_id": "661010229"}, "geometry": {"type": "Polygon", "coordinates": [[[-54.9055214, -27.094611], [-54.9056562, -27.0945986], [-54.9057398, -27.0946193], [-54.9057398, -27.0947144], [-54.905684, -27.0947475], [-54.9055353, -27.0947475], [-54.9054935, -27.094702], [-54.9055214, -27.094611]]]}}, {"type": "Feature", "properties": {"capa": "caminos", "nombre": null, "osm_id": "661010230"}, "geometry": {"type": "LineString", "coordinates": [[-54.8903443, -27.0940108], [-54.8905622, -27.0942206], [-54.8907177, -27.0943539], [-54.8908364, -27.0944722], [-54.890958, -27.0945754], [-54.8909862, -27.0946459], [-54.8910399, -27.0947641], [-54.8910908, -27.0948572], [-54.8912208, -27.094968], [-54.8914088, -27.095102], [-54.8915233, -27.0951819], [-54.8917325, -27.0953152], [-54.8918512, -27.0954687], [-54.8919247, -27.0956197], [-54.8919784, -27.0957254]]}}, {"type": "Feature", "properties": {"capa": "caminos", "nombre": null, "osm_id": "661010231"}, "geometry": {"type": "LineString", "coordinates": [[-54.89305, -27.0957895], [-54.8929507, -27.0958361], [-54.8928264, -27.0958588], [-54.892719, -27.0958663], [-54.8925522, -27.0958764], [-54.8922723, -27.095821], [-54.8920547, -27.0957631], [-54.8919784, -27.0957254], [-54.8918257, -27.0956046], [-54.8914781, -27.0953253], [-54.8913405, -27.0952087], [-54.8910993, -27.0950007], [-54.890958, -27.0948296], [-54.8907516, -27.0946433], [-54.8906442, -27.0945427], [-54.8905198, -27.0944697], [-54.8904124, -27.0944345], [-54.8903672, -27.0944269], [-54.8902965, -27.094442], [-54.8902315, -27.0944722], [-54.8901156, -27.0944999], [-54.8899895, -27.0944914]]}}, {"type": "Feature", "properties": {"capa": "edificios", "nombre": null, "osm_id": "679509940"}, "geometry": {"type": "Polygon", "coordinates": [[[-54.8956957, -27.1111494], [-54.8955887, -27.1110831], [-54.8955143, -27.1111782], [-54.8956213, -27.1112445], [-54.8956957, -27.1111494]]]}}, {"type": "Feature", "properties": {"capa": "edificios", "nombre": null, "osm_id": "679509941"}, "geometry": {"type": "Polygon", "coordinates": [[[-54.895568, -27.1112594], [-54.8956113, -27.1112843], [-54.8955155, -27.1114158], [-54.8953465, -27.1113183], [-54.895371, -27.1112847], [-54.8954968, -27.1113572], [-54.895568, -27.1112594]]]}}, {"type": "Feature", "properties": {"capa": "edificios", "nombre": null, "osm_id": "679509942"}, "geometry": {"type": "Polygon", "coordinates": [[[-54.8951108, -27.1113075], [-54.8952304, -27.1113829], [-54.8951765, -27.1114506], [-54.8951928, -27.1114609], [-54.8951286, -27.1115415], [-54.8950198, -27.1114729], [-54.8951019, -27.1113697], [-54.8950749, -27.1113527], [-54.8951108, -27.1113075]]]}}, {"type": "Feature", "properties": {"capa": "edificios", "nombre": null, "osm_id": "679509943"}, "geometry": {"type": "Polygon", "coordinates": [[[-54.8952894, -27.1116616], [-54.8951624, -27.1115858], [-54.8950978, -27.1116716], [-54.8952248, -27.1117474], [-54.8952894, -27.1116616]]]}}, {"type": "Feature", "properties": {"capa": "edificios", "nombre": null, "osm_id": "681868070"}, "geometry": {"type": "Polygon", "coordinates": [[[-54.8861521, -27.0992582], [-54.8858313, -27.0990591], [-54.8857492, -27.0991639], [-54.88607, -27.099363], [-54.8861521, -27.0992582]]]}}, {"type": "Feature", "properties": {"capa": "edificios", "nombre": null, "osm_id": "687322230"}, "geometry": {"type": "Polygon", "coordinates": [[[-54.8690425, -27.08705], [-54.8693269, -27.0873356], [-54.8690131, -27.0875834], [-54.8689416, -27.0875116], [-54.8690781, -27.0874038], [-54.8688651, -27.08719], [-54.8690425, -27.08705]]]}}, {"type": "Feature", "properties": {"capa": "edificios", "nombre": "Ex Fábrica", "osm_id": "687322231"}, "geometry": {"type": "Polygon", "coordinates": [[[-54.8670889, -27.0874037], [-54.8670927, -27.0877583], [-54.8669652, -27.0877594], [-54.8669662, -27.0878542], [-54.8668298, -27.0878554], [-54.8668312, -27.0879865], [-54.8665507, -27.0879888], [-54.866548, -27.0877307], [-54.8666843, -27.0877296], [-54.8666813, -27.0874566], [-54.8666348, -27.087457], [-54.8666343, -27.0874075], [-54.8670889, -27.0874037]]]}}, {"type": "Feature", "properties": {"capa": "edificios", "nombre": null, "osm_id": "687323308"}, "geometry": {"type": "Polygon", "coordinates": [[[-54.8710531, -27.0876072], [-54.8710705, -27.08768], [-54.8710247, -27.0876887], [-54.8710343, -27.0877285], [-54.870811, -27.0877709], [-54.8707739, -27.087616], [-54.8709767, -27.0875776], [-54.8709868, -27.0876198], [-54.8710531, -27.0876072]]]}}, {"type": "Feature", "properties": {"capa": "edificios", "nombre": null, "osm_id": "687454184"}, "geometry": {"type": "Polygon", "coordinates": [[[-54.8697349, -27.0953923], [-54.8694489, -27.0952429], [-54.8693742, -27.0953562], [-54.8695252, -27.0954351], [-54.869547, -27.0954019], [-54.869572, -27.0954149], [-54.8695542, -27.0954418], [-54.8696235, -27.095478], [-54.8696459, -27.095444], [-54.8696868, -27.0954654], [-54.8697349, -27.0953923]]]}}, {"type": "Feature", "properties": {"capa": "agua", "nombre": null, "osm_id": "687646462"}, "geometry": {"type": "Polygon", "coordinates": [[[-54.8756107, -27.0904824], [-54.8757662, -27.090514], [-54.8757351, -27.0907553], [-54.875664, -27.0909768], [-54.8755396, -27.0910955], [-54.8754463, -27.0911627], [-54.8753664, -27.0911271], [-54.8752375, -27.0909926], [-54.8751798, -27.0909254], [-54.8751531, -27.090783], [-54.8752064, -27.0906367], [-54.875393, -27.0905338], [-54.8756107, -27.0904824]]]}}, {"type": "Feature", "properties": {"capa": "cursos", "nombre": null, "osm_id": "687887237"}, "geometry": {"type": "LineString", "coordinates": [[-54.8915649, -27.0962864], [-54.8912457, -27.0964024], [-54.8910299, -27.0964344], [-54.8908681, -27.0965025], [-54.8908458, -27.0965103], [-54.8907335, -27.0965494], [-54.8905354, -27.0966185], [-54.890441, -27.0967106], [-54.8903331, -27.0968026], [-54.8901938, -27.0968386], [-54.8900859, -27.0968386], [-54.8899061, -27.0969347], [-54.889524, -27.0970708], [-54.8893981, -27.0971908], [-54.8892542, -27.0972989], [-54.8891239, -27.0973709], [-54.8889755, -27.097479], [-54.8888406, -27.097619]]}}, {"type": "Feature", "properties": {"capa": "caminos", "nombre": null, "osm_id": "687887238"}, "geometry": {"type": "LineString", "coordinates": [[-54.8900949, -27.1027184], [-54.8899977, -27.1027882]]}}, {"type": "Feature", "properties": {"capa": "caminos", "nombre": null, "osm_id": "687887239"}, "geometry": {"type": "LineString", "coordinates": [[-54.8899977, -27.1027882], [-54.8899261, -27.1028821]]}}, {"type": "Feature", "properties": {"capa": "caminos", "nombre": null, "osm_id": "687887240"}, "geometry": {"type": "LineString", "coordinates": [[-54.8899261, -27.1028821], [-54.8896818, -27.103023], [-54.8895332, -27.1031621], [-54.8895031, -27.103218], [-54.8894221, -27.1033444]]}}, {"type": "Feature", "properties": {"capa": "edificios", "nombre": null, "osm_id": "687887242"}, "geometry": {"type": "Polygon", "coordinates": [[[-54.8900487, -27.1022295], [-54.8899092, -27.1021509], [-54.8898056, -27.1022967], [-54.8899451, -27.1023752], [-54.8900487, -27.1022295]]]}}, {"type": "Feature", "properties": {"capa": "edificios", "nombre": null, "osm_id": "687887243"}, "geometry": {"type": "Polygon", "coordinates": [[[-54.8909666, -27.1023408], [-54.8910829, -27.1025078], [-54.8910429, -27.1025299], [-54.8912143, -27.1027759], [-54.8911105, -27.1029393], [-54.8909043, -27.1025772], [-54.8908784, -27.1025889], [-54.8908086, -27.1024663], [-54.8908134, -27.1024384], [-54.8908327, -27.1024147], [-54.8909666, -27.1023408]]]}}, {"type": "Feature", "properties": {"capa": "edificios", "nombre": null, "osm_id": "687887249"}, "geometry": {"type": "Polygon", "coordinates": [[[-54.8957888, -27.096876], [-54.8956551, -27.0967963], [-54.8954581, -27.0970583], [-54.8955918, -27.097138], [-54.8957888, -27.096876]]]}}, {"type": "Feature", "properties": {"capa": "edificios", "nombre": null, "osm_id": "687887250"}, "geometry": {"type": "Polygon", "coordinates": [[[-54.8878551, -27.1034449], [-54.888446, -27.1038121], [-54.8885472, -27.103683], [-54.888017, -27.1033535], [-54.8879267, -27.1033535], [-54.8878551, -27.1034449]]]}}, {"type": "Feature", "properties": {"capa": "calles", "nombre": null, "osm_id": "697502181"}, "geometry": {"type": "LineString", "coordinates": [[-54.8781353, -27.0888603], [-54.8782127, -27.0886644], [-54.8784742, -27.0877098]]}}, {"type": "Feature", "properties": {"capa": "calles", "nombre": null, "osm_id": "697502182"}, "geometry": {"type": "LineString", "coordinates": [[-54.8813617, -27.0893023], [-54.88067, -27.0891822], [-54.8805342, -27.0892003]]}}, {"type": "Feature", "properties": {"capa": "calles", "nombre": null, "osm_id": "697502183"}, "geometry": {"type": "LineString", "coordinates": [[-54.880777, -27.0883584], [-54.8805342, -27.0892003], [-54.8804822, -27.0893176]]}}, {"type": "Feature", "properties": {"capa": "edificios", "nombre": null, "osm_id": "697502184"}, "geometry": {"type": "Polygon", "coordinates": [[[-54.876818, -27.0898548], [-54.8768669, -27.0898845], [-54.8769002, -27.0899695], [-54.8768136, -27.0899932], [-54.8767381, -27.0899576], [-54.8767115, -27.0898687], [-54.876818, -27.0898548]]]}}, {"type": "Feature", "properties": {"capa": "rutas", "nombre": "Avenida República del Paraguay", "osm_id": "704343450"}, "geometry": {"type": "LineString", "coordinates": [[-54.8949159, -27.0899869], [-54.8944285, -27.090375], [-54.8940069, -27.0907174], [-54.8935576, -27.0910823], [-54.8930995, -27.0914807], [-54.892261, -27.092179], [-54.8913407, -27.0928929]]}}, {"type": "Feature", "properties": {"capa": "calles", "nombre": "Sáenz Peña", "osm_id": "704343451"}, "geometry": {"type": "LineString", "coordinates": [[-54.8949159, -27.0899869], [-54.8941997, -27.0894579], [-54.8927267, -27.0884208], [-54.8918142, -27.0878098], [-54.891097, -27.0873273], [-54.8906214, -27.0870037], [-54.8901938, -27.0866957], [-54.8893943, -27.086146]]}}, {"type": "Feature", "properties": {"capa": "rutas", "nombre": "Avenida de Las Américas", "osm_id": "704343452"}, "geometry": {"type": "LineString", "coordinates": [[-54.8786949, -27.0926064], [-54.8789628, -27.0926208], [-54.8793523, -27.0926417], [-54.8793766, -27.092643], [-54.8795333, -27.0926592], [-54.87969, -27.0926754], [-54.8802436, -27.0927451], [-54.8820768, -27.0930074], [-54.882301, -27.0930521], [-54.8824722, -27.0930969], [-54.8827207, -27.0931864], [-54.8829719, -27.0932901], [-54.8832338, -27.0934086], [-54.883609, -27.0936112], [-54.8843665, -27.094083], [-54.8844932, -27.0941414], [-54.8845959, -27.094158]]}}, {"type": "Feature", "properties": {"capa": "edificios", "nombre": null, "osm_id": "704343453"}, "geometry": {"type": "Polygon", "coordinates": [[[-54.891536, -27.0923844], [-54.8916731, -27.0925247], [-54.8916075, -27.0925755], [-54.8915786, -27.092546], [-54.8915321, -27.092582], [-54.8915111, -27.0925606], [-54.8914327, -27.0926213], [-54.8914003, -27.0925882], [-54.8914616, -27.0925407], [-54.8913661, -27.0924429], [-54.8914222, -27.0923995], [-54.8913976, -27.0923743], [-54.8914424, -27.0923397], [-54.8915075, -27.0924064], [-54.891536, -27.0923844]]]}}, {"type": "Feature", "properties": {"capa": "calles", "nombre": "Leandro N. Alem", "osm_id": "704343454"}, "geometry": {"type": "LineString", "coordinates": [[-54.8984979, -27.1004974], [-54.8995872, -27.1010099], [-54.8998832, -27.1011129], [-54.900265, -27.1013206], [-54.9006397, -27.1015205], [-54.9009393, -27.1016803], [-54.9012638, -27.1017958]]}}, {"type": "Feature", "properties": {"capa": "calles", "nombre": "José Hernández", "osm_id": "704343455"}, "geometry": {"type": "LineString", "coordinates": [[-54.8984979, -27.1004974], [-54.898, -27.1009001], [-54.8971647, -27.1016219]]}}, {"type": "Feature", "properties": {"capa": "calles", "nombre": "Avellaneda", "osm_id": "704343456"}, "geometry": {"type": "LineString", "coordinates": [[-54.8971647, -27.1016219], [-54.8975455, -27.1020446], [-54.8976585, -27.1021749]]}}, {"type": "Feature", "properties": {"capa": "calles", "nombre": "José Hernández", "osm_id": "704343457"}, "geometry": {"type": "LineString", "coordinates": [[-54.8971647, -27.1016219], [-54.8962346, -27.1023638], [-54.8955744, -27.1029197], [-54.895187, -27.1032459]]}}, {"type": "Feature", "properties": {"capa": "calles", "nombre": null, "osm_id": "719902014"}, "geometry": {"type": "LineString", "coordinates": [[-54.8941799, -27.1132877], [-54.8950786, -27.1138829]]}}, {"type": "Feature", "properties": {"capa": "calles", "nombre": null, "osm_id": "719902015"}, "geometry": {"type": "LineString", "coordinates": [[-54.8947233, -27.1125625], [-54.895666, -27.1131277]]}}, {"type": "Feature", "properties": {"capa": "calles", "nombre": null, "osm_id": "719902016"}, "geometry": {"type": "LineString", "coordinates": [[-54.8961562, -27.1123719], [-54.8952913, -27.1118219]]}}, {"type": "Feature", "properties": {"capa": "calles", "nombre": null, "osm_id": "719902017"}, "geometry": {"type": "LineString", "coordinates": [[-54.8967843, -27.1115784], [-54.8961562, -27.1123719], [-54.895666, -27.1131277], [-54.8953266, -27.1135925], [-54.8950786, -27.1138829], [-54.8948763, -27.1140921], [-54.894563, -27.1144406], [-54.8944869, -27.1145612], [-54.8943541, -27.1147717], [-54.8939732, -27.1153142], [-54.8938777, -27.1153817]]}}, {"type": "Feature", "properties": {"capa": "calles", "nombre": null, "osm_id": "719902018"}, "geometry": {"type": "LineString", "coordinates": [[-54.8938777, -27.1153817], [-54.893683, -27.1152599], [-54.8930141, -27.1148414]]}}, {"type": "Feature", "properties": {"capa": "calles", "nombre": null, "osm_id": "719902019"}, "geometry": {"type": "LineString", "coordinates": [[-54.8944869, -27.1145612], [-54.893609, -27.1140138]]}}, {"type": "Feature", "properties": {"capa": "calles", "nombre": null, "osm_id": "719902020"}, "geometry": {"type": "LineString", "coordinates": [[-54.8977109, -27.1121703], [-54.8961862, -27.1140206]]}}, {"type": "Feature", "properties": {"capa": "edificios", "nombre": null, "osm_id": "719902021"}, "geometry": {"type": "Polygon", "coordinates": [[[-54.8947618, -27.1093697], [-54.8945851, -27.1095163], [-54.8946318, -27.109561], [-54.8949102, -27.1098268], [-54.8950869, -27.1096802], [-54.8947618, -27.1093697]]]}}, {"type": "Feature", "properties": {"capa": "edificios", "nombre": null, "osm_id": "719902022"}, "geometry": {"type": "Polygon", "coordinates": [[[-54.8953013, -27.1089982], [-54.8951283, -27.1091413], [-54.8953706, -27.1093734], [-54.8955436, -27.1092304], [-54.8953013, -27.1089982]]]}}, {"type": "Feature", "properties": {"capa": "edificios", "nombre": null, "osm_id": "736869466"}, "geometry": {"type": "Polygon", "coordinates": [[[-54.8894896, -27.0934792], [-54.8894658, -27.0935589], [-54.8893256, -27.0935258], [-54.8893759, -27.0933569], [-54.8894808, -27.0933817], [-54.8894543, -27.0934709], [-54.8894896, -27.0934792]]]}}, {"type": "Feature", "properties": {"capa": "cursos", "nombre": "Arroyo Saltiño", "osm_id": "738542130"}, "geometry": {"type": "LineString", "coordinates": [[-54.8930357, -27.1091782], [-54.8929913, -27.1092955]]}}, {"type": "Feature", "properties": {"capa": "cursos", "nombre": "Arroyo Saltiño", "osm_id": "738542131"}, "geometry": {"type": "LineString", "coordinates": [[-54.8929913, -27.1092955], [-54.8926306, -27.1102494], [-54.8922444, -27.1110516], [-54.8914719, -27.1129998], [-54.8904419, -27.1139548], [-54.8901844, -27.1150243], [-54.8891974, -27.1160175], [-54.8888541, -27.1172398], [-54.8881674, -27.118615], [-54.8870516, -27.1194935], [-54.8860813, -27.1201123], [-54.8846735, -27.1204607], [-54.8843368, -27.1206776], [-54.8843398, -27.1206939]]}}, {"type": "Feature", "properties": {"capa": "calles", "nombre": null, "osm_id": "750314246"}, "geometry": {"type": "LineString", "coordinates": [[-54.8912851, -27.1107087], [-54.8904488, -27.110108]]}}, {"type": "Feature", "properties": {"capa": "cursos", "nombre": null, "osm_id": "750314288"}, "geometry": {"type": "LineString", "coordinates": [[-54.8811274, -27.1000359], [-54.8809952, -27.1001259], [-54.8807645, -27.1004077], [-54.8806679, -27.1007037], [-54.8805338, -27.1008756], [-54.8802173, -27.1011383], [-54.8794663, -27.1014344], [-54.8786295, -27.1016827], [-54.8777282, -27.1018928], [-54.8770309, -27.1020838], [-54.8764515, -27.1025041], [-54.8762691, -27.1033732], [-54.8761082, -27.103994], [-54.875561, -27.104844], [-54.8750782, -27.1051496], [-54.8748314, -27.1056558], [-54.8742735, -27.1064675], [-54.8735118, -27.1070597], [-54.873426, -27.1074321], [-54.8730719, -27.1078905], [-54.8729217, -27.1082152], [-54.8725462, -27.1089124], [-54.8722565, -27.1092562], [-54.8720205, -27.1100489], [-54.8718166, -27.1110994], [-54.8717308, -27.1114718], [-54.8717011, -27.1118083]]}}, {"type": "Feature", "properties": {"capa": "cursos", "nombre": null, "osm_id": "750314289"}, "geometry": {"type": "LineString", "coordinates": [[-54.8812596, -27.0999459], [-54.8811274, -27.1000359]]}}, {"type": "Feature", "properties": {"capa": "cursos", "nombre": "Arroyo Pajarito", "osm_id": "750314290"}, "geometry": {"type": "LineString", "coordinates": [[-54.8716916, -27.111915], [-54.8716557, -27.1123218], [-54.8716772, -27.1130476], [-54.872042, -27.1140789], [-54.8721063, -27.1147665], [-54.8721278, -27.1150626], [-54.8716772, -27.1152631], [-54.8715377, -27.1155782], [-54.8716664, -27.116008], [-54.8718703, -27.1163613], [-54.8721922, -27.1167051], [-54.872278, -27.1171157], [-54.8725784, -27.1175645], [-54.8728144, -27.1179656], [-54.8730826, -27.1184813], [-54.873308, -27.119102], [-54.8739302, -27.1200283], [-54.8741555, -27.1206299], [-54.8744238, -27.1211837], [-54.8747134, -27.1217376], [-54.8748744, -27.1222532], [-54.875325, -27.1225874], [-54.8767519, -27.1235041], [-54.8773956, -27.1239148], [-54.8777282, -27.1246596], [-54.8777926, -27.1257577], [-54.8776639, -27.1262351], [-54.8774745, -27.1268499]]}}, {"type": "Feature", "properties": {"capa": "cursos", "nombre": null, "osm_id": "750314291"}, "geometry": {"type": "LineString", "coordinates": [[-54.8717011, -27.1118083], [-54.8716916, -27.111915]]}}, {"type": "Feature", "properties": {"capa": "cursos", "nombre": null, "osm_id": "750314292"}, "geometry": {"type": "LineString", "coordinates": [[-54.8876218, -27.0982757], [-54.8875145, -27.0983474], [-54.8873661, -27.0983834], [-54.8873122, -27.0983674], [-54.8871244, -27.0982872]]}}, {"type": "Feature", "properties": {"capa": "cursos", "nombre": null, "osm_id": "750314293"}, "geometry": {"type": "LineString", "coordinates": [[-54.8877842, -27.0981673], [-54.8876218, -27.0982757]]}}, {"type": "Feature", "properties": {"capa": "calles", "nombre": "Picada República del Paraguay", "osm_id": "750314294"}, "geometry": {"type": "LineString", "coordinates": [[-54.8723571, -27.1173383], [-54.8724098, -27.1172682]]}}, {"type": "Feature", "properties": {"capa": "calles", "nombre": "Picada República del Paraguay", "osm_id": "750314295"}, "geometry": {"type": "LineString", "coordinates": [[-54.8724098, -27.1172682], [-54.8729332, -27.1165712], [-54.8746201, -27.1144761], [-54.8763915, -27.112136], [-54.8769178, -27.1114274], [-54.8769729, -27.1113532], [-54.8775031, -27.1106829]]}}, {"type": "Feature", "properties": {"capa": "cursos", "nombre": null, "osm_id": "750314296"}, "geometry": {"type": "LineString", "coordinates": [[-54.8887857, -27.0976956], [-54.8887058, -27.0978071], [-54.8885979, -27.0979912], [-54.8885349, -27.0981393], [-54.888436, -27.0981873], [-54.8882607, -27.0981193], [-54.8881349, -27.0981073], [-54.8879415, -27.0981153], [-54.8877842, -27.0981673]]}}, {"type": "Feature", "properties": {"capa": "cursos", "nombre": null, "osm_id": "750314297"}, "geometry": {"type": "LineString", "coordinates": [[-54.8888406, -27.097619], [-54.8887857, -27.0976956]]}}, {"type": "Feature", "properties": {"capa": "edificios", "nombre": null, "osm_id": "751552650"}, "geometry": {"type": "Polygon", "coordinates": [[[-54.8954755, -27.0984212], [-54.8953009, -27.0982963], [-54.8951508, -27.0984627], [-54.8952661, -27.0985451], [-54.8953452, -27.0984574], [-54.8954045, -27.0984998], [-54.8954755, -27.0984212]]]}}, {"type": "Feature", "properties": {"capa": "edificios", "nombre": null, "osm_id": "751555186"}, "geometry": {"type": "Polygon", "coordinates": [[[-54.8926645, -27.0995298], [-54.8925801, -27.099464], [-54.8924314, -27.099615], [-54.8925158, -27.0996809], [-54.8926645, -27.0995298]]]}}, {"type": "Feature", "properties": {"capa": "edificios", "nombre": null, "osm_id": "751558595"}, "geometry": {"type": "Polygon", "coordinates": [[[-54.8740075, -27.0984312], [-54.8739186, -27.0983886], [-54.8738666, -27.0984746], [-54.8739555, -27.0985172], [-54.8740075, -27.0984312]]]}}, {"type": "Feature", "properties": {"capa": "edificios", "nombre": null, "osm_id": "751558596"}, "geometry": {"type": "Polygon", "coordinates": [[[-54.8741291, -27.0985144], [-54.8740402, -27.0984718], [-54.8739881, -27.0985577], [-54.8740771, -27.0986004], [-54.8741291, -27.0985144]]]}}, {"type": "Feature", "properties": {"capa": "edificios", "nombre": null, "osm_id": "751558597"}, "geometry": {"type": "Polygon", "coordinates": [[[-54.8741394, -27.0987177], [-54.8740505, -27.098675], [-54.8739985, -27.098761], [-54.8740874, -27.0988036], [-54.8741394, -27.0987177]]]}}, {"type": "Feature", "properties": {"capa": "edificios", "nombre": null, "osm_id": "751558598"}, "geometry": {"type": "Polygon", "coordinates": [[[-54.8740356, -27.0988424], [-54.8739467, -27.0987998], [-54.8738947, -27.0988858], [-54.8739836, -27.0989284], [-54.8740356, -27.0988424]]]}}, {"type": "Feature", "properties": {"capa": "edificios", "nombre": null, "osm_id": "751558599"}, "geometry": {"type": "Polygon", "coordinates": [[[-54.8742236, -27.0984526], [-54.8741445, -27.0984098], [-54.8741043, -27.0984687], [-54.8741834, -27.0985115], [-54.8742236, -27.0984526]]]}}, {"type": "Feature", "properties": {"capa": "edificios", "nombre": null, "osm_id": "751558600"}, "geometry": {"type": "Polygon", "coordinates": [[[-54.8737088, -27.0984809], [-54.8735973, -27.0984139], [-54.8735053, -27.0985352], [-54.8736168, -27.0986022], [-54.8737088, -27.0984809]]]}}, {"type": "Feature", "properties": {"capa": "edificios", "nombre": null, "osm_id": "751558601"}, "geometry": {"type": "Polygon", "coordinates": [[[-54.8740009, -27.0978213], [-54.8738758, -27.0977534], [-54.8738107, -27.0978485], [-54.8739359, -27.0979163], [-54.8740009, -27.0978213]]]}}, {"type": "Feature", "properties": {"capa": "calles", "nombre": null, "osm_id": "751558602"}, "geometry": {"type": "LineString", "coordinates": [[-54.8746879, -27.0981085], [-54.8742299, -27.0978176], [-54.8739315, -27.0983374], [-54.8736823, -27.0984044]]}}, {"type": "Feature", "properties": {"capa": "edificios", "nombre": null, "osm_id": "767384960"}, "geometry": {"type": "Polygon", "coordinates": [[[-54.9040239, -27.1205379], [-54.9040787, -27.1207595], [-54.9038848, -27.1207975], [-54.9038301, -27.1205758], [-54.9040239, -27.1205379]]]}}, {"type": "Feature", "properties": {"capa": "edificios", "nombre": null, "osm_id": "767384961"}, "geometry": {"type": "Polygon", "coordinates": [[[-54.904355, -27.1205549], [-54.9043865, -27.1206895], [-54.9042816, -27.120709], [-54.90425, -27.1205743], [-54.904355, -27.1205549]]]}}, {"type": "Feature", "properties": {"capa": "edificios", "nombre": null, "osm_id": "767384962"}, "geometry": {"type": "Polygon", "coordinates": [[[-54.9043324, -27.1208852], [-54.9043563, -27.1209947], [-54.9041558, -27.1210295], [-54.9041318, -27.12092], [-54.9043324, -27.1208852]]]}}, {"type": "Feature", "properties": {"capa": "rutas", "nombre": "Ruta Nacional 14", "osm_id": "770905950"}, "geometry": {"type": "LineString", "coordinates": [[-54.892404, -27.103913], [-54.8923193, -27.103881], [-54.8920314, -27.1037721], [-54.8914689, -27.1035529]]}}, {"type": "Feature", "properties": {"capa": "rutas", "nombre": "Ruta Nacional 14", "osm_id": "770905951"}, "geometry": {"type": "LineString", "coordinates": [[-54.8914689, -27.1035529], [-54.891437, -27.1035415], [-54.8909269, -27.1033713]]}}, {"type": "Feature", "properties": {"capa": "rutas", "nombre": "Ruta Nacional 14", "osm_id": "770905955"}, "geometry": {"type": "LineString", "coordinates": [[-54.8812339, -27.10001], [-54.8805696, -27.099817], [-54.8777027, -27.0989585], [-54.876959, -27.0987181], [-54.8762462, -27.0984777], [-54.8758431, -27.0983171], [-54.8754709, -27.098151], [-54.8748654, -27.097872], [-54.8731256, -27.0967305], [-54.8729179, -27.0965925], [-54.871849, -27.0958826], [-54.87133, -27.095614], [-54.8683519, -27.0937557], [-54.8671489, -27.0930051], [-54.8667423, -27.0927656], [-54.864793, -27.091475], [-54.864702, -27.0914206], [-54.864623, -27.0913626], [-54.8642348, -27.0911414], [-54.8619515, -27.0897771], [-54.8614283, -27.0895294], [-54.8611072, -27.0894126], [-54.8605527, -27.0892333], [-54.8600927, -27.0891092], [-54.8595588, -27.0889874], [-54.8594467, -27.0889627], [-54.8579907, -27.0886425], [-54.857882, -27.0886186], [-54.8576631, -27.0885702], [-54.8573693, -27.0885158], [-54.8553032, -27.0881251], [-54.8523145, -27.0875281], [-54.852217, -27.0875086], [-54.8520953, -27.0874848], [-54.850918, -27.0872499], [-54.8460089, -27.0862702], [-54.8455068, -27.0861711], [-54.8447145, -27.086006], [-54.844556, -27.0859736], [-54.8412638, -27.0853015]]}}, {"type": "Feature", "properties": {"capa": "edificios", "nombre": null, "osm_id": "772418605"}, "geometry": {"type": "Polygon", "coordinates": [[[-54.9033036, -27.0902887], [-54.9031453, -27.0902891], [-54.9031462, -27.0905177], [-54.9033045, -27.0905172], [-54.9033036, -27.0902887]]]}}, {"type": "Feature", "properties": {"capa": "edificios", "nombre": null, "osm_id": "772418606"}, "geometry": {"type": "Polygon", "coordinates": [[[-54.9026105, -27.0905931], [-54.902565, -27.0904952], [-54.9024515, -27.0905369], [-54.9024969, -27.0906349], [-54.9026105, -27.0905931]]]}}, {"type": "Feature", "properties": {"capa": "edificios", "nombre": null, "osm_id": "776490803"}, "geometry": {"type": "Polygon", "coordinates": [[[-54.9060812, -27.1091881], [-54.9060417, -27.1091258], [-54.9059771, -27.1091584], [-54.9060166, -27.1092206], [-54.9060812, -27.1091881]]]}}, {"type": "Feature", "properties": {"capa": "calles", "nombre": null, "osm_id": "781408577"}, "geometry": {"type": "LineString", "coordinates": [[-54.8923592, -27.099931], [-54.8925042, -27.0999295], [-54.8929771, -27.0994763], [-54.8929728, -27.0993375]]}}, {"type": "Feature", "properties": {"capa": "calles", "nombre": null, "osm_id": "781515877"}, "geometry": {"type": "LineString", "coordinates": [[-54.8859945, -27.0937124], [-54.8859858, -27.0937867], [-54.8855428, -27.0939346], [-54.8854536, -27.0938937]]}}, {"type": "Feature", "properties": {"capa": "calles", "nombre": null, "osm_id": "781516907"}, "geometry": {"type": "LineString", "coordinates": [[-54.9018756, -27.0998924], [-54.901896, -27.0998327], [-54.901735, -27.0996637], [-54.9016325, -27.0996638]]}}, {"type": "Feature", "properties": {"capa": "calles", "nombre": null, "osm_id": "781766642"}, "geometry": {"type": "LineString", "coordinates": [[-54.8913923, -27.1008774], [-54.8914424, -27.1009453], [-54.8908845, -27.1014706], [-54.8908248, -27.101466]]}}, {"type": "Feature", "properties": {"capa": "calles", "nombre": null, "osm_id": "781766643"}, "geometry": {"type": "LineString", "coordinates": [[-54.8921862, -27.1000988], [-54.8922202, -27.1001955], [-54.891724, -27.1006826], [-54.8916186, -27.1006507]]}}, {"type": "Feature", "properties": {"capa": "calles", "nombre": null, "osm_id": "781766645"}, "geometry": {"type": "LineString", "coordinates": [[-54.8931571, -27.0991647], [-54.8932579, -27.0991656], [-54.8937308, -27.0987124], [-54.8937439, -27.0986291]]}}, {"type": "Feature", "properties": {"capa": "calles", "nombre": null, "osm_id": "781766647"}, "geometry": {"type": "LineString", "coordinates": [[-54.8945254, -27.0974285], [-54.8945779, -27.0974759], [-54.8945001, -27.0979367], [-54.8944196, -27.0980561], [-54.8940763, -27.0983904], [-54.8940049, -27.0983866]]}}, {"type": "Feature", "properties": {"capa": "calles", "nombre": null, "osm_id": "781779743"}, "geometry": {"type": "LineString", "coordinates": [[-54.8883751, -27.0965704], [-54.8882961, -27.0965578], [-54.8880386, -27.0969064], [-54.8880655, -27.0969773]]}}, {"type": "Feature", "properties": {"capa": "edificios", "nombre": null, "osm_id": "782062069"}, "geometry": {"type": "Polygon", "coordinates": [[[-54.8887154, -27.0943737], [-54.888678, -27.0945006], [-54.8885608, -27.0944732], [-54.8885982, -27.0943463], [-54.8887154, -27.0943737]]]}}, {"type": "Feature", "properties": {"capa": "calles", "nombre": null, "osm_id": "783628505"}, "geometry": {"type": "LineString", "coordinates": [[-54.8903533, -27.1019974], [-54.8904629, -27.1019836], [-54.8906314, -27.1017687], [-54.8906096, -27.1017027]]}}, {"type": "Feature", "properties": {"capa": "calles", "nombre": null, "osm_id": "783628794"}, "geometry": {"type": "LineString", "coordinates": [[-54.8864521, -27.1072112], [-54.8865357, -27.1071892], [-54.8867046, -27.1069925], [-54.8866858, -27.106913]]}}, {"type": "Feature", "properties": {"capa": "calles", "nombre": null, "osm_id": "783636120"}, "geometry": {"type": "LineString", "coordinates": [[-54.8715311, -27.0941175], [-54.8715651, -27.0941851], [-54.8713486, -27.0944678], [-54.8712546, -27.0944872]]}}, {"type": "Feature", "properties": {"capa": "edificios", "nombre": null, "osm_id": "783636121"}, "geometry": {"type": "Polygon", "coordinates": [[[-54.8713393, -27.0943351], [-54.8712872, -27.0943979], [-54.8712035, -27.0943429], [-54.8711194, -27.0944444], [-54.8710284, -27.0943845], [-54.8711151, -27.0942799], [-54.8710858, -27.0942607], [-54.8711354, -27.094201], [-54.8713393, -27.0943351]]]}}, {"type": "Feature", "properties": {"capa": "caminos", "nombre": null, "osm_id": "786385723"}, "geometry": {"type": "LineString", "coordinates": [[-54.8973706, -27.0982857], [-54.8972178, -27.0984166], [-54.897113, -27.0985927], [-54.8970056, -27.0987207]]}}, {"type": "Feature", "properties": {"capa": "caminos", "nombre": null, "osm_id": "786385724"}, "geometry": {"type": "LineString", "coordinates": [[-54.8969781, -27.0989228], [-54.8970579, -27.0990723], [-54.8971215, -27.0992047], [-54.8971462, -27.0992463], [-54.8971895, -27.099319], [-54.8972496, -27.0994296]]}}, {"type": "Feature", "properties": {"capa": "caminos", "nombre": null, "osm_id": "786385725"}, "geometry": {"type": "LineString", "coordinates": [[-54.897113, -27.0985927], [-54.8971707, -27.0987391], [-54.8971569, -27.098886], [-54.8970916, -27.0990269], [-54.8970579, -27.0990723], [-54.8969472, -27.0991432], [-54.896789, -27.0991554], [-54.8967133, -27.0991769], [-54.8965448, -27.0991432], [-54.896366, -27.0990697], [-54.8963109, -27.0990452], [-54.8961806, -27.0990405], [-54.8960953, -27.0990392]]}}, {"type": "Feature", "properties": {"capa": "caminos", "nombre": null, "osm_id": "786385726"}, "geometry": {"type": "LineString", "coordinates": [[-54.8972178, -27.0984166], [-54.896319, -27.0983392], [-54.8961806, -27.0990405], [-54.8961702, -27.0991648], [-54.8971215, -27.0992047], [-54.8972178, -27.0984166]]}}, {"type": "Feature", "properties": {"capa": "caminos", "nombre": null, "osm_id": "786385727"}, "geometry": {"type": "LineString", "coordinates": [[-54.896789, -27.0991554], [-54.8967236, -27.0991279], [-54.8966824, -27.0990942]]}}, {"type": "Feature", "properties": {"capa": "caminos", "nombre": null, "osm_id": "786385728"}, "geometry": {"type": "LineString", "coordinates": [[-54.894645, -27.0973845], [-54.8946349, -27.0974922], [-54.8946268, -27.0975572], [-54.8946402, -27.0976121], [-54.8945763, -27.0979477], [-54.8945624, -27.0980204], [-54.8944739, -27.0981518], [-54.8942191, -27.0984287], [-54.8941413, -27.0985195], [-54.8940984, -27.0986269], [-54.8940978, -27.0986483], [-54.8940961, -27.0987003]]}}, {"type": "Feature", "properties": {"capa": "caminos", "nombre": null, "osm_id": "786385729"}, "geometry": {"type": "LineString", "coordinates": [[-54.8946198, -27.0988334], [-54.8946268, -27.0986675], [-54.8946323, -27.0985818], [-54.8946402, -27.0984598], [-54.8946188, -27.0982807], [-54.8945759, -27.098061], [-54.8945624, -27.0980204]]}}, {"type": "Feature", "properties": {"capa": "caminos", "nombre": null, "osm_id": "786385730"}, "geometry": {"type": "LineString", "coordinates": [[-54.8940978, -27.0986483], [-54.8943023, -27.0985696], [-54.8943452, -27.0985457], [-54.8944632, -27.0984287], [-54.8946188, -27.0982807], [-54.8947368, -27.09819], [-54.8949406, -27.0980825], [-54.8951177, -27.0979966], [-54.8952223, -27.0979816]]}}, {"type": "Feature", "properties": {"capa": "caminos", "nombre": null, "osm_id": "786385731"}, "geometry": {"type": "LineString", "coordinates": [[-54.8945763, -27.0979477], [-54.8946992, -27.0978414], [-54.8947556, -27.0978199], [-54.8948789, -27.0976957], [-54.8950077, -27.0976073], [-54.8950646, -27.097549]]}}, {"type": "Feature", "properties": {"capa": "agua", "nombre": null, "osm_id": "786385732"}, "geometry": {"type": "Polygon", "coordinates": [[[-54.8894025, -27.0998572], [-54.8893891, -27.0998358], [-54.8892335, -27.0997629], [-54.8891998, -27.0997724], [-54.889126, -27.0998982], [-54.8891491, -27.0999269], [-54.8892842, -27.0999898], [-54.8893257, -27.0999679], [-54.8894025, -27.0998572]]]}}, {"type": "Feature", "properties": {"capa": "calles", "nombre": null, "osm_id": "786385733"}, "geometry": {"type": "LineString", "coordinates": [[-54.8932643, -27.1064726], [-54.8920539, -27.105943], [-54.8905682, -27.1049482], [-54.8896179, -27.1042956]]}}, {"type": "Feature", "properties": {"capa": "edificios", "nombre": null, "osm_id": "786385734"}, "geometry": {"type": "Polygon", "coordinates": [[[-54.8946919, -27.1096819], [-54.8948667, -27.1098533], [-54.8947437, -27.1099527], [-54.8946151, -27.1098266], [-54.8945669, -27.1098655], [-54.8946818, -27.1099782], [-54.8945858, -27.1100557], [-54.8944711, -27.1099431], [-54.8944293, -27.1099769], [-54.8943806, -27.1099292], [-54.8944144, -27.1099019], [-54.894288, -27.109778], [-54.8943947, -27.1096918], [-54.8945234, -27.1098181], [-54.8946919, -27.1096819]]]}}, {"type": "Feature", "properties": {"capa": "verde", "nombre": null, "osm_id": "786385735"}, "geometry": {"type": "Polygon", "coordinates": [[[-54.8929238, -27.1107546], [-54.8935624, -27.1111266], [-54.8933522, -27.1113894], [-54.8927183, -27.111068], [-54.8929238, -27.1107546]]]}}, {"type": "Feature", "properties": {"capa": "calles", "nombre": null, "osm_id": "786385736"}, "geometry": {"type": "LineString", "coordinates": [[-54.8937247, -27.1111277], [-54.8933363, -27.1108815], [-54.8928638, -27.1106081]]}}, {"type": "Feature", "properties": {"capa": "agua", "nombre": null, "osm_id": "786385737"}, "geometry": {"type": "Polygon", "coordinates": [[[-54.8907644, -27.113852], [-54.8908225, -27.1138678], [-54.8908401, -27.1139183], [-54.8907909, -27.1139374], [-54.8907695, -27.113979], [-54.8907278, -27.1140037], [-54.8906899, -27.1140037], [-54.8906622, -27.1139779], [-54.8906685, -27.1139352], [-54.8906962, -27.1138936], [-54.8907227, -27.1138734], [-54.8907644, -27.113852]]]}}, {"type": "Feature", "properties": {"capa": "agua", "nombre": null, "osm_id": "786385738"}, "geometry": {"type": "Polygon", "coordinates": [[[-54.890493, -27.1139498], [-54.8906054, -27.1140183], [-54.8906192, -27.1140689], [-54.890565, -27.1141498], [-54.8905486, -27.1142228], [-54.8905082, -27.1142385], [-54.8904653, -27.114216], [-54.8904261, -27.1141857], [-54.8904286, -27.1140554], [-54.8904526, -27.1139981], [-54.8904627, -27.1139554], [-54.890493, -27.1139498]]]}}, {"type": "Feature", "properties": {"capa": "agua", "nombre": null, "osm_id": "786385739"}, "geometry": {"type": "Polygon", "coordinates": [[[-54.8907708, -27.1135272], [-54.8908496, -27.1135989], [-54.8907231, -27.1137686], [-54.8906278, -27.1138648], [-54.8905582, -27.1138958], [-54.8904501, -27.1138452], [-54.890516, -27.1137523], [-54.8906352, -27.1136153], [-54.8906975, -27.1135696], [-54.8907708, -27.1135272]]]}}, {"type": "Feature", "properties": {"capa": "calles", "nombre": null, "osm_id": "786385740"}, "geometry": {"type": "LineString", "coordinates": [[-54.8996355, -27.114495], [-54.8985913, -27.1138507], [-54.8985909, -27.1137861], [-54.8991816, -27.1130179]]}}, {"type": "Feature", "properties": {"capa": "agua", "nombre": null, "osm_id": "786385743"}, "geometry": {"type": "Polygon", "coordinates": [[[-54.896208, -27.1170316], [-54.8963857, -27.1171175], [-54.89632, -27.1172103], [-54.8962698, -27.1172825], [-54.8962427, -27.1173375], [-54.8963007, -27.1173513], [-54.8962659, -27.1174097], [-54.8961694, -27.1174235], [-54.8960883, -27.117451], [-54.8960728, -27.1175163], [-54.8960149, -27.1175644], [-54.8959222, -27.1175954], [-54.8958179, -27.1176022], [-54.8958411, -27.1175094], [-54.8959762, -27.1173857], [-54.8960265, -27.1173066], [-54.896208, -27.1170316]]]}}, {"type": "Feature", "properties": {"capa": "agua", "nombre": null, "osm_id": "786385744"}, "geometry": {"type": "Polygon", "coordinates": [[[-54.8969573, -27.1174063], [-54.89705, -27.1174647], [-54.8970036, -27.1175163], [-54.8969341, -27.1175507], [-54.8968762, -27.1175266], [-54.8968414, -27.1174647], [-54.8968723, -27.1174269], [-54.8969573, -27.1174063]]]}}, {"type": "Feature", "properties": {"capa": "cursos", "nombre": "Arroyo Saltiño", "osm_id": "786385765"}, "geometry": {"type": "LineString", "coordinates": [[-54.8914869, -27.1056162], [-54.8916007, -27.1059709], [-54.8924798, -27.1074029]]}}, {"type": "Feature", "properties": {"capa": "cursos", "nombre": "Arroyo Saltiño", "osm_id": "786385766"}, "geometry": {"type": "LineString", "coordinates": [[-54.8914436, -27.1054814], [-54.8914869, -27.1056162]]}}, {"type": "Feature", "properties": {"capa": "cursos", "nombre": "Arroyo Saltiño", "osm_id": "786385769"}, "geometry": {"type": "LineString", "coordinates": [[-54.8925359, -27.1074943], [-54.8925812, -27.1075681], [-54.892931, -27.1087978], [-54.8930357, -27.1091782]]}}, {"type": "Feature", "properties": {"capa": "cursos", "nombre": "Arroyo Saltiño", "osm_id": "786385770"}, "geometry": {"type": "LineString", "coordinates": [[-54.8924798, -27.1074029], [-54.8925359, -27.1074943]]}}, {"type": "Feature", "properties": {"capa": "calles", "nombre": null, "osm_id": "786391582"}, "geometry": {"type": "LineString", "coordinates": [[-54.8873947, -27.0898731], [-54.886847, -27.0895711], [-54.8867803, -27.089549], [-54.8864693, -27.0894458], [-54.8858929, -27.0893162], [-54.8858046, -27.0892775], [-54.8857119, -27.0891862], [-54.8856051, -27.089081], [-54.8852146, -27.0887725], [-54.8851178, -27.088722], [-54.88458, -27.0885018], [-54.883931, -27.0880449]]}}, {"type": "Feature", "properties": {"capa": "calles", "nombre": null, "osm_id": "786391583"}, "geometry": {"type": "LineString", "coordinates": [[-54.8873819, -27.0888767], [-54.8865785, -27.0883246], [-54.8859598, -27.0879211], [-54.8856691, -27.0877189]]}}, {"type": "Feature", "properties": {"capa": "calles", "nombre": null, "osm_id": "786391584"}, "geometry": {"type": "LineString", "coordinates": [[-54.8873163, -27.0874928], [-54.8865785, -27.0883246], [-54.8858046, -27.0892775]]}}, {"type": "Feature", "properties": {"capa": "calles", "nombre": null, "osm_id": "786391585"}, "geometry": {"type": "LineString", "coordinates": [[-54.8866785, -27.0870799], [-54.8859598, -27.0879211], [-54.8852146, -27.0887725]]}}, {"type": "Feature", "properties": {"capa": "calles", "nombre": null, "osm_id": "786391586"}, "geometry": {"type": "LineString", "coordinates": [[-54.8873819, -27.0888767], [-54.8867803, -27.089549], [-54.886179, -27.0902861], [-54.8855622, -27.091042]]}}, {"type": "Feature", "properties": {"capa": "calles", "nombre": null, "osm_id": "793048451"}, "geometry": {"type": "LineString", "coordinates": [[-54.8895149, -27.0943032], [-54.8894974, -27.0942513], [-54.8892368, -27.0941788], [-54.8892038, -27.0941696], [-54.8891604, -27.0941575]]}}, {"type": "Feature", "properties": {"capa": "calles", "nombre": null, "osm_id": "793048452"}, "geometry": {"type": "LineString", "coordinates": [[-54.8895149, -27.0943032], [-54.8892216, -27.0942168]]}}, {"type": "Feature", "properties": {"capa": "edificios", "nombre": null, "osm_id": "793098748"}, "geometry": {"type": "Polygon", "coordinates": [[[-54.8892452, -27.0970183], [-54.8890407, -27.0968963], [-54.8888237, -27.0971845], [-54.8890283, -27.0973066], [-54.8892452, -27.0970183]]]}}, {"type": "Feature", "properties": {"capa": "edificios", "nombre": null, "osm_id": "793098749"}, "geometry": {"type": "Polygon", "coordinates": [[[-54.887719, -27.0967446], [-54.8876369, -27.0966962], [-54.8875546, -27.0968069], [-54.8876367, -27.0968553], [-54.887719, -27.0967446]]]}}, {"type": "Feature", "properties": {"capa": "edificios", "nombre": null, "osm_id": "793098750"}, "geometry": {"type": "Polygon", "coordinates": [[[-54.8845553, -27.096418], [-54.8844728, -27.0963669], [-54.8843392, -27.0965381], [-54.8844217, -27.0965891], [-54.8845553, -27.096418]]]}}, {"type": "Feature", "properties": {"capa": "edificios", "nombre": null, "osm_id": "793098751"}, "geometry": {"type": "Polygon", "coordinates": [[[-54.8844367, -27.0966872], [-54.8844006, -27.096733], [-54.8843538, -27.0967037], [-54.8842962, -27.0967767], [-54.8843839, -27.0968315], [-54.8844776, -27.0967128], [-54.8844367, -27.0966872]]]}}, {"type": "Feature", "properties": {"capa": "edificios", "nombre": null, "osm_id": "793098752"}, "geometry": {"type": "Polygon", "coordinates": [[[-54.8840855, -27.0965347], [-54.8840135, -27.0964848], [-54.8839726, -27.0965315], [-54.8840446, -27.0965814], [-54.8840855, -27.0965347]]]}}, {"type": "Feature", "properties": {"capa": "edificios", "nombre": null, "osm_id": "793098753"}, "geometry": {"type": "Polygon", "coordinates": [[[-54.8843739, -27.0963391], [-54.8843168, -27.0963015], [-54.8842537, -27.0963774], [-54.8843109, -27.096415], [-54.8843739, -27.0963391]]]}}, {"type": "Feature", "properties": {"capa": "edificios", "nombre": null, "osm_id": "793098754"}, "geometry": {"type": "Polygon", "coordinates": [[[-54.8871825, -27.0977243], [-54.8870996, -27.0976658], [-54.8870253, -27.097765], [-54.8871081, -27.0978134], [-54.8871825, -27.0977243]]]}}, {"type": "Feature", "properties": {"capa": "edificios", "nombre": null, "osm_id": "793098755"}, "geometry": {"type": "Polygon", "coordinates": [[[-54.8880286, -27.0975741], [-54.8878571, -27.0974622], [-54.8878056, -27.0975385], [-54.8879686, -27.0976454], [-54.8880286, -27.0975741]]]}}, {"type": "Feature", "properties": {"capa": "edificios", "nombre": null, "osm_id": "793098951"}, "geometry": {"type": "Polygon", "coordinates": [[[-54.8947187, -27.095896], [-54.8947876, -27.0959675], [-54.8946568, -27.0960675], [-54.8946126, -27.0960704], [-54.8945607, -27.0960167], [-54.8947187, -27.095896]]]}}, {"type": "Feature", "properties": {"capa": "edificios", "nombre": null, "osm_id": "793098952"}, "geometry": {"type": "Polygon", "coordinates": [[[-54.8948747, -27.0946986], [-54.8947004, -27.0948437], [-54.8948044, -27.0949426], [-54.8949786, -27.0947976], [-54.8948747, -27.0946986]]]}}, {"type": "Feature", "properties": {"capa": "edificios", "nombre": null, "osm_id": "793098953"}, "geometry": {"type": "Polygon", "coordinates": [[[-54.8909985, -27.0956277], [-54.8908894, -27.0956907], [-54.890997, -27.0958383], [-54.8911061, -27.0957752], [-54.8909985, -27.0956277]]]}}, {"type": "Feature", "properties": {"capa": "edificios", "nombre": null, "osm_id": "793099637"}, "geometry": {"type": "Polygon", "coordinates": [[[-54.8887441, -27.1038839], [-54.8885312, -27.1037469], [-54.8884755, -27.1038155], [-54.8886883, -27.1039526], [-54.8887441, -27.1038839]]]}}, {"type": "Feature", "properties": {"capa": "edificios", "nombre": null, "osm_id": "793099638"}, "geometry": {"type": "Polygon", "coordinates": [[[-54.8881438, -27.1043577], [-54.8881195, -27.1043555], [-54.8880977, -27.1043682], [-54.8880786, -27.104376], [-54.8880556, -27.1043734], [-54.8880284, -27.1043704], [-54.8880131, -27.1043732], [-54.8880266, -27.1045099], [-54.8879933, -27.1045416], [-54.8879452, -27.1045854], [-54.8878891, -27.104614], [-54.8878549, -27.1046177], [-54.8878673, -27.1046956], [-54.887904, -27.1046813], [-54.8879693, -27.1046446], [-54.8880243, -27.1046079], [-54.8880667, -27.1045701], [-54.8881034, -27.1045242], [-54.888132, -27.1044661], [-54.8881423, -27.1044222], [-54.8881457, -27.1043845], [-54.8881438, -27.1043577]]]}}, {"type": "Feature", "properties": {"capa": "edificios", "nombre": null, "osm_id": "793099640"}, "geometry": {"type": "Polygon", "coordinates": [[[-54.8875773, -27.1042481], [-54.8874889, -27.1042091], [-54.8874635, -27.1042546], [-54.8875519, -27.1042937], [-54.8875773, -27.1042481]]]}}, {"type": "Feature", "properties": {"capa": "edificios", "nombre": null, "osm_id": "793099641"}, "geometry": {"type": "Polygon", "coordinates": [[[-54.8881148, -27.1036184], [-54.8878301, -27.1034472], [-54.8876738, -27.1036533], [-54.8879585, -27.1038244], [-54.8881148, -27.1036184]]]}}, {"type": "Feature", "properties": {"capa": "verde", "nombre": null, "osm_id": "793099643"}, "geometry": {"type": "Polygon", "coordinates": [[[-54.8896489, -27.104554], [-54.889675, -27.1044087], [-54.8913523, -27.1055474], [-54.8921028, -27.1060529], [-54.8931471, -27.1065002], [-54.8918091, -27.1082896], [-54.8917373, -27.1080107], [-54.8913523, -27.1081153], [-54.88758, -27.1057566], [-54.8881608, -27.1049549], [-54.8889636, -27.1052918], [-54.8891789, -27.1051001], [-54.8895249, -27.1046586], [-54.8896489, -27.104554]]]}}, {"type": "Feature", "properties": {"capa": "agua", "nombre": null, "osm_id": "793099644"}, "geometry": {"type": "Polygon", "coordinates": [[[-54.8917774, -27.1067997], [-54.8918489, -27.1069199], [-54.8919402, -27.1069128], [-54.8920116, -27.1070047], [-54.8918131, -27.1071213], [-54.8917893, -27.1070224], [-54.8917456, -27.1070188], [-54.8916623, -27.1068457], [-54.8917774, -27.1067997]]]}}, {"type": "Feature", "properties": {"capa": "edificios", "nombre": null, "osm_id": "793519884"}, "geometry": {"type": "Polygon", "coordinates": [[[-54.8980238, -27.0950198], [-54.8979571, -27.0949538], [-54.8977992, -27.0950804], [-54.8978988, -27.0951788], [-54.8979837, -27.0951108], [-54.8979508, -27.0950783], [-54.8980238, -27.0950198]]]}}, {"type": "Feature", "properties": {"capa": "edificios", "nombre": null, "osm_id": "793519885"}, "geometry": {"type": "Polygon", "coordinates": [[[-54.8974907, -27.0947794], [-54.8976964, -27.094974], [-54.8976187, -27.095039], [-54.8975041, -27.0949306], [-54.8974573, -27.0949699], [-54.8973934, -27.0949095], [-54.8974441, -27.094867], [-54.8974169, -27.0948413], [-54.8974907, -27.0947794]]]}}, {"type": "Feature", "properties": {"capa": "edificios", "nombre": null, "osm_id": "793519886"}, "geometry": {"type": "Polygon", "coordinates": [[[-54.8964198, -27.0948308], [-54.8964495, -27.0948308], [-54.8965877, -27.0949695], [-54.8965793, -27.0949761], [-54.8964377, -27.0950875], [-54.8963851, -27.0951307], [-54.8962331, -27.0949823], [-54.8964198, -27.0948308]]]}}, {"type": "Feature", "properties": {"capa": "edificios", "nombre": null, "osm_id": "793519887"}, "geometry": {"type": "Polygon", "coordinates": [[[-54.8965877, -27.0949695], [-54.8965793, -27.0949761], [-54.8964377, -27.0950875], [-54.8965603, -27.0952111], [-54.8967103, -27.0950932], [-54.8965877, -27.0949695]]]}}, {"type": "Feature", "properties": {"capa": "edificios", "nombre": null, "osm_id": "793519888"}, "geometry": {"type": "Polygon", "coordinates": [[[-54.897076, -27.0954353], [-54.8968788, -27.0955926], [-54.8969412, -27.0956547], [-54.8971385, -27.0954973], [-54.897076, -27.0954353]]]}}, {"type": "Feature", "properties": {"capa": "edificios", "nombre": null, "osm_id": "793519889"}, "geometry": {"type": "Polygon", "coordinates": [[[-54.8973209, -27.0954877], [-54.8972169, -27.0955616], [-54.8973314, -27.0956894], [-54.8973664, -27.0956645], [-54.8973528, -27.0956493], [-54.8974219, -27.0956002], [-54.8973209, -27.0954877]]]}}, {"type": "Feature", "properties": {"capa": "cursos", "nombre": null, "osm_id": "793522985"}, "geometry": {"type": "LineString", "coordinates": [[-54.887014, -27.09824], [-54.8869453, -27.0982107], [-54.8867772, -27.0981113], [-54.8866334, -27.0981033], [-54.88653, -27.0981273], [-54.8862872, -27.0981873], [-54.8861793, -27.0983434], [-54.8861262, -27.0984657], [-54.8859475, -27.098607], [-54.8857371, -27.0987625], [-54.8855029, -27.0988827], [-54.8853242, -27.0989605], [-54.8850622, -27.0990736], [-54.8848597, -27.0990912], [-54.8847089, -27.0991442], [-54.8846096, -27.0991266], [-54.8843992, -27.0991796], [-54.8841729, -27.0991796], [-54.8838076, -27.0991301], [-54.8836051, -27.0991195], [-54.88349, -27.0991442], [-54.8832478, -27.0992291], [-54.8830334, -27.0993598], [-54.8827476, -27.0994305], [-54.8824379, -27.0994376], [-54.8822702, -27.0995837], [-54.8819257, -27.0997043], [-54.8813599, -27.0998776], [-54.8812596, -27.0999459]]}}, {"type": "Feature", "properties": {"capa": "cursos", "nombre": null, "osm_id": "793522986"}, "geometry": {"type": "LineString", "coordinates": [[-54.8871244, -27.0982872], [-54.887014, -27.09824]]}}, {"type": "Feature", "properties": {"capa": "edificios", "nombre": null, "osm_id": "793522987"}, "geometry": {"type": "Polygon", "coordinates": [[[-54.8972421, -27.0972254], [-54.8973086, -27.0972287], [-54.8974237, -27.0973437], [-54.8974362, -27.0973338], [-54.8974695, -27.097367], [-54.8974551, -27.0973784], [-54.8975488, -27.097472], [-54.8973976, -27.0975921], [-54.8971241, -27.0973191], [-54.8972421, -27.0972254]]]}}, {"type": "Feature", "properties": {"capa": "edificios", "nombre": null, "osm_id": "793522988"}, "geometry": {"type": "Polygon", "coordinates": [[[-54.8966952, -27.097707], [-54.8968761, -27.0978912], [-54.8967279, -27.0980066], [-54.8966486, -27.0979258], [-54.8967122, -27.0978763], [-54.8966106, -27.0977729], [-54.8966952, -27.097707]]]}}, {"type": "Feature", "properties": {"capa": "edificios", "nombre": null, "osm_id": "793522989"}, "geometry": {"type": "Polygon", "coordinates": [[[-54.8983836, -27.0978489], [-54.8982997, -27.097914], [-54.8985147, -27.0981336], [-54.8985986, -27.0980684], [-54.8983836, -27.0978489]]]}}, {"type": "Feature", "properties": {"capa": "edificios", "nombre": null, "osm_id": "793522990"}, "geometry": {"type": "Polygon", "coordinates": [[[-54.8984876, -27.097105], [-54.8984182, -27.0970345], [-54.8983701, -27.097072], [-54.898317, -27.0970181], [-54.8982377, -27.0970799], [-54.8983602, -27.0972043], [-54.8984876, -27.097105]]]}}, {"type": "Feature", "properties": {"capa": "calles", "nombre": null, "osm_id": "807338023"}, "geometry": {"type": "LineString", "coordinates": [[-54.8711244, -27.0952778], [-54.8695744, -27.094263], [-54.8704441, -27.0930781]]}}, {"type": "Feature", "properties": {"capa": "calles", "nombre": null, "osm_id": "807338024"}, "geometry": {"type": "LineString", "coordinates": [[-54.8707573, -27.0866376], [-54.8699084, -27.0861902]]}}, {"type": "Feature", "properties": {"capa": "calles", "nombre": null, "osm_id": "807338025"}, "geometry": {"type": "LineString", "coordinates": [[-54.8716873, -27.0855578], [-54.8715428, -27.0861261], [-54.8720866, -27.0862463], [-54.8719676, -27.0866562]]}}, {"type": "Feature", "properties": {"capa": "calles", "nombre": null, "osm_id": "807338026"}, "geometry": {"type": "LineString", "coordinates": [[-54.8827518, -27.1004561], [-54.882694, -27.1006494], [-54.8826695, -27.1008209]]}}, {"type": "Feature", "properties": {"capa": "calles", "nombre": null, "osm_id": "807338027"}, "geometry": {"type": "LineString", "coordinates": [[-54.8822983, -27.1026425], [-54.8820841, -27.1025923], [-54.8814804, -27.102212], [-54.8813343, -27.1020682]]}}, {"type": "Feature", "properties": {"capa": "calles", "nombre": null, "osm_id": "807338028"}, "geometry": {"type": "LineString", "coordinates": [[-54.8825505, -27.1009633], [-54.8823441, -27.1009636], [-54.882146, -27.1009746], [-54.88192, -27.1010104], [-54.8817776, -27.1010766], [-54.8816909, -27.1011344], [-54.8815096, -27.1013613], [-54.8811027, -27.1018703]]}}, {"type": "Feature", "properties": {"capa": "calles", "nombre": null, "osm_id": "807338029"}, "geometry": {"type": "LineString", "coordinates": [[-54.8815096, -27.1013613], [-54.8820345, -27.1016829]]}}, {"type": "Feature", "properties": {"capa": "calles", "nombre": null, "osm_id": "807338030"}, "geometry": {"type": "LineString", "coordinates": [[-54.8800327, -27.1017839], [-54.8803968, -27.101975]]}}, {"type": "Feature", "properties": {"capa": "calles", "nombre": null, "osm_id": "807338031"}, "geometry": {"type": "LineString", "coordinates": [[-54.8794064, -27.1065054], [-54.8797034, -27.1061556], [-54.8800687, -27.1056679], [-54.8800917, -27.1056308], [-54.8804804, -27.1050037]]}}, {"type": "Feature", "properties": {"capa": "calles", "nombre": null, "osm_id": "807338032"}, "geometry": {"type": "LineString", "coordinates": [[-54.8765456, -27.1052021], [-54.8764513, -27.1051516], [-54.8763789, -27.1051059], [-54.8762705, -27.1052292], [-54.875945, -27.1056293], [-54.8758858, -27.1057086], [-54.8754966, -27.106287], [-54.8753011, -27.10658], [-54.8752113, -27.1066765], [-54.8750349, -27.1068225], [-54.8749265, -27.106941]]}}, {"type": "Feature", "properties": {"capa": "calles", "nombre": null, "osm_id": "807338033"}, "geometry": {"type": "LineString", "coordinates": [[-54.8799429, -27.1075238], [-54.8807485, -27.1080084]]}}, {"type": "Feature", "properties": {"capa": "calles", "nombre": null, "osm_id": "807338034"}, "geometry": {"type": "LineString", "coordinates": [[-54.879481, -27.1081218], [-54.8799915, -27.1084621]]}}, {"type": "Feature", "properties": {"capa": "calles", "nombre": null, "osm_id": "807338035"}, "geometry": {"type": "LineString", "coordinates": [[-54.8788956, -27.1088798], [-54.880453, -27.1097817], [-54.8805334, -27.1097872], [-54.8805892, -27.1097597], [-54.8818956, -27.1080594], [-54.8819266, -27.1080374], [-54.8819792, -27.1080511], [-54.88262, -27.108481]]}}, {"type": "Feature", "properties": {"capa": "calles", "nombre": null, "osm_id": "807338036"}, "geometry": {"type": "LineString", "coordinates": [[-54.8895371, -27.1033961], [-54.8894553, -27.1033678], [-54.8894221, -27.1033444], [-54.889393, -27.1032944]]}}, {"type": "Feature", "properties": {"capa": "calles", "nombre": "López y Planes", "osm_id": "807338037"}, "geometry": {"type": "LineString", "coordinates": [[-54.8835812, -27.1047538], [-54.8834175, -27.1049655], [-54.8831362, -27.1053293]]}}, {"type": "Feature", "properties": {"capa": "calles", "nombre": null, "osm_id": "807619390"}, "geometry": {"type": "LineString", "coordinates": [[-54.8982922, -27.1064284], [-54.8974244, -27.1072006]]}}, {"type": "Feature", "properties": {"capa": "calles", "nombre": null, "osm_id": "807619391"}, "geometry": {"type": "LineString", "coordinates": [[-54.8894855, -27.1081583], [-54.8906547, -27.1089788], [-54.8909297, -27.109216], [-54.891099, -27.1092881]]}}, {"type": "Feature", "properties": {"capa": "calles", "nombre": null, "osm_id": "807619392"}, "geometry": {"type": "LineString", "coordinates": [[-54.8907062, -27.109806], [-54.8917188, -27.1104903]]}}, {"type": "Feature", "properties": {"capa": "calles", "nombre": null, "osm_id": "807619393"}, "geometry": {"type": "LineString", "coordinates": [[-54.8896993, -27.1127772], [-54.889217, -27.1132767], [-54.8891414, -27.1133732], [-54.8890921, -27.1134188]]}}, {"type": "Feature", "properties": {"capa": "calles", "nombre": null, "osm_id": "807619394"}, "geometry": {"type": "LineString", "coordinates": [[-54.893683, -27.1152599], [-54.8931725, -27.1159437], [-54.8930748, -27.1160343], [-54.8929978, -27.1160837], [-54.8927975, -27.1162921]]}}, {"type": "Feature", "properties": {"capa": "calles", "nombre": null, "osm_id": "807619395"}, "geometry": {"type": "LineString", "coordinates": [[-54.8986704, -27.1075276], [-54.8991522, -27.1072466]]}}, {"type": "Feature", "properties": {"capa": "calles", "nombre": null, "osm_id": "807619396"}, "geometry": {"type": "LineString", "coordinates": [[-54.9049851, -27.1087628], [-54.9053599, -27.109342]]}}, {"type": "Feature", "properties": {"capa": "calles", "nombre": null, "osm_id": "807619397"}, "geometry": {"type": "LineString", "coordinates": [[-54.8789628, -27.0926208], [-54.8790299, -27.0925646], [-54.8790969, -27.0924896], [-54.8792273, -27.0923437]]}}, {"type": "Feature", "properties": {"capa": "calles", "nombre": null, "osm_id": "807619398"}, "geometry": {"type": "LineString", "coordinates": [[-54.8792273, -27.0923437], [-54.8795583, -27.0919239], [-54.8799835, -27.091365], [-54.8802703, -27.0909505], [-54.8811967, -27.0897091]]}}, {"type": "Feature", "properties": {"capa": "rutas", "nombre": null, "osm_id": "807619399"}, "geometry": {"type": "LineString", "coordinates": [[-54.8795333, -27.0926592], [-54.8796234, -27.092732], [-54.8796528, -27.0927895], [-54.8796528, -27.0928366], [-54.8796352, -27.0928889], [-54.8795882, -27.0929465], [-54.8794871, -27.0930027]]}}, {"type": "Feature", "properties": {"capa": "rutas", "nombre": null, "osm_id": "807619400"}, "geometry": {"type": "LineString", "coordinates": [[-54.8785988, -27.0928333], [-54.8785715, -27.0927817], [-54.8785627, -27.0927215], [-54.8785774, -27.0926718], [-54.8786185, -27.0926352], [-54.8786949, -27.0926064]]}}, {"type": "Feature", "properties": {"capa": "rutas", "nombre": "Avenida de Las Américas", "osm_id": "807619401"}, "geometry": {"type": "LineString", "coordinates": [[-54.8779897, -27.0923187], [-54.8778193, -27.0922036], [-54.8776724, -27.0921303], [-54.8774462, -27.0920362], [-54.877148, -27.0919231], [-54.8741146, -27.0908974], [-54.8729393, -27.090502], [-54.8726552, -27.0904065], [-54.8722099, -27.0902155], [-54.87177, -27.0899958], [-54.8702466, -27.0889785], [-54.8688479, -27.0882022], [-54.8687227, -27.0880647], [-54.8683412, -27.0876987], [-54.868174, -27.0875531], [-54.8671942, -27.0869918], [-54.8669444, -27.0868741], [-54.8667357, -27.0868334], [-54.8663371, -27.086813], [-54.8659666, -27.0868176], [-54.8648972, -27.0868669], [-54.8639186, -27.0868774], [-54.8630441, -27.0868859], [-54.8622444, -27.0868611], [-54.8613935, -27.0868215]]}}, {"type": "Feature", "properties": {"capa": "calles", "nombre": null, "osm_id": "807619402"}, "geometry": {"type": "LineString", "coordinates": [[-54.8813209, -27.0895285], [-54.8813475, -27.0893469], [-54.8813617, -27.0893023], [-54.8815369, -27.0887555], [-54.8816277, -27.0883096]]}}, {"type": "Feature", "properties": {"capa": "calles", "nombre": null, "osm_id": "807619403"}, "geometry": {"type": "LineString", "coordinates": [[-54.893944, -27.0885127], [-54.8942079, -27.0882001], [-54.8943588, -27.0880325], [-54.8950218, -27.08737], [-54.8957047, -27.0865942]]}}, {"type": "Feature", "properties": {"capa": "calles", "nombre": "Comandante Andresito", "osm_id": "807619404"}, "geometry": {"type": "LineString", "coordinates": [[-54.8983675, -27.0916914], [-54.8982017, -27.0917871], [-54.8974077, -27.0924132], [-54.8965171, -27.0931244], [-54.895656, -27.0938501], [-54.8948134, -27.0945619], [-54.893905, -27.0953453], [-54.893736, -27.0954856]]}}, {"type": "Feature", "properties": {"capa": "calles", "nombre": null, "osm_id": "807619405"}, "geometry": {"type": "LineString", "coordinates": [[-54.8981994, -27.0889228], [-54.8981069, -27.0888008], [-54.8980357, -27.0886602], [-54.8978964, -27.088368]]}}, {"type": "Feature", "properties": {"capa": "calles", "nombre": null, "osm_id": "807619406"}, "geometry": {"type": "LineString", "coordinates": [[-54.903013, -27.0890297], [-54.9028198, -27.0894045]]}}, {"type": "Feature", "properties": {"capa": "calles", "nombre": null, "osm_id": "807619407"}, "geometry": {"type": "LineString", "coordinates": [[-54.9004675, -27.0856531], [-54.9008846, -27.0855472], [-54.901024, -27.0855405], [-54.9014233, -27.0856109]]}}, {"type": "Feature", "properties": {"capa": "calles", "nombre": null, "osm_id": "807619408"}, "geometry": {"type": "LineString", "coordinates": [[-54.8892595, -27.0967067], [-54.8886027, -27.0962982], [-54.8880866, -27.0959996], [-54.8880538, -27.0959533], [-54.8880566, -27.095907], [-54.8881687, -27.0957561]]}}, {"type": "Feature", "properties": {"capa": "calles", "nombre": null, "osm_id": "807619409"}, "geometry": {"type": "LineString", "coordinates": [[-54.8892595, -27.0967067], [-54.8895359, -27.0969303], [-54.8896063, -27.0969914], [-54.88967, -27.0970853]]}}, {"type": "Feature", "properties": {"capa": "calles", "nombre": null, "osm_id": "807619410"}, "geometry": {"type": "LineString", "coordinates": [[-54.888905, -27.0977104], [-54.8890574, -27.0975138], [-54.8891313, -27.0974603], [-54.8894649, -27.0972071], [-54.88967, -27.0970853], [-54.8900966, -27.0969125], [-54.8901814, -27.0969028], [-54.8902662, -27.0969368], [-54.8903728, -27.097005], [-54.8904849, -27.0971705], [-54.8905424, -27.0972022], [-54.8906025, -27.0972192], [-54.8907256, -27.0972801], [-54.8908151, -27.0973375], [-54.8908814, -27.0973799], [-54.8910264, -27.09747], [-54.8911057, -27.097582]]}}, {"type": "Feature", "properties": {"capa": "calles", "nombre": null, "osm_id": "807619411"}, "geometry": {"type": "LineString", "coordinates": [[-54.8902962, -27.0978912], [-54.8904056, -27.0978863], [-54.8904904, -27.0979106], [-54.8905396, -27.0979106], [-54.8905834, -27.0978839], [-54.8906189, -27.0978449], [-54.8907967, -27.0975893], [-54.8908103, -27.0975041], [-54.8908151, -27.0973375]]}}, {"type": "Feature", "properties": {"capa": "calles", "nombre": null, "osm_id": "807619412"}, "geometry": {"type": "LineString", "coordinates": [[-54.8911499, -27.096737], [-54.8909565, -27.0969913], [-54.8906592, -27.0968975]]}}, {"type": "Feature", "properties": {"capa": "calles", "nombre": null, "osm_id": "807619413"}, "geometry": {"type": "LineString", "coordinates": [[-54.9014084, -27.0965889], [-54.9010371, -27.0964553], [-54.9009354, -27.0963491]]}}, {"type": "Feature", "properties": {"capa": "calles", "nombre": null, "osm_id": "807619414"}, "geometry": {"type": "LineString", "coordinates": [[-54.8955744, -27.1029197], [-54.8952588, -27.1026417]]}}, {"type": "Feature", "properties": {"capa": "calles", "nombre": null, "osm_id": "807619415"}, "geometry": {"type": "LineString", "coordinates": [[-54.9012638, -27.1017958], [-54.9014914, -27.1021919]]}}, {"type": "Feature", "properties": {"capa": "cursos", "nombre": "Arroyo Saltiño", "osm_id": "807619416"}, "geometry": {"type": "LineString", "coordinates": [[-54.8843614, -27.120811], [-54.8843734, -27.1208758], [-54.8841499, -27.1210901], [-54.8836933, -27.1211554], [-54.8833801, -27.1218931], [-54.8831496, -27.1228173], [-54.8822022, -27.1231986], [-54.8812151, -27.1236951], [-54.880766, -27.1239008], [-54.880533, -27.1240075], [-54.8801646, -27.1247055], [-54.8800268, -27.1251845], [-54.8793748, -27.125913], [-54.878994, -27.125951], [-54.8776941, -27.1268408]]}}, {"type": "Feature", "properties": {"capa": "cursos", "nombre": "Arroyo Saltiño", "osm_id": "807619417"}, "geometry": {"type": "LineString", "coordinates": [[-54.8843398, -27.1206939], [-54.8843614, -27.120811]]}}, {"type": "Feature", "properties": {"capa": "edificios", "nombre": null, "osm_id": "815261062"}, "geometry": {"type": "Polygon", "coordinates": [[[-54.886121, -27.1010721], [-54.8860349, -27.1011807], [-54.8859704, -27.1012083], [-54.8856261, -27.1010636], [-54.8857815, -27.1008508], [-54.886121, -27.1010721]]]}}, {"type": "Feature", "properties": {"capa": "edificios", "nombre": null, "osm_id": "815261063"}, "geometry": {"type": "Polygon", "coordinates": [[[-54.8841773, -27.0998867], [-54.8837446, -27.1005039], [-54.8836155, -27.1004613], [-54.8836466, -27.1004102], [-54.8834745, -27.1003549], [-54.8835512, -27.1002442], [-54.8835221, -27.1002376], [-54.8837858, -27.0999058], [-54.8839215, -27.0997101], [-54.8841773, -27.0998867]]]}}, {"type": "Feature", "properties": {"capa": "edificios", "nombre": null, "osm_id": "815261064"}, "geometry": {"type": "Polygon", "coordinates": [[[-54.8837858, -27.0999058], [-54.8835892, -27.099842], [-54.8832545, -27.1003038], [-54.8834338, -27.1003485], [-54.8835221, -27.1002376], [-54.8837858, -27.0999058]]]}}, {"type": "Feature", "properties": {"capa": "edificios", "nombre": null, "osm_id": "815261065"}, "geometry": {"type": "Polygon", "coordinates": [[[-54.8833158, -27.1000592], [-54.8832453, -27.100155], [-54.8831293, -27.1000873], [-54.8831997, -27.0999915], [-54.8833158, -27.1000592]]]}}, {"type": "Feature", "properties": {"capa": "caminos", "nombre": null, "osm_id": "818595356"}, "geometry": {"type": "LineString", "coordinates": [[-54.8916235, -27.1020296], [-54.8915944, -27.1020313]]}}, {"type": "Feature", "properties": {"capa": "caminos", "nombre": null, "osm_id": "818595357"}, "geometry": {"type": "LineString", "coordinates": [[-54.8918898, -27.1024794], [-54.891606, -27.1022032], [-54.8915944, -27.1020313], [-54.8915874, -27.1019265], [-54.8914678, -27.101832]]}}, {"type": "Feature", "properties": {"capa": "edificios", "nombre": null, "osm_id": "822232776"}, "geometry": {"type": "Polygon", "coordinates": [[[-54.8954273, -27.094812], [-54.8955237, -27.0949057], [-54.8953676, -27.0950329], [-54.8952712, -27.0949391], [-54.8954273, -27.094812]]]}}, {"type": "Feature", "properties": {"capa": "rutas", "nombre": "Ruta Provincial 7", "osm_id": "834351119"}, "geometry": {"type": "LineString", "coordinates": [[-54.8937928, -27.0952261], [-54.8940236, -27.0950162], [-54.8955439, -27.0937519], [-54.8957651, -27.0935775], [-54.8964273, -27.0930305], [-54.8973121, -27.0922972], [-54.8981021, -27.0917086], [-54.898275, -27.0915924], [-54.8984943, -27.0914733], [-54.8988222, -27.0913525], [-54.8992024, -27.0912584], [-54.899552, -27.0912045], [-54.9006002, -27.0910979], [-54.9008096, -27.0910742], [-54.902365, -27.0908984], [-54.9037446, -27.0907414], [-54.9041616, -27.0907279], [-54.9108519, -27.0899802], [-54.9110732, -27.0899566], [-54.9147181, -27.0895676], [-54.9151572, -27.089477], [-54.915507, -27.0893157], [-54.9157781, -27.0891322], [-54.9159823, -27.0889269], [-54.9162371, -27.0886026], [-54.9163417, -27.0882594], [-54.9163832, -27.0879621], [-54.9164073, -27.0859796], [-54.9164757, -27.0857205], [-54.9165588, -27.0855504], [-54.9167768, -27.0853723], [-54.9170958, -27.0851923], [-54.9171793, -27.0851636], [-54.9176692, -27.0849953], [-54.9183954, -27.0848156], [-54.9187052, -27.0848127], [-54.9189261, -27.0848888], [-54.9191994, -27.0850809], [-54.9193196, -27.08523], [-54.9195706, -27.0856263], [-54.920161, -27.086535], [-54.9203235, -27.0867088], [-54.92054, -27.0868746], [-54.921519, -27.0874431], [-54.9216312, -27.0875493], [-54.9217164, -27.0876554], [-54.9217962, -27.087804], [-54.9218693, -27.0879741], [-54.9218968, -27.0881577], [-54.9218986, -27.0882588], [-54.9219041, -27.088615], [-54.9219048, -27.0886403], [-54.9219073, -27.0888306], [-54.9219242, -27.0892082], [-54.9219709, -27.0899602], [-54.922033, -27.0909614], [-54.9221523, -27.0911915], [-54.9223037, -27.0913833], [-54.9224669, -27.0915386], [-54.9226579, -27.0915902], [-54.9228767, -27.0916313], [-54.9231523, -27.0916008], [-54.923906, -27.0914045], [-54.924174, -27.0913586], [-54.9243274, -27.0913813], [-54.9246095, -27.0914802], [-54.9251217, -27.0916807], [-54.9257261, -27.0919886], [-54.9264509, -27.0923484], [-54.9267409, -27.0924934], [-54.9270176, -27.0927038], [-54.9273891, -27.0930007], [-54.9277881, -27.0933185], [-54.9281144, -27.093459], [-54.9284228, -27.0935034], [-54.9286963, -27.0934925], [-54.9289353, -27.0934008], [-54.9292128, -27.0932256], [-54.9303707, -27.0922976], [-54.9319316, -27.0910467], [-54.9324126, -27.0905727], [-54.934387, -27.088466], [-54.9345795, -27.0883234], [-54.9348338, -27.0882246], [-54.9350885, -27.088153], [-54.9353536, -27.0881537], [-54.9357445, -27.0883239], [-54.9364263, -27.0887728], [-54.9366394, -27.0889961], [-54.9367398, -27.0892167], [-54.9367698, -27.0894947], [-54.9367337, -27.0896923], [-54.9363709, -27.0904182], [-54.9354907, -27.0921794], [-54.9354392, -27.0924258], [-54.9354984, -27.0927056], [-54.9357153, -27.0932101], [-54.9359037, -27.0937603], [-54.9361623, -27.094287], [-54.9364209, -27.0945797], [-54.9366763, -27.0947386], [-54.936923, -27.0948765], [-54.9373855, -27.0950151], [-54.9377928, -27.0950557], [-54.9381647, -27.0950201], [-54.938529, -27.09486], [-54.9407989, -27.0938356], [-54.942749, -27.0929556], [-54.9429984, -27.092843], [-54.9435168, -27.09266], [-54.944069, -27.0925507], [-54.9443326, -27.0925113], [-54.945191, -27.0923829], [-54.9475831, -27.092029], [-54.9483324, -27.0919249], [-54.9487958, -27.0919106], [-54.9492774, -27.0920235], [-54.9496868, -27.0922019], [-54.9502188, -27.0925281], [-54.9502792, -27.0925651], [-54.950842, -27.0930003], [-54.9533887, -27.0948257], [-54.9580971, -27.0981247], [-54.9581338, -27.0981533], [-54.9596434, -27.0992161], [-54.960004, -27.0995532], [-54.9602871, -27.0998579], [-54.960739, -27.1004936], [-54.9608529, -27.1006255], [-54.9612031, -27.1010329], [-54.9615775, -27.1013404], [-54.9617664, -27.1014754], [-54.9620001, -27.1016323], [-54.9624091, -27.1018039], [-54.9636357, -27.1020962]]}}, {"type": "Feature", "properties": {"capa": "rutas", "nombre": "Ruta Provincial 7", "osm_id": "834351120"}, "geometry": {"type": "LineString", "coordinates": [[-54.8937928, -27.0952261], [-54.8937223, -27.0954708]]}}, {"type": "Feature", "properties": {"capa": "caminos", "nombre": null, "osm_id": "834351121"}, "geometry": {"type": "LineString", "coordinates": [[-54.8940801, -27.0955541], [-54.8939663, -27.0956487], [-54.8939135, -27.0959977], [-54.893889, -27.096159], [-54.8939688, -27.0964141], [-54.8942155, -27.0963831], [-54.8944315, -27.0963758], [-54.894527, -27.0964297], [-54.8946145, -27.0965877], [-54.8946485, -27.0971561], [-54.8946666, -27.0972838], [-54.894645, -27.0973845]]}}, {"type": "Feature", "properties": {"capa": "caminos", "nombre": null, "osm_id": "834351122"}, "geometry": {"type": "LineString", "coordinates": [[-54.8947367, -27.0963246], [-54.8946145, -27.0965877], [-54.8947779, -27.0968507], [-54.895135, -27.0971781], [-54.8952536, -27.0972412], [-54.8953544, -27.0976358]]}}, {"type": "Feature", "properties": {"capa": "caminos", "nombre": null, "osm_id": "834351123"}, "geometry": {"type": "LineString", "coordinates": [[-54.8952969, -27.0969789], [-54.8951968, -27.0971155], [-54.895135, -27.0971781], [-54.8948964, -27.0973872], [-54.8947293, -27.0974346], [-54.8946349, -27.0974922]]}}, {"type": "Feature", "properties": {"capa": "caminos", "nombre": null, "osm_id": "834351124"}, "geometry": {"type": "LineString", "coordinates": [[-54.8951968, -27.0971155], [-54.8952536, -27.0972412]]}}, {"type": "Feature", "properties": {"capa": "caminos", "nombre": null, "osm_id": "834351125"}, "geometry": {"type": "LineString", "coordinates": [[-54.8944921, -27.0960146], [-54.8940436, -27.0959748], [-54.8939135, -27.0959977], [-54.8938575, -27.0960089], [-54.8936323, -27.0960858], [-54.8935726, -27.0961238]]}}, {"type": "Feature", "properties": {"capa": "caminos", "nombre": null, "osm_id": "834351126"}, "geometry": {"type": "LineString", "coordinates": [[-54.893889, -27.096159], [-54.8938641, -27.0960658], [-54.8938575, -27.0960089], [-54.8938368, -27.0958159]]}}, {"type": "Feature", "properties": {"capa": "edificios", "nombre": null, "osm_id": "837262430"}, "geometry": {"type": "Polygon", "coordinates": [[[-54.9003636, -27.107638], [-54.9004562, -27.1078079], [-54.9003461, -27.1078554], [-54.9002535, -27.1076855], [-54.9003636, -27.107638]]]}}, {"type": "Feature", "properties": {"capa": "edificios", "nombre": null, "osm_id": "837262431"}, "geometry": {"type": "Polygon", "coordinates": [[[-54.9001474, -27.1077396], [-54.9002068, -27.1078406], [-54.9001012, -27.1078898], [-54.9000419, -27.1077888], [-54.9001474, -27.1077396]]]}}, {"type": "Feature", "properties": {"capa": "agua", "nombre": null, "osm_id": "842768004"}, "geometry": {"type": "Polygon", "coordinates": [[[-54.8777216, -27.0751094], [-54.8779487, -27.0750786], [-54.8780918, -27.0751446], [-54.8781461, -27.0753292], [-54.8781313, -27.075461], [-54.8780079, -27.0754874], [-54.8777858, -27.0754874], [-54.8776031, -27.0754303], [-54.8774797, -27.0753424], [-54.8774649, -27.0752984], [-54.8775538, -27.0751885], [-54.8777216, -27.0751094]]]}}, {"type": "Feature", "properties": {"capa": "caminos", "nombre": null, "osm_id": "844616404"}, "geometry": {"type": "LineString", "coordinates": [[-54.9176354, -27.1005809], [-54.917915, -27.101026], [-54.9179977, -27.1011956], [-54.9181383, -27.1013483], [-54.9186908, -27.1016491], [-54.9188303, -27.1016443], [-54.9189537, -27.1016204], [-54.9192916, -27.1015106], [-54.9194632, -27.1013578], [-54.9196564, -27.1011239], [-54.9197851, -27.1007467], [-54.9198977, -27.1005557], [-54.9199621, -27.1004889], [-54.9200479, -27.1004411], [-54.9202089, -27.1003838], [-54.9204932, -27.1003504], [-54.9205683, -27.1003026], [-54.920794, -27.0995602], [-54.920932, -27.0986928]]}}, {"type": "Feature", "properties": {"capa": "caminos", "nombre": null, "osm_id": "844616405"}, "geometry": {"type": "LineString", "coordinates": [[-54.91507, -27.097453], [-54.9157619, -27.0975707], [-54.9163627, -27.0974322], [-54.9169527, -27.0972317], [-54.9171565, -27.0971935], [-54.9174033, -27.0970407], [-54.9180201, -27.0967255], [-54.9181328, -27.0967112], [-54.9184171, -27.0967208], [-54.918873, -27.0967685], [-54.9192485, -27.0968306], [-54.919699, -27.0969929], [-54.9203963, -27.0973128], [-54.9208266, -27.0980509], [-54.920932, -27.0986928]]}}, {"type": "Feature", "properties": {"capa": "caminos", "nombre": null, "osm_id": "844616406"}, "geometry": {"type": "LineString", "coordinates": [[-54.9179763, -27.1004459], [-54.9183734, -27.1008422], [-54.9185237, -27.1009186], [-54.9186632, -27.1009138], [-54.9187705, -27.1008756], [-54.9189101, -27.1007276], [-54.9188618, -27.1005843], [-54.9188212, -27.1004928], [-54.9188608, -27.1000539], [-54.91894, -27.0999098], [-54.9189184, -27.0996855], [-54.9187996, -27.0993972], [-54.9187888, -27.0990801], [-54.9186737, -27.098811], [-54.9185081, -27.0985227], [-54.9183678, -27.0984073], [-54.9182562, -27.0981831], [-54.9181339, -27.0979396], [-54.9179935, -27.0977602], [-54.917864, -27.0976865], [-54.9177128, -27.0976096], [-54.9174717, -27.0974623], [-54.9173674, -27.0973758], [-54.9172846, -27.0972893], [-54.9171565, -27.0971935]]}}, {"type": "Feature", "properties": {"capa": "caminos", "nombre": null, "osm_id": "844616407"}, "geometry": {"type": "LineString", "coordinates": [[-54.9179763, -27.1004459], [-54.9176354, -27.1005809], [-54.9174572, -27.1006576], [-54.9173537, -27.1007228], [-54.9173004, -27.1007192], [-54.9172302, -27.1007074], [-54.9164842, -27.1004588], [-54.9163635, -27.100427], [-54.9160612, -27.1002733], [-54.9159425, -27.1001612], [-54.9157949, -27.1001067], [-54.915712, -27.1000075]]}}, {"type": "Feature", "properties": {"capa": "caminos", "nombre": null, "osm_id": "844616408"}, "geometry": {"type": "LineString", "coordinates": [[-54.9179763, -27.1004459], [-54.9174879, -27.1001928], [-54.9173962, -27.1000635], [-54.9173098, -27.0999386], [-54.9172882, -27.0998649]]}}, {"type": "Feature", "properties": {"capa": "caminos", "nombre": null, "osm_id": "844616409"}, "geometry": {"type": "LineString", "coordinates": [[-54.914992, -27.0998521], [-54.9151005, -27.0998857], [-54.9152187, -27.0998546], [-54.9156106, -27.0994984]]}}, {"type": "Feature", "properties": {"capa": "calles", "nombre": null, "osm_id": "844616410"}, "geometry": {"type": "LineString", "coordinates": [[-54.9081121, -27.0934644], [-54.9080477, -27.0946581], [-54.9081067, -27.0956035], [-54.908155, -27.097012]]}}, {"type": "Feature", "properties": {"capa": "caminos", "nombre": null, "osm_id": "844616411"}, "geometry": {"type": "LineString", "coordinates": [[-54.9133014, -27.0948977], [-54.9135709, -27.0950363], [-54.9138194, -27.0952474], [-54.913933, -27.0953552], [-54.914332, -27.095715]]}}, {"type": "Feature", "properties": {"capa": "caminos", "nombre": null, "osm_id": "844616412"}, "geometry": {"type": "LineString", "coordinates": [[-54.9173537, -27.1007228], [-54.9173645, -27.1008771], [-54.9174143, -27.1010057], [-54.9174916, -27.1011566], [-54.917509, -27.1012697], [-54.9174542, -27.101343]]}}, {"type": "Feature", "properties": {"capa": "caminos", "nombre": null, "osm_id": "845364272"}, "geometry": {"type": "LineString", "coordinates": [[-54.8645745, -27.1194065], [-54.8647568, -27.1195498], [-54.8658404, -27.1201898], [-54.8668757, -27.1208536], [-54.8669079, -27.120887], [-54.867396, -27.1211449], [-54.8674228, -27.1211783], [-54.8687544, -27.1220366]]}}, {"type": "Feature", "properties": {"capa": "calles", "nombre": null, "osm_id": "845364273"}, "geometry": {"type": "LineString", "coordinates": [[-54.8658511, -27.1223292], [-54.8664734, -27.1227017], [-54.8665592, -27.1227113], [-54.867514, -27.1232557], [-54.8676742, -27.1234372]]}}, {"type": "Feature", "properties": {"capa": "caminos", "nombre": null, "osm_id": "845364274"}, "geometry": {"type": "LineString", "coordinates": [[-54.8658511, -27.1223292], [-54.8653362, -27.1220141], [-54.8651484, -27.1220093], [-54.864494, -27.1221669], [-54.8641668, -27.1222624], [-54.8641239, -27.1222528], [-54.8637698, -27.122057], [-54.8633407, -27.1217944], [-54.8630349, -27.1215842]]}}, {"type": "Feature", "properties": {"capa": "caminos", "nombre": null, "osm_id": "846414560"}, "geometry": {"type": "LineString", "coordinates": [[-54.8664573, -27.116905], [-54.8664412, -27.1169527], [-54.8651752, -27.1186473], [-54.8646066, -27.1193443], [-54.8645745, -27.1194065], [-54.8642848, -27.1192106], [-54.8636786, -27.1188478], [-54.8633836, -27.1186808], [-54.8612272, -27.1173346], [-54.8604709, -27.1168859], [-54.8603, -27.1167809]]}}, {"type": "Feature", "properties": {"capa": "caminos", "nombre": null, "osm_id": "880651658"}, "geometry": {"type": "LineString", "coordinates": [[-54.8843412, -27.126044], [-54.880766, -27.1239008], [-54.8802103, -27.1235677]]}}, {"type": "Feature", "properties": {"capa": "edificios", "nombre": null, "osm_id": "893664584"}, "geometry": {"type": "Polygon", "coordinates": [[[-54.8773315, -27.1057258], [-54.8772895, -27.1057879], [-54.8772157, -27.1057484], [-54.8772577, -27.1056862], [-54.8773315, -27.1057258]]]}}, {"type": "Feature", "properties": {"capa": "edificios", "nombre": null, "osm_id": "893664585"}, "geometry": {"type": "Polygon", "coordinates": [[[-54.8772432, -27.1058227], [-54.8772011, -27.1058849], [-54.8771273, -27.1058453], [-54.8771694, -27.1057832], [-54.8772432, -27.1058227]]]}}, {"type": "Feature", "properties": {"capa": "edificios", "nombre": null, "osm_id": "893664586"}, "geometry": {"type": "Polygon", "coordinates": [[[-54.8771374, -27.1059716], [-54.8770954, -27.1060338], [-54.8770215, -27.1059942], [-54.8770636, -27.105932], [-54.8771374, -27.1059716]]]}}, {"type": "Feature", "properties": {"capa": "edificios", "nombre": null, "osm_id": "893664587"}, "geometry": {"type": "Polygon", "coordinates": [[[-54.877033, -27.1061243], [-54.876991, -27.1061865], [-54.8769172, -27.1061469], [-54.8769592, -27.1060847], [-54.877033, -27.1061243]]]}}, {"type": "Feature", "properties": {"capa": "edificios", "nombre": null, "osm_id": "893664588"}, "geometry": {"type": "Polygon", "coordinates": [[[-54.8769687, -27.1062019], [-54.8769267, -27.1062641], [-54.8768529, -27.1062245], [-54.8768949, -27.1061623], [-54.8769687, -27.1062019]]]}}, {"type": "Feature", "properties": {"capa": "edificios", "nombre": null, "osm_id": "893664589"}, "geometry": {"type": "Polygon", "coordinates": [[[-54.876718, -27.105975], [-54.8766581, -27.1060628], [-54.8766041, -27.1060336], [-54.876664, -27.1059458], [-54.876718, -27.105975]]]}}, {"type": "Feature", "properties": {"capa": "edificios", "nombre": null, "osm_id": "893664590"}, "geometry": {"type": "Polygon", "coordinates": [[[-54.8764623, -27.1058131], [-54.8764119, -27.1058977], [-54.8763275, -27.1058578], [-54.8763778, -27.1057733], [-54.8764623, -27.1058131]]]}}, {"type": "Feature", "properties": {"capa": "agua", "nombre": null, "osm_id": "893664591"}, "geometry": {"type": "Polygon", "coordinates": [[[-54.8817581, -27.1046229], [-54.8818173, -27.104671], [-54.8817684, -27.1047741], [-54.8816989, -27.1048725], [-54.881632, -27.1049275], [-54.8815497, -27.1049138], [-54.8815317, -27.104884], [-54.8815497, -27.1048359], [-54.8815832, -27.1047397], [-54.8816398, -27.1047076], [-54.8816784, -27.1047053], [-54.881717, -27.1046664], [-54.8817581, -27.1046229]]]}}, {"type": "Feature", "properties": {"capa": "edificios", "nombre": null, "osm_id": "893664592"}, "geometry": {"type": "Polygon", "coordinates": [[[-54.88009, -27.1065574], [-54.879972, -27.106734], [-54.8798686, -27.1066793], [-54.8799866, -27.1065026], [-54.88009, -27.1065574]]]}}, {"type": "Feature", "properties": {"capa": "edificios", "nombre": null, "osm_id": "893664594"}, "geometry": {"type": "Polygon", "coordinates": [[[-54.8798651, -27.1062536], [-54.8798138, -27.1063638], [-54.8797353, -27.1063348], [-54.8797866, -27.1062246], [-54.8798651, -27.1062536]]]}}, {"type": "Feature", "properties": {"capa": "calles", "nombre": null, "osm_id": "893664595"}, "geometry": {"type": "LineString", "coordinates": [[-54.8772743, -27.1059815], [-54.8770405, -27.1058543], [-54.8768389, -27.10613]]}}, {"type": "Feature", "properties": {"capa": "cursos", "nombre": null, "osm_id": "901956436"}, "geometry": {"type": "LineString", "coordinates": [[-54.8716074, -27.0833268], [-54.8719991, -27.083418], [-54.8722342, -27.0833912], [-54.8725295, -27.0834824], [-54.8728007, -27.0836595], [-54.8731924, -27.0837883], [-54.8736384, -27.0838527], [-54.8742833, -27.0838312], [-54.8748257, -27.0835736], [-54.8750608, -27.0837185], [-54.8754646, -27.0837883], [-54.8759347, -27.0837883], [-54.876453, -27.0839063], [-54.8767965, -27.0842068], [-54.8774595, -27.0840458], [-54.8780381, -27.0839492], [-54.878683, -27.0839707], [-54.8793037, -27.0838795], [-54.8801989, -27.0835792], [-54.8813278, -27.0831484], [-54.8821242, -27.0828881], [-54.8831725, -27.0824394], [-54.8837974, -27.0822868], [-54.8847349, -27.0817663], [-54.8854405, -27.0817035], [-54.8868013, -27.0808509], [-54.8870853, -27.0803427], [-54.887802, -27.078958], [-54.8884376, -27.0781994], [-54.8887622, -27.0779104], [-54.8894114, -27.0773565], [-54.8898306, -27.0770916], [-54.8904933, -27.0764413], [-54.8907908, -27.0757429], [-54.8912641, -27.0749482], [-54.8914591, -27.0736845], [-54.8917675, -27.0721012], [-54.8919671, -27.0715196], [-54.8922574, -27.0706633], [-54.8930195, -27.0703564], [-54.8938541, -27.0696617], [-54.8942714, -27.0691446], [-54.8948883, -27.068773], [-54.8954145, -27.0681429], [-54.8957773, -27.0674967], [-54.8961039, -27.0666727], [-54.8962397, -27.0663226]]}}, {"type": "Feature", "properties": {"capa": "agua", "nombre": null, "osm_id": "902065070"}, "geometry": {"type": "Polygon", "coordinates": [[[-54.910566, -27.0919904], [-54.9106993, -27.0920652], [-54.9108523, -27.0921091], [-54.9109757, -27.0922321], [-54.9109856, -27.09232], [-54.9109559, -27.0924211], [-54.9109954, -27.0926013], [-54.9108424, -27.0927595], [-54.9106844, -27.0928122], [-54.9105709, -27.0927991], [-54.9104179, -27.0925178], [-54.9103241, -27.0923948], [-54.9102352, -27.0922453], [-54.9103488, -27.0920959], [-54.9104524, -27.0920168], [-54.910566, -27.0919904]]]}}, {"type": "Feature", "properties": {"capa": "agua", "nombre": null, "osm_id": "917083576"}, "geometry": {"type": "Polygon", "coordinates": [[[-54.9144282, -27.1190476], [-54.9144927, -27.1190941], [-54.9145542, -27.1191242], [-54.9145604, -27.1191652], [-54.9145389, -27.1191953], [-54.914462, -27.1192282], [-54.9144159, -27.11922], [-54.9144005, -27.1191844], [-54.9143452, -27.1191598], [-54.914379, -27.1190968], [-54.9144282, -27.1190476]]]}}, {"type": "Feature", "properties": {"capa": "agua", "nombre": null, "osm_id": "917083577"}, "geometry": {"type": "Polygon", "coordinates": [[[-54.9140969, -27.1193037], [-54.9141322, -27.1193303], [-54.914143, -27.1193786], [-54.9141349, -27.1194197], [-54.9140915, -27.119427], [-54.9140697, -27.1193883], [-54.9140046, -27.1193738], [-54.91401, -27.1193351], [-54.9140344, -27.1193085], [-54.9140562, -27.1192965], [-54.9140969, -27.1193037]]]}}, {"type": "Feature", "properties": {"capa": "calles", "nombre": null, "osm_id": "917083578"}, "geometry": {"type": "LineString", "coordinates": [[-54.903596, -27.1155097], [-54.9038026, -27.1156216], [-54.9039097, -27.1158163], [-54.9040034, -27.1159514], [-54.9041775, -27.116007], [-54.9043248, -27.1161143], [-54.9044989, -27.1163328], [-54.9045346, -27.1164162], [-54.9045435, -27.1165433], [-54.9045034, -27.1166387], [-54.9044453, -27.1166745], [-54.9043248, -27.1166745], [-54.9041998, -27.1166347], [-54.9041597, -27.1165632], [-54.9040704, -27.1163328], [-54.9040079, -27.1160984], [-54.9040034, -27.1159514]]}}, {"type": "Feature", "properties": {"capa": "calles", "nombre": null, "osm_id": "917083579"}, "geometry": {"type": "LineString", "coordinates": [[-54.9041775, -27.116007], [-54.9044446, -27.115895], [-54.9052229, -27.1156913], [-54.905509, -27.1156607], [-54.9057436, -27.1156607], [-54.9059039, -27.1156913], [-54.9059955, -27.1158441], [-54.9060069, -27.1162108], [-54.9059153, -27.1163789], [-54.9058238, -27.1164655], [-54.9056921, -27.1164451], [-54.905572, -27.1163331], [-54.9051885, -27.1161497], [-54.9050397, -27.1160937], [-54.9047078, -27.1161497], [-54.9045304, -27.1161344], [-54.9041775, -27.116007]]}}, {"type": "Feature", "properties": {"capa": "edificios", "nombre": null, "osm_id": "917083580"}, "geometry": {"type": "Polygon", "coordinates": [[[-54.9032529, -27.1176437], [-54.902981, -27.1175616], [-54.9029442, -27.1176583], [-54.9031187, -27.117711], [-54.903104, -27.1177494], [-54.9031635, -27.1177674], [-54.9031713, -27.1177468], [-54.9032292, -27.1177643], [-54.903245, -27.1177229], [-54.903225, -27.1177169], [-54.9032529, -27.1176437]]]}}, {"type": "Feature", "properties": {"capa": "edificios", "nombre": null, "osm_id": "917083581"}, "geometry": {"type": "Polygon", "coordinates": [[[-54.9030018, -27.1174047], [-54.9027207, -27.117378], [-54.9027121, -27.1174501], [-54.9025384, -27.1174941], [-54.9025613, -27.1175655], [-54.9024182, -27.1176018], [-54.902428, -27.1176324], [-54.9023921, -27.1176415], [-54.9024061, -27.1176848], [-54.9025873, -27.1176387], [-54.9025758, -27.117603], [-54.9028622, -27.1175301], [-54.9028344, -27.1174437], [-54.9029953, -27.1174589], [-54.9030018, -27.1174047]]]}}, {"type": "Feature", "properties": {"capa": "edificios", "nombre": null, "osm_id": "917083582"}, "geometry": {"type": "Polygon", "coordinates": [[[-54.9031966, -27.1169504], [-54.9030383, -27.1170032], [-54.9030724, -27.1170841], [-54.9032307, -27.1170312], [-54.9031966, -27.1169504]]]}}, {"type": "Feature", "properties": {"capa": "agua", "nombre": null, "osm_id": "917094355"}, "geometry": {"type": "Polygon", "coordinates": [[[-54.8993949, -27.1174249], [-54.8994383, -27.1174775], [-54.8994146, -27.1175161], [-54.8994185, -27.1176003], [-54.8994028, -27.1176634], [-54.8993397, -27.1177055], [-54.8992806, -27.1176705], [-54.8992333, -27.1176108], [-54.8992254, -27.1175336], [-54.8992096, -27.117467], [-54.8992333, -27.1174108], [-54.8992766, -27.1173898], [-54.89932, -27.1174249], [-54.8993949, -27.1174249]]]}}, {"type": "Feature", "properties": {"capa": "calles", "nombre": "Islas Malvinas", "osm_id": "958252484"}, "geometry": {"type": "LineString", "coordinates": [[-54.8917836, -27.1084168], [-54.8916103, -27.1083161], [-54.8913573, -27.1081831], [-54.8902657, -27.1075135], [-54.8901076, -27.107416], [-54.8891906, -27.1068388], [-54.8883689, -27.1063336], [-54.887478, -27.1058392]]}}, {"type": "Feature", "properties": {"capa": "rutas", "nombre": "Corrientes", "osm_id": "958252485"}, "geometry": {"type": "LineString", "coordinates": [[-54.8892334, -27.1035743], [-54.8889608, -27.1038307], [-54.8883352, -27.1046429], [-54.8881692, -27.1048691], [-54.8875171, -27.1057293], [-54.887478, -27.1058392]]}}, {"type": "Feature", "properties": {"capa": "calles", "nombre": "Islas Malvinas", "osm_id": "958252486"}, "geometry": {"type": "LineString", "coordinates": [[-54.8832673, -27.1032189], [-54.8822983, -27.1026425], [-54.8820752, -27.1024646], [-54.8814673, -27.1020905], [-54.8813343, -27.1020682]]}}, {"type": "Feature", "properties": {"capa": "rutas", "nombre": "Avenida República del Paraguay", "osm_id": "958252487"}, "geometry": {"type": "LineString", "coordinates": [[-54.8832673, -27.1032189], [-54.8838748, -27.1024322], [-54.8839549, -27.1023286], [-54.8842158, -27.1019907]]}}, {"type": "Feature", "properties": {"capa": "caminos", "nombre": null, "osm_id": "1023736882"}, "geometry": {"type": "LineString", "coordinates": [[-54.9071803, -27.1188964], [-54.9077287, -27.121026], [-54.9077225, -27.1213114]]}}, {"type": "Feature", "properties": {"capa": "caminos", "nombre": null, "osm_id": "1023736883"}, "geometry": {"type": "LineString", "coordinates": [[-54.9087879, -27.1192736], [-54.9089997, -27.1205158], [-54.9090657, -27.1210452]]}}, {"type": "Feature", "properties": {"capa": "caminos", "nombre": null, "osm_id": "1023736884"}, "geometry": {"type": "LineString", "coordinates": [[-54.8944385, -27.1211305], [-54.8960368, -27.1221644], [-54.8965345, -27.1225031], [-54.8985949, -27.1237126], [-54.8986986, -27.1237271], [-54.8988394, -27.1235503], [-54.8990972, -27.1232021], [-54.8991862, -27.1230716], [-54.8994707, -27.1226312], [-54.9001011, -27.1218412], [-54.9008669, -27.1210168], [-54.900981, -27.1209238], [-54.9022553, -27.1207242], [-54.9025434, -27.1207001], [-54.9029495, -27.1209238], [-54.9031062, -27.121046], [-54.9032125, -27.1210942]]}}, {"type": "Feature", "properties": {"capa": "calles", "nombre": null, "osm_id": "1023736885"}, "geometry": {"type": "LineString", "coordinates": [[-54.9032125, -27.1210942], [-54.903355, -27.1210642], [-54.9039802, -27.1209324], [-54.9043805, -27.1208533], [-54.9044792, -27.1207552], [-54.9045071, -27.1207028], [-54.9045333, -27.1206536], [-54.9045855, -27.1202939], [-54.9046416, -27.1201768], [-54.9047368, -27.1201361]]}}, {"type": "Feature", "properties": {"capa": "calles", "nombre": null, "osm_id": "1023736886"}, "geometry": {"type": "LineString", "coordinates": [[-54.9045071, -27.1207028], [-54.9045487, -27.120774], [-54.9047966, -27.1215591], [-54.9048168, -27.1217259], [-54.9051397, -27.1229061], [-54.9051771, -27.123001], [-54.9051714, -27.1232243], [-54.9050762, -27.1234218], [-54.9049898, -27.1235655], [-54.9048946, -27.1236784], [-54.9048885, -27.1237671]]}}, {"type": "Feature", "properties": {"capa": "caminos", "nombre": null, "osm_id": "1023736887"}, "geometry": {"type": "LineString", "coordinates": [[-54.9077225, -27.1213114], [-54.9086699, -27.1223544], [-54.9093429, -27.123118], [-54.9093989, -27.1232478], [-54.9093204, -27.1233775], [-54.9084288, -27.1243857], [-54.9078288, -27.1248449], [-54.9076549, -27.1248698], [-54.907268, -27.1248648], [-54.9069259, -27.1248848], [-54.9066904, -27.1248798], [-54.9062306, -27.1249197], [-54.9060739, -27.1249211]]}}, {"type": "Feature", "properties": {"capa": "calles", "nombre": null, "osm_id": "1027406155"}, "geometry": {"type": "LineString", "coordinates": [[-54.8883352, -27.1046429], [-54.8881995, -27.1045665], [-54.8879718, -27.1047898], [-54.8875177, -27.1048253]]}}, {"type": "Feature", "properties": {"capa": "verde", "nombre": null, "osm_id": "1027687541"}, "geometry": {"type": "Polygon", "coordinates": [[[-54.8817115, -27.0780813], [-54.8783188, -27.0775352], [-54.8774627, -27.0797482], [-54.8779598, -27.0799572], [-54.8777989, -27.0817662], [-54.878187, -27.0819581], [-54.8795305, -27.0821622], [-54.8798712, -27.0820829], [-54.8807646, -27.0814621], [-54.8814069, -27.0799866], [-54.8813283, -27.0797259], [-54.8812926, -27.0795478], [-54.8813926, -27.0791216], [-54.8817115, -27.0780813]]]}}, {"type": "Feature", "properties": {"capa": "calles", "nombre": null, "osm_id": "1027687542"}, "geometry": {"type": "LineString", "coordinates": [[-54.886179, -27.0902861], [-54.8851261, -27.089915], [-54.8837739, -27.0894524], [-54.8830791, -27.0890194]]}}, {"type": "Feature", "properties": {"capa": "calles", "nombre": null, "osm_id": "1027687543"}, "geometry": {"type": "LineString", "coordinates": [[-54.8857119, -27.0891862], [-54.8851261, -27.089915], [-54.8844747, -27.0907799]]}}, {"type": "Feature", "properties": {"capa": "edificios", "nombre": "UR 6 - Aristóbulo del Valle - Dirección Provincial de Vialidad", "osm_id": "1029626641"}, "geometry": {"type": "Polygon", "coordinates": [[[-54.8966899, -27.0961179], [-54.896981, -27.0960938], [-54.8969981, -27.0962571], [-54.8967069, -27.0962812], [-54.8966899, -27.0961179]]]}}, {"type": "Feature", "properties": {"capa": "calles", "nombre": null, "osm_id": "1043347414"}, "geometry": {"type": "LineString", "coordinates": [[-54.8892216, -27.0942168], [-54.8892368, -27.0941788]]}}, {"type": "Feature", "properties": {"capa": "calles", "nombre": null, "osm_id": "1052581847"}, "geometry": {"type": "LineString", "coordinates": [[-54.8995606, -27.1071349], [-54.8992786, -27.1066826], [-54.8991618, -27.1065496], [-54.8987836, -27.106296], [-54.8984921, -27.1061078]]}}, {"type": "Feature", "properties": {"capa": "calles", "nombre": null, "osm_id": "1052581848"}, "geometry": {"type": "LineString", "coordinates": [[-54.8912929, -27.0967975], [-54.8914784, -27.0965012], [-54.8916481, -27.0962626]]}}, {"type": "Feature", "properties": {"capa": "calles", "nombre": null, "osm_id": "1052581850"}, "geometry": {"type": "LineString", "coordinates": [[-54.9010617, -27.0844975], [-54.9002532, -27.0843382]]}}, {"type": "Feature", "properties": {"capa": "calles", "nombre": null, "osm_id": "1052581851"}, "geometry": {"type": "LineString", "coordinates": [[-54.885051, -27.0879721], [-54.88458, -27.0885018], [-54.8837739, -27.0894524], [-54.8832814, -27.0900233]]}}, {"type": "Feature", "properties": {"capa": "calles", "nombre": null, "osm_id": "1052581852"}, "geometry": {"type": "LineString", "coordinates": [[-54.8761644, -27.0889273], [-54.87638, -27.0886653], [-54.8764295, -27.088555], [-54.8766546, -27.0878694], [-54.8767481, -27.0875845], [-54.876797, -27.0874665], [-54.876964, -27.0870646]]}}, {"type": "Feature", "properties": {"capa": "calles", "nombre": null, "osm_id": "1052581853"}, "geometry": {"type": "LineString", "coordinates": [[-54.876797, -27.0874665], [-54.8776632, -27.0875922], [-54.8784742, -27.0877098], [-54.8799334, -27.0879531]]}}, {"type": "Feature", "properties": {"capa": "calles", "nombre": null, "osm_id": "1052581854"}, "geometry": {"type": "LineString", "coordinates": [[-54.8781353, -27.0888603], [-54.8780505, -27.0888134], [-54.877371, -27.0886779], [-54.8776632, -27.0875922]]}}, {"type": "Feature", "properties": {"capa": "calles", "nombre": null, "osm_id": "1052581855"}, "geometry": {"type": "LineString", "coordinates": [[-54.8758318, -27.0884628], [-54.8764295, -27.088555], [-54.877371, -27.0886779]]}}, {"type": "Feature", "properties": {"capa": "edificios", "nombre": null, "osm_id": "1053460189"}, "geometry": {"type": "Polygon", "coordinates": [[[-54.8957527, -27.0917055], [-54.8958091, -27.0917589], [-54.8956917, -27.0918572], [-54.8956353, -27.0918037], [-54.8957527, -27.0917055]]]}}, {"type": "Feature", "properties": {"capa": "agua", "nombre": null, "osm_id": "1068820507"}, "geometry": {"type": "Polygon", "coordinates": [[[-54.9105906, -27.0893109], [-54.9107204, -27.0895553], [-54.9103928, -27.0896341], [-54.9103338, -27.0896683], [-54.9102335, -27.0895474], [-54.9102157, -27.0894344], [-54.9105906, -27.0893109]]]}}, {"type": "Feature", "properties": {"capa": "edificios", "nombre": null, "osm_id": "1068820508"}, "geometry": {"type": "Polygon", "coordinates": [[[-54.9015448, -27.0914247], [-54.90151, -27.0917733], [-54.9011869, -27.0917477], [-54.9012217, -27.0913991], [-54.9015448, -27.0914247]]]}}, {"type": "Feature", "properties": {"capa": "agua", "nombre": null, "osm_id": "1068820509"}, "geometry": {"type": "Polygon", "coordinates": [[[-54.9167889, -27.0872172], [-54.9169009, -27.0873035], [-54.9169883, -27.0873711], [-54.916956, -27.0874506], [-54.9168724, -27.0874979], [-54.9167927, -27.0875131], [-54.9167319, -27.0874692], [-54.9167338, -27.0874235], [-54.9167452, -27.087317], [-54.9167889, -27.0872172]]]}}, {"type": "Feature", "properties": {"capa": "edificios", "nombre": null, "osm_id": "1068820510"}, "geometry": {"type": "Polygon", "coordinates": [[[-54.8960966, -27.0973521], [-54.8960676, -27.0973924], [-54.8959149, -27.0973052], [-54.895944, -27.0972649], [-54.8960966, -27.0973521]]]}}, {"type": "Feature", "properties": {"capa": "caminos", "nombre": null, "osm_id": "1068820511"}, "geometry": {"type": "LineString", "coordinates": [[-54.8940961, -27.0987003], [-54.8939886, -27.0987971], [-54.8939977, -27.0989257], [-54.8939496, -27.0989951], [-54.8937271, -27.099136], [-54.8934634, -27.0995606], [-54.8933593, -27.0996448], [-54.8928442, -27.1000567], [-54.8925814, -27.1002358], [-54.8925461, -27.1003303], [-54.8923122, -27.1004895], [-54.8921172, -27.1007283], [-54.8920117, -27.1007978], [-54.891853, -27.1009929], [-54.8918076, -27.1011285], [-54.891732, -27.1011856], [-54.8915623, -27.1012285], [-54.8910623, -27.1015756], [-54.8909981, -27.1016164], [-54.890888, -27.101596], [-54.8908312, -27.1016489]]}}, {"type": "Feature", "properties": {"capa": "caminos", "nombre": null, "osm_id": "1068820512"}, "geometry": {"type": "LineString", "coordinates": [[-54.89095, -27.1017468], [-54.8907578, -27.1019888], [-54.8907307, -27.1020613], [-54.8906838, -27.1021272], [-54.8907702, -27.1022415], [-54.8907724, -27.1022909]]}}, {"type": "Feature", "properties": {"capa": "calles", "nombre": "Araucaria", "osm_id": "1072838155"}, "geometry": {"type": "LineString", "coordinates": [[-54.8885155, -27.0886163], [-54.8879488, -27.0892391], [-54.8877273, -27.0894926], [-54.8873947, -27.0898731], [-54.886307, -27.0912102], [-54.8862728, -27.0912368]]}}, {"type": "Feature", "properties": {"capa": "calles", "nombre": "López y Planes", "osm_id": "1072838156"}, "geometry": {"type": "LineString", "coordinates": [[-54.8908857, -27.0949829], [-54.8902635, -27.0957705], [-54.8901179, -27.0959473]]}}, {"type": "Feature", "properties": {"capa": "rutas", "nombre": "Avenida República del Paraguay", "osm_id": "1072838157"}, "geometry": {"type": "LineString", "coordinates": [[-54.8913407, -27.0928929], [-54.8911541, -27.0930542], [-54.8910052, -27.0932144], [-54.8905211, -27.0938293], [-54.8903776, -27.0939656], [-54.8903443, -27.0940108], [-54.8899895, -27.0944914], [-54.8899374, -27.0945621], [-54.8898111, -27.0947201], [-54.8892705, -27.0954998]]}}, {"type": "Feature", "properties": {"capa": "calles", "nombre": null, "osm_id": "1072838158"}, "geometry": {"type": "LineString", "coordinates": [[-54.8901179, -27.0959473], [-54.889956, -27.0958793], [-54.889819, -27.0957947], [-54.889638, -27.0956999], [-54.8892705, -27.0954998]]}}, {"type": "Feature", "properties": {"capa": "calles", "nombre": null, "osm_id": "1072838159"}, "geometry": {"type": "LineString", "coordinates": [[-54.8838748, -27.1024322], [-54.8826665, -27.1017181]]}}, {"type": "Feature", "properties": {"capa": "calles", "nombre": null, "osm_id": "1072838160"}, "geometry": {"type": "LineString", "coordinates": [[-54.8826665, -27.1017181], [-54.8830517, -27.1012424]]}}, {"type": "Feature", "properties": {"capa": "manzanas", "nombre": "Manzana 1", "osm_id": "1073040693"}, "geometry": {"type": "Polygon", "coordinates": [[[-54.9021148, -27.0906891], [-54.9010576, -27.0897396], [-54.9002194, -27.0902952], [-54.9007642, -27.090942], [-54.9021148, -27.0906891]]]}}, {"type": "Feature", "properties": {"capa": "manzanas", "nombre": "Manzana 3", "osm_id": "1073040694"}, "geometry": {"type": "Polygon", "coordinates": [[[-54.9006059, -27.0909668], [-54.9001076, -27.0903615], [-54.8989992, -27.0911576], [-54.8995161, -27.0910995], [-54.9006059, -27.0909668]]]}}, {"type": "Feature", "properties": {"capa": "manzanas", "nombre": "Manzana 8", "osm_id": "1073040695"}, "geometry": {"type": "Polygon", "coordinates": [[[-54.8983332, -27.090291], [-54.8989945, -27.0909378], [-54.8988304, -27.0911067], [-54.8981796, -27.091398], [-54.8975881, -27.0908549], [-54.8983332, -27.090291]]]}}, {"type": "Feature", "properties": {"capa": "manzanas", "nombre": "Manzana 12", "osm_id": "1073040696"}, "geometry": {"type": "Polygon", "coordinates": [[[-54.8974158, -27.0909627], [-54.897984, -27.0914934], [-54.8971597, -27.092049], [-54.8965589, -27.0914478], [-54.8974158, -27.0909627]]]}}, {"type": "Feature", "properties": {"capa": "manzanas", "nombre": "Manzana 3", "osm_id": "1073040697"}, "geometry": {"type": "Polygon", "coordinates": [[[-54.9005127, -27.0911659], [-54.8993392, -27.0912902], [-54.8998887, -27.0914229], [-54.8999912, -27.0916344], [-54.9005127, -27.0911659]]]}}, {"type": "Feature", "properties": {"capa": "manzanas", "nombre": "Manzana 6", "osm_id": "1073040698"}, "geometry": {"type": "Polygon", "coordinates": [[[-54.900862, -27.0922604], [-54.8999772, -27.0918583], [-54.8993019, -27.092447], [-54.8999492, -27.0930523], [-54.900862, -27.0922604]]]}}, {"type": "Feature", "properties": {"capa": "manzanas", "nombre": "Manzana 7", "osm_id": "1073040699"}, "geometry": {"type": "Polygon", "coordinates": [[[-54.8998561, -27.0917505], [-54.8995906, -27.0914768], [-54.8985521, -27.0917131], [-54.8991768, -27.0923093], [-54.8998561, -27.0917505]]]}}, {"type": "Feature", "properties": {"capa": "manzanas", "nombre": "Manzana 2", "osm_id": "1073040700"}, "geometry": {"type": "Polygon", "coordinates": [[[-54.9010856, -27.091568], [-54.9006711, -27.0912363], [-54.9001635, -27.0916717], [-54.9004382, -27.0918665], [-54.9009645, -27.0920573], [-54.9010856, -27.091568]]]}}, {"type": "Feature", "properties": {"capa": "manzanas", "nombre": "Manzana 11", "osm_id": "1073040701"}, "geometry": {"type": "Polygon", "coordinates": [[[-54.8989217, -27.0924699], [-54.8983193, -27.0918873], [-54.897644, -27.0924138], [-54.8982354, -27.0930026], [-54.8989217, -27.0924699]]]}}, {"type": "Feature", "properties": {"capa": "manzanas", "nombre": "Manzana 10", "osm_id": "1073040702"}, "geometry": {"type": "Polygon", "coordinates": [[[-54.8997582, -27.0932243], [-54.8990729, -27.0925749], [-54.8983798, -27.0931435], [-54.8990923, -27.0938069], [-54.8997582, -27.0932243]]]}}, {"type": "Feature", "properties": {"capa": "manzanas", "nombre": "Manzana 16", "osm_id": "1073040703"}, "geometry": {"type": "Polygon", "coordinates": [[[-54.8980405, -27.093226], [-54.8973737, -27.0925413], [-54.8966806, -27.0931099], [-54.8973931, -27.0937733], [-54.8980405, -27.093226]]]}}, {"type": "Feature", "properties": {"capa": "manzanas", "nombre": "Manzana 15", "osm_id": "1073040704"}, "geometry": {"type": "Polygon", "coordinates": [[[-54.8988442, -27.0939791], [-54.8981775, -27.0932944], [-54.8974844, -27.093863], [-54.8981969, -27.0945264], [-54.8988442, -27.0939791]]]}}, {"type": "Feature", "properties": {"capa": "manzanas", "nombre": "Manzana 23", "osm_id": "1073040705"}, "geometry": {"type": "Polygon", "coordinates": [[[-54.8971805, -27.0939447], [-54.8965138, -27.09326], [-54.8958207, -27.0938286], [-54.8965332, -27.094492], [-54.8971805, -27.0939447]]]}}, {"type": "Feature", "properties": {"capa": "manzanas", "nombre": "Manzana 22", "osm_id": "1073040706"}, "geometry": {"type": "Polygon", "coordinates": [[[-54.8979632, -27.0947509], [-54.8972965, -27.0940662], [-54.8966034, -27.0946348], [-54.8973159, -27.0952982], [-54.8979632, -27.0947509]]]}}, {"type": "Feature", "properties": {"capa": "manzanas", "nombre": "Manzana 31", "osm_id": "1073040707"}, "geometry": {"type": "Polygon", "coordinates": [[[-54.8963136, -27.0946978], [-54.8956468, -27.0940131], [-54.8949537, -27.0945817], [-54.8956663, -27.095245], [-54.8963136, -27.0946978]]]}}, {"type": "Feature", "properties": {"capa": "manzanas", "nombre": "Manzana 29", "osm_id": "1073040708"}, "geometry": {"type": "Polygon", "coordinates": [[[-54.8964339, -27.0947697], [-54.8960198, -27.0951321], [-54.896827, -27.0957321], [-54.897164, -27.0954383], [-54.8964339, -27.0947697]]]}}, {"type": "Feature", "properties": {"capa": "manzanas", "nombre": "Manzana 30", "osm_id": "1073040709"}, "geometry": {"type": "Polygon", "coordinates": [[[-54.8967421, -27.0957939], [-54.895978, -27.0951424], [-54.8952372, -27.0957801], [-54.8961783, -27.0965252], [-54.8967421, -27.0957939]]]}}, {"type": "Feature", "properties": {"capa": "manzanas", "nombre": "Manzana 43", "osm_id": "1073040710"}, "geometry": {"type": "Polygon", "coordinates": [[[-54.8960063, -27.0966901], [-54.8951289, -27.0958527], [-54.8947691, -27.0961682], [-54.8956343, -27.0971652], [-54.8960063, -27.0966901]]]}}, {"type": "Feature", "properties": {"capa": "manzanas", "nombre": "Manzana 32", "osm_id": "1073040711"}, "geometry": {"type": "Polygon", "coordinates": [[[-54.8955454, -27.095308], [-54.8948621, -27.0946709], [-54.8940414, -27.0953656], [-54.8946275, -27.0960964], [-54.8955454, -27.095308]]]}}, {"type": "Feature", "properties": {"capa": "manzanas", "nombre": "Manzana 86", "osm_id": "1073040712"}, "geometry": {"type": "Polygon", "coordinates": [[[-54.8939494, -27.0966638], [-54.8934076, -27.0961146], [-54.8929731, -27.0961289], [-54.8922221, -27.0971461], [-54.8929409, -27.0976093], [-54.8939494, -27.0966638]]]}}, {"type": "Feature", "properties": {"capa": "manzanas", "nombre": "Manzana 85", "osm_id": "1073040713"}, "geometry": {"type": "Polygon", "coordinates": [[[-54.8944805, -27.097318], [-54.8940674, -27.0968548], [-54.8931501, -27.0977526], [-54.8938743, -27.0983877], [-54.8943464, -27.097915], [-54.8944805, -27.097318]]]}}, {"type": "Feature", "properties": {"capa": "manzanas", "nombre": "Manzana 87", "osm_id": "1073040714"}, "geometry": {"type": "Polygon", "coordinates": [[[-54.8927727, -27.0961389], [-54.891953, -27.0960767], [-54.8913756, -27.0967608], [-54.8920695, -27.0970842], [-54.8927727, -27.0961389]]]}}, {"type": "Feature", "properties": {"capa": "manzanas", "nombre": "Manzana 88", "osm_id": "1073040715"}, "geometry": {"type": "Polygon", "coordinates": [[[-54.8917621, -27.0959399], [-54.8909099, -27.0951812], [-54.8902392, -27.0959399], [-54.8909657, -27.0965701], [-54.8912172, -27.0966779], [-54.8917621, -27.0959399]]]}}, {"type": "Feature", "properties": {"capa": "manzanas", "nombre": "Manzana 89", "osm_id": "1073040716"}, "geometry": {"type": "Polygon", "coordinates": [[[-54.8907469, -27.0950029], [-54.8899971, -27.0946961], [-54.8894103, -27.0954714], [-54.8900576, -27.0958031], [-54.8907469, -27.0950029]]]}}, {"type": "Feature", "properties": {"capa": "manzanas", "nombre": "Manzana 90", "osm_id": "1073040717"}, "geometry": {"type": "Polygon", "coordinates": [[[-54.8937615, -27.0984261], [-54.8930371, -27.0978433], [-54.8922883, -27.0984896], [-54.8930148, -27.0990949], [-54.8937615, -27.0984261]]]}}, {"type": "Feature", "properties": {"capa": "manzanas", "nombre": "Manzana 91", "osm_id": "1073040718"}, "geometry": {"type": "Polygon", "coordinates": [[[-54.8928193, -27.0977144], [-54.8921387, -27.097275], [-54.8916291, -27.097951], [-54.8921859, -27.0984026], [-54.8928193, -27.0977144]]]}}, {"type": "Feature", "properties": {"capa": "manzanas", "nombre": "Manzana 92", "osm_id": "1073040719"}, "geometry": {"type": "Polygon", "coordinates": [[[-54.8919856, -27.0972044], [-54.8911381, -27.0968106], [-54.8908027, -27.0972708], [-54.8912265, -27.0975527], [-54.8911427, -27.0977931], [-54.8914454, -27.0979507], [-54.8919856, -27.0972044]]]}}, {"type": "Feature", "properties": {"capa": "manzanas", "nombre": "Manzana 93", "osm_id": "1073040720"}, "geometry": {"type": "Polygon", "coordinates": [[[-54.8910263, -27.0967774], [-54.8901601, -27.0960643], [-54.8896292, -27.0968354], [-54.8897689, -27.0969391], [-54.8903091, -27.0968686], [-54.8907375, -27.0972003], [-54.8910263, -27.0967774]]]}}, {"type": "Feature", "properties": {"capa": "manzanas", "nombre": "Manzana 94", "osm_id": "1073040721"}, "geometry": {"type": "Polygon", "coordinates": [[[-54.8899831, -27.0959731], [-54.8893078, -27.0955917], [-54.8887117, -27.0962923], [-54.8894289, -27.0967276], [-54.8899831, -27.0959731]]]}}, {"type": "Feature", "properties": {"capa": "manzanas", "nombre": "Manzana 99", "osm_id": "1073040722"}, "geometry": {"type": "Polygon", "coordinates": [[[-54.8893171, -27.0968479], [-54.8886745, -27.0964457], [-54.888069, -27.0971298], [-54.8887909, -27.0975734], [-54.8893171, -27.0968479]]]}}, {"type": "Feature", "properties": {"capa": "manzanas", "nombre": "Manzana 98", "osm_id": "1073040723"}, "geometry": {"type": "Polygon", "coordinates": [[[-54.8907422, -27.0973785], [-54.8901414, -27.0969557], [-54.8890098, -27.0976729], [-54.8898248, -27.0981828], [-54.890351, -27.0977807], [-54.8904907, -27.0978222], [-54.8907422, -27.0973785]]]}}, {"type": "Feature", "properties": {"capa": "manzanas", "nombre": "Manzana 97", "osm_id": "1073040724"}, "geometry": {"type": "Polygon", "coordinates": [[[-54.8913243, -27.0979921], [-54.8910309, -27.0978222], [-54.8909657, -27.0975278], [-54.8908633, -27.0974822], [-54.8906025, -27.097959], [-54.8903231, -27.097988], [-54.8899971, -27.0982533], [-54.8907562, -27.0987052], [-54.8913243, -27.0979921]]]}}, {"type": "Feature", "properties": {"capa": "manzanas", "nombre": "Manzana 96", "osm_id": "1073040725"}, "geometry": {"type": "Polygon", "coordinates": [[[-54.8920555, -27.0985352], [-54.8915013, -27.0981041], [-54.8909425, -27.0988006], [-54.8913849, -27.099153], [-54.8920555, -27.0985352]]]}}, {"type": "Feature", "properties": {"capa": "manzanas", "nombre": "Manzana 95", "osm_id": "1073040726"}, "geometry": {"type": "Polygon", "coordinates": [[[-54.8929077, -27.0992069], [-54.8922045, -27.0986264], [-54.8915339, -27.0992608], [-54.8922977, -27.0998495], [-54.8929077, -27.0992069]]]}}, {"type": "Feature", "properties": {"capa": "manzanas", "nombre": "Manzana 100", "osm_id": "1073047876"}, "geometry": {"type": "Polygon", "coordinates": [[[-54.8921486, -27.0999655], [-54.8914268, -27.0993644], [-54.8907608, -27.1000029], [-54.8914547, -27.1006372], [-54.8921486, -27.0999655]]]}}, {"type": "Feature", "properties": {"capa": "manzanas", "nombre": "Manzana 101", "osm_id": "1073047877"}, "geometry": {"type": "Polygon", "coordinates": [[[-54.8913057, -27.0992483], [-54.8906584, -27.0988793], [-54.8900343, -27.0995717], [-54.8905932, -27.0999199], [-54.8913057, -27.0992483]]]}}, {"type": "Feature", "properties": {"capa": "manzanas", "nombre": "Manzana 102", "osm_id": "1073047878"}, "geometry": {"type": "Polygon", "coordinates": [[[-54.8904628, -27.0987881], [-54.8898713, -27.0983901], [-54.8893358, -27.0990991], [-54.8899365, -27.0994971], [-54.8904628, -27.0987881]]]}}, {"type": "Feature", "properties": {"capa": "manzanas", "nombre": "Manzana 103", "osm_id": "1073047879"}, "geometry": {"type": "Polygon", "coordinates": [[[-54.8897409, -27.0982948], [-54.8888514, -27.097789], [-54.8883531, -27.0985311], [-54.8892054, -27.0990244], [-54.8897409, -27.0982948]]]}}, {"type": "Feature", "properties": {"capa": "manzanas", "nombre": "Manzana 104", "osm_id": "1073047880"}, "geometry": {"type": "Polygon", "coordinates": [[[-54.8886558, -27.0976605], [-54.8879573, -27.0972749], [-54.8874124, -27.097959], [-54.888246, -27.0984689], [-54.8886558, -27.0976605]]]}}, {"type": "Feature", "properties": {"capa": "manzanas", "nombre": "Manzana 108", "osm_id": "1073047881"}, "geometry": {"type": "Polygon", "coordinates": [[[-54.8880458, -27.0985269], [-54.8873798, -27.098158], [-54.8868303, -27.0988337], [-54.8874869, -27.0992483], [-54.8880458, -27.0985269]]]}}, {"type": "Feature", "properties": {"capa": "manzanas", "nombre": "Manzana 107", "osm_id": "1073047882"}, "geometry": {"type": "Polygon", "coordinates": [[[-54.8890843, -27.0991778], [-54.8881855, -27.0986513], [-54.8876453, -27.0993354], [-54.8885487, -27.0998868], [-54.8890843, -27.0991778]]]}}, {"type": "Feature", "properties": {"capa": "manzanas", "nombre": "Manzana 106", "osm_id": "1073047883"}, "geometry": {"type": "Polygon", "coordinates": [[[-54.8904721, -27.1000277], [-54.8892147, -27.0992856], [-54.8886465, -27.1000402], [-54.8898015, -27.1006703], [-54.8904721, -27.1000277]]]}}, {"type": "Feature", "properties": {"capa": "manzanas", "nombre": "Manzana 105", "osm_id": "1073047884"}, "geometry": {"type": "Polygon", "coordinates": [[[-54.8913569, -27.1007325], [-54.8906397, -27.1001397], [-54.8900064, -27.1007906], [-54.8906956, -27.1014], [-54.8913569, -27.1007325]]]}}, {"type": "Feature", "properties": {"capa": "manzanas", "nombre": "Manzana 109", "osm_id": "1073047885"}, "geometry": {"type": "Polygon", "coordinates": [[[-54.8905792, -27.1015326], [-54.8898434, -27.1009398], [-54.8893544, -27.1015409], [-54.8901275, -27.1020882], [-54.8905792, -27.1015326]]]}}, {"type": "Feature", "properties": {"capa": "manzanas", "nombre": "Manzana 110", "osm_id": "1073047886"}, "geometry": {"type": "Polygon", "coordinates": [[[-54.8896524, -27.1008237], [-54.8885627, -27.100148], [-54.888097, -27.1008113], [-54.8891681, -27.1014663], [-54.8896524, -27.1008237]]]}}, {"type": "Feature", "properties": {"capa": "manzanas", "nombre": "Manzana 111", "osm_id": "1073047887"}, "geometry": {"type": "Polygon", "coordinates": [[[-54.8883857, -27.1000319], [-54.8875102, -27.0994971], [-54.8871749, -27.0998951], [-54.8869467, -27.1001853], [-54.887934, -27.1007491], [-54.8883857, -27.1000319]]]}}, {"type": "Feature", "properties": {"capa": "manzanas", "nombre": "Manzana 112", "osm_id": "1073047888"}, "geometry": {"type": "Polygon", "coordinates": [[[-54.8873705, -27.0993851], [-54.8866812, -27.098983], [-54.886162, -27.0996042], [-54.8868629, -27.1000029], [-54.8873705, -27.0993851]]]}}, {"type": "Feature", "properties": {"capa": "manzanas", "nombre": "Manzana 116", "osm_id": "1073047889"}, "geometry": {"type": "Polygon", "coordinates": [[[-54.8867464, -27.1001645], [-54.8860712, -27.0997583], [-54.885489, -27.1004672], [-54.8861829, -27.1008693], [-54.8867464, -27.1001645]]]}}, {"type": "Feature", "properties": {"capa": "manzanas", "nombre": "Manzana 115", "osm_id": "1073047890"}, "geometry": {"type": "Polygon", "coordinates": [[[-54.8878734, -27.100803], [-54.8869234, -27.1002931], [-54.88629, -27.1011139], [-54.8872098, -27.1015484], [-54.887431, -27.1016529], [-54.8878734, -27.100803]]]}}, {"type": "Feature", "properties": {"capa": "manzanas", "nombre": "Manzana 114", "osm_id": "1073047891"}, "geometry": {"type": "Polygon", "coordinates": [[[-54.8890377, -27.1016404], [-54.8879154, -27.1009688], [-54.8874962, -27.1016736], [-54.8886419, -27.1021421], [-54.8890377, -27.1016404]]]}}, {"type": "Feature", "properties": {"capa": "manzanas", "nombre": "Manzana 113", "osm_id": "1073047892"}, "geometry": {"type": "Polygon", "coordinates": [[[-54.8900788, -27.1022185], [-54.8892245, -27.1017034], [-54.8888295, -27.1021756], [-54.8898583, -27.10247], [-54.8900788, -27.1022185]]]}}, {"type": "Feature", "properties": {"capa": "manzanas", "nombre": "Manzana 120", "osm_id": "1073047893"}, "geometry": {"type": "Polygon", "coordinates": [[[-54.8861712, -27.1010284], [-54.8853851, -27.1005781], [-54.8852144, -27.1009253], [-54.8860097, -27.1012535], [-54.8861712, -27.1010284]]]}}, {"type": "Feature", "properties": {"capa": "manzanas", "nombre": "Manzana 263", "osm_id": "1073047894"}, "geometry": {"type": "Polygon", "coordinates": [[[-54.8852375, -27.1004862], [-54.8843387, -27.0999058], [-54.8838125, -27.1005857], [-54.8846554, -27.1008759], [-54.8852375, -27.1004862]]]}}, {"type": "Feature", "properties": {"capa": "manzanas", "nombre": "Manzana 261", "osm_id": "1073047895"}, "geometry": {"type": "Polygon", "coordinates": [[[-54.8859268, -27.0996156], [-54.8850885, -27.0991678], [-54.8845017, -27.0998104], [-54.885326, -27.1003743], [-54.8859268, -27.0996156]]]}}, {"type": "Feature", "properties": {"capa": "manzanas", "nombre": "Manzana 262", "osm_id": "1073047896"}, "geometry": {"type": "Polygon", "coordinates": [[[-54.8848823, -27.0990159], [-54.8842678, -27.0987136], [-54.8837139, -27.0993614], [-54.8843042, -27.0997105], [-54.8848823, -27.0990159]]]}}, {"type": "Feature", "properties": {"capa": "manzanas", "nombre": "Manzana 240", "osm_id": "1073047897"}, "geometry": {"type": "Polygon", "coordinates": [[[-54.881821, -27.0983547], [-54.8812631, -27.0980061], [-54.8802385, -27.0993241], [-54.8805497, -27.0995534], [-54.8808876, -27.0995963], [-54.881821, -27.0983547]]]}}, {"type": "Feature", "properties": {"capa": "manzanas", "nombre": "Manzana 287", "osm_id": "1073047898"}, "geometry": {"type": "Polygon", "coordinates": [[[-54.8824701, -27.0975333], [-54.8818693, -27.0971847], [-54.8813758, -27.0978342], [-54.8818961, -27.0981923], [-54.8824701, -27.0975333]]]}}, {"type": "Feature", "properties": {"capa": "manzanas", "nombre": "Manzana 406", "osm_id": "1073047899"}, "geometry": {"type": "Polygon", "coordinates": [[[-54.8831568, -27.0979345], [-54.8826525, -27.0976575], [-54.8817406, -27.0989325], [-54.8825077, -27.0993337], [-54.8828081, -27.0989946], [-54.8825774, -27.0988036], [-54.8831568, -27.0979345]]]}}, {"type": "Feature", "properties": {"capa": "manzanas", "nombre": "Manzana 292", "osm_id": "1073047900"}, "geometry": {"type": "Polygon", "coordinates": [[[-54.8830763, -27.0967358], [-54.8824647, -27.0964206], [-54.8820195, -27.097051], [-54.8826042, -27.0974139], [-54.8830763, -27.0967358]]]}}, {"type": "Feature", "properties": {"capa": "manzanas", "nombre": "Manzana 234", "osm_id": "1073047901"}, "geometry": {"type": "Polygon", "coordinates": [[[-54.8864646, -27.0988104], [-54.8856428, -27.0983593], [-54.8851395, -27.0989508], [-54.8859826, -27.0994595], [-54.8864646, -27.0988104]]]}}, {"type": "Feature", "properties": {"capa": "manzanas", "nombre": "Manzana 233", "osm_id": "1073047902"}, "geometry": {"type": "Polygon", "coordinates": [[[-54.8868539, -27.0983373], [-54.886273, -27.0980458], [-54.8865511, -27.0976112], [-54.8862669, -27.0975067], [-54.8857663, -27.0982878], [-54.8865326, -27.0987224], [-54.8868539, -27.0983373]]]}}, {"type": "Feature", "properties": {"capa": "manzanas", "nombre": "Manzana 311", "osm_id": "1073047903"}, "geometry": {"type": "Polygon", "coordinates": [[[-54.8861186, -27.0973472], [-54.8851113, -27.0967201], [-54.8845738, -27.0974902], [-54.8855624, -27.0980348], [-54.8861186, -27.0973472]]]}}, {"type": "Feature", "properties": {"capa": "manzanas", "nombre": "Manzana 239", "osm_id": "1073047904"}, "geometry": {"type": "Polygon", "coordinates": [[[-54.8850125, -27.096599], [-54.8839249, -27.0959774], [-54.8833441, -27.0966981], [-54.8844316, -27.0973692], [-54.8850125, -27.096599]]]}}, {"type": "Feature", "properties": {"capa": "manzanas", "nombre": "Manzana 256", "osm_id": "1073047905"}, "geometry": {"type": "Polygon", "coordinates": [[[-54.8838075, -27.0959004], [-54.8831711, -27.0955209], [-54.8825593, -27.0962745], [-54.8831649, -27.0966156], [-54.8838075, -27.0959004]]]}}, {"type": "Feature", "properties": {"capa": "manzanas", "nombre": "Manzana 255", "osm_id": "1073057089"}, "geometry": {"type": "Polygon", "coordinates": [[[-54.8843946, -27.0950588], [-54.8837952, -27.0946737], [-54.8832452, -27.0953888], [-54.8838508, -27.0957299], [-54.8843946, -27.0950588]]]}}, {"type": "Feature", "properties": {"capa": "manzanas", "nombre": "Manzana 232", "osm_id": "1073057090"}, "geometry": {"type": "Polygon", "coordinates": [[[-54.8855253, -27.0958014], [-54.8845923, -27.0951413], [-54.8839805, -27.0958289], [-54.8850434, -27.096412], [-54.8855253, -27.0958014]]]}}, {"type": "Feature", "properties": {"capa": "manzanas", "nombre": "Manzana 231", "osm_id": "1073057091"}, "geometry": {"type": "Polygon", "coordinates": [[[-54.8867983, -27.0965165], [-54.8857787, -27.0958949], [-54.8852226, -27.096544], [-54.8862421, -27.0971656], [-54.8867983, -27.0965165]]]}}, {"type": "Feature", "properties": {"capa": "manzanas", "nombre": "Manzana 230", "osm_id": "1073057092"}, "geometry": {"type": "Polygon", "coordinates": [[[-54.8873235, -27.0968741], [-54.8869157, -27.0966156], [-54.8863904, -27.0972757], [-54.8867612, -27.0974517], [-54.8873235, -27.0968741]]]}}, {"type": "Feature", "properties": {"capa": "manzanas", "nombre": "Manzana 380", "osm_id": "1073057093"}, "geometry": {"type": "Polygon", "coordinates": [[[-54.8878706, -27.097153], [-54.8873763, -27.0968699], [-54.8867553, -27.0976031], [-54.8872462, -27.0979181], [-54.8878706, -27.097153]]]}}, {"type": "Feature", "properties": {"capa": "manzanas", "nombre": "Manzana 381", "osm_id": "1073057094"}, "geometry": {"type": "Polygon", "coordinates": [[[-54.8870887, -27.0979798], [-54.8866561, -27.0977377], [-54.886409, -27.0980458], [-54.8869219, -27.0982823], [-54.8870887, -27.0979798]]]}}, {"type": "Feature", "properties": {"capa": "manzanas", "nombre": "Manzana 379", "osm_id": "1073057095"}, "geometry": {"type": "Polygon", "coordinates": [[[-54.8885261, -27.0963154], [-54.8879952, -27.0960003], [-54.8877064, -27.0964025], [-54.8875388, -27.0968378], [-54.8879207, -27.0970202], [-54.8885261, -27.0963154]]]}}, {"type": "Feature", "properties": {"capa": "manzanas", "nombre": "Manzana 226", "osm_id": "1073057096"}, "geometry": {"type": "Polygon", "coordinates": [[[-54.8864025, -27.0960459], [-54.8874503, -27.0966885], [-54.8875993, -27.0965227], [-54.8873153, -27.0954157], [-54.8863745, -27.0956645], [-54.8864025, -27.0960459]]]}}, {"type": "Feature", "properties": {"capa": "manzanas", "nombre": "Manzana 229", "osm_id": "1073057097"}, "geometry": {"type": "Polygon", "coordinates": [[[-54.8862302, -27.0959381], [-54.8861882, -27.0956935], [-54.8859554, -27.0957433], [-54.8862302, -27.0959381]]]}}, {"type": "Feature", "properties": {"capa": "manzanas", "nombre": "Manzana 249", "osm_id": "1073057098"}, "geometry": {"type": "Polygon", "coordinates": [[[-54.8880138, -27.0953245], [-54.8874922, -27.0952997], [-54.8877158, -27.0962988], [-54.8879672, -27.0958759], [-54.8880138, -27.0953245]]]}}, {"type": "Feature", "properties": {"capa": "manzanas", "nombre": "Manzana 378", "osm_id": "1073057099"}, "geometry": {"type": "Polygon", "coordinates": [[[-54.8891082, -27.095536], [-54.8884795, -27.0953162], [-54.8881023, -27.0952997], [-54.8880464, -27.095623], [-54.8883026, -27.095706], [-54.8881442, -27.0959423], [-54.8885727, -27.0961786], [-54.8891082, -27.095536]]]}}, {"type": "Feature", "properties": {"capa": "manzanas", "nombre": "Manzana 377", "osm_id": "1073057100"}, "geometry": {"type": "Polygon", "coordinates": [[[-54.8897136, -27.0946322], [-54.8889732, -27.0944414], [-54.8884749, -27.0951753], [-54.8891315, -27.0953701], [-54.8897136, -27.0946322]]]}}, {"type": "Feature", "properties": {"capa": "manzanas", "nombre": "Manzana 247", "osm_id": "1073057101"}, "geometry": {"type": "Polygon", "coordinates": [[[-54.8888672, -27.094385], [-54.8881758, -27.0942163], [-54.8880775, -27.0951881], [-54.8884074, -27.0951787], [-54.8888672, -27.094385]]]}}, {"type": "Feature", "properties": {"capa": "manzanas", "nombre": "Manzana 248", "osm_id": "1073057102"}, "geometry": {"type": "Polygon", "coordinates": [[[-54.8879968, -27.0941132], [-54.8876493, -27.0940725], [-54.8872281, -27.0941663], [-54.8874176, -27.0951443], [-54.8879722, -27.0951599], [-54.8879968, -27.0941132]]]}}, {"type": "Feature", "properties": {"capa": "manzanas", "nombre": "Manzana 227", "osm_id": "1073057103"}, "geometry": {"type": "Polygon", "coordinates": [[[-54.8870566, -27.0942143], [-54.8861439, -27.0944962], [-54.8863348, -27.0954746], [-54.8872941, -27.0952217], [-54.8870566, -27.0942143]]]}}, {"type": "Feature", "properties": {"capa": "manzanas", "nombre": "Manzana 228", "osm_id": "1073057104"}, "geometry": {"type": "Polygon", "coordinates": [[[-54.8861578, -27.0955202], [-54.8859669, -27.0945501], [-54.8848166, -27.0949357], [-54.885082, -27.0952217], [-54.8857946, -27.0956819], [-54.8861578, -27.0955202]]]}}, {"type": "Feature", "properties": {"capa": "manzanas", "nombre": "Manzana 196", "osm_id": "1073057105"}, "geometry": {"type": "Polygon", "coordinates": [[[-54.8863522, -27.0934959], [-54.8859448, -27.0936348], [-54.8855957, -27.0929943], [-54.8860057, -27.0928271], [-54.8863522, -27.0934959]]]}}, {"type": "Feature", "properties": {"capa": "manzanas", "nombre": "Manzana 195", "osm_id": "1073057106"}, "geometry": {"type": "Polygon", "coordinates": [[[-54.8857306, -27.0923749], [-54.8850468, -27.0926305], [-54.8852163, -27.0930032], [-54.88592, -27.0927122], [-54.8857306, -27.0923749]]]}}, {"type": "Feature", "properties": {"capa": "manzanas", "nombre": "Manzana 225", "osm_id": "1073057107"}, "geometry": {"type": "Polygon", "coordinates": [[[-54.8900799, -27.0918155], [-54.8895176, -27.0913039], [-54.8887638, -27.0919035], [-54.8886834, -27.092063], [-54.8894991, -27.0923106], [-54.8900799, -27.0918155]]]}}, {"type": "Feature", "properties": {"capa": "manzanas", "nombre": "Manzana 58", "osm_id": "1073057108"}, "geometry": {"type": "Polygon", "coordinates": [[[-54.8912231, -27.0929267], [-54.8902159, -27.092008], [-54.8894744, -27.0925086], [-54.8893137, -27.0928992], [-54.8907411, -27.0934218], [-54.8912231, -27.0929267]]]}}, {"type": "Feature", "properties": {"capa": "manzanas", "nombre": "Manzana 194", "osm_id": "1073057109"}, "geometry": {"type": "Polygon", "coordinates": [[[-54.8906175, -27.0935098], [-54.8892643, -27.0930973], [-54.8891098, -27.0934548], [-54.890358, -27.0938179], [-54.8906175, -27.0935098]]]}}, {"type": "Feature", "properties": {"capa": "manzanas", "nombre": "Manzana 352", "osm_id": "1073057110"}, "geometry": {"type": "Polygon", "coordinates": [[[-54.8915688, -27.0937933], [-54.8905267, -27.093872], [-54.8916053, -27.094599], [-54.8915688, -27.0937933]]]}}, {"type": "Feature", "properties": {"capa": "manzanas", "nombre": "Manzana 57", "osm_id": "1073057111"}, "geometry": {"type": "Polygon", "coordinates": [[[-54.8918064, -27.0934434], [-54.891392, -27.0930555], [-54.8906699, -27.0937282], [-54.8915657, -27.0936686], [-54.8918064, -27.0934434]]]}}, {"type": "Feature", "properties": {"capa": "manzanas", "nombre": "Manzana 48", "osm_id": "1073057112"}, "geometry": {"type": "Polygon", "coordinates": [[[-54.8927034, -27.0944024], [-54.8918773, -27.093624], [-54.891711, -27.093772], [-54.8917271, -27.0946746], [-54.8921885, -27.0950042], [-54.8927034, -27.0944024]]]}}, {"type": "Feature", "properties": {"capa": "manzanas", "nombre": "Manzana 47", "osm_id": "1073057113"}, "geometry": {"type": "Polygon", "coordinates": [[[-54.8935135, -27.0951045], [-54.8927893, -27.0944359], [-54.8922636, -27.0950328], [-54.8926874, -27.0953241], [-54.8931326, -27.0953623], [-54.8935135, -27.0951045]]]}}, {"type": "Feature", "properties": {"capa": "manzanas", "nombre": "Manzana 44", "osm_id": "1073057114"}, "geometry": {"type": "Polygon", "coordinates": [[[-54.8945053, -27.0943019], [-54.8937238, -27.0937138], [-54.892958, -27.094337], [-54.8936476, -27.094966], [-54.8945053, -27.0943019]]]}}, {"type": "Feature", "properties": {"capa": "manzanas", "nombre": "Manzana 45", "osm_id": "1073057115"}, "geometry": {"type": "Polygon", "coordinates": [[[-54.8936412, -27.0936125], [-54.8931996, -27.0932107], [-54.8924835, -27.0938389], [-54.8928537, -27.0942114], [-54.8936412, -27.0936125]]]}}, {"type": "Feature", "properties": {"capa": "manzanas", "nombre": "Manzana 46", "osm_id": "1073057116"}, "geometry": {"type": "Polygon", "coordinates": [[[-54.893036, -27.0931321], [-54.8926391, -27.0927118], [-54.8920544, -27.0934043], [-54.8923279, -27.0936813], [-54.893036, -27.0931321]]]}}, {"type": "Feature", "properties": {"capa": "manzanas", "nombre": "Manzana 55", "osm_id": "1073057117"}, "geometry": {"type": "Polygon", "coordinates": [[[-54.8925318, -27.092602], [-54.8922153, -27.0923202], [-54.8915286, -27.0929219], [-54.8919363, -27.0932897], [-54.8925318, -27.092602]]]}}, {"type": "Feature", "properties": {"capa": "manzanas", "nombre": "Manzana 56", "osm_id": "1073057118"}, "geometry": {"type": "Polygon", "coordinates": [[[-54.8920973, -27.0921865], [-54.8910566, -27.0912074], [-54.8903377, -27.0918235], [-54.8913838, -27.0927739], [-54.8920973, -27.0921865]]]}}, {"type": "Feature", "properties": {"capa": "manzanas", "nombre": "Manzana 235", "osm_id": "1073057119"}, "geometry": {"type": "Polygon", "coordinates": [[[-54.8909386, -27.0910785], [-54.8904128, -27.0905722], [-54.8896833, -27.0911692], [-54.8902251, -27.0916611], [-54.8909386, -27.0910785]]]}}, {"type": "Feature", "properties": {"capa": "manzanas", "nombre": "Manzana 419", "osm_id": "1073057120"}, "geometry": {"type": "Polygon", "coordinates": [[[-54.8902895, -27.0904576], [-54.8897959, -27.0899609], [-54.8890771, -27.0905818], [-54.8895223, -27.0910355], [-54.8902895, -27.0904576]]]}}, {"type": "Feature", "properties": {"capa": "manzanas", "nombre": "Manzana 394", "osm_id": "1073057121"}, "geometry": {"type": "Polygon", "coordinates": [[[-54.8910486, -27.0898073], [-54.8910212, -27.0897304], [-54.8904879, -27.0893985], [-54.8899569, -27.0898415], [-54.8904558, -27.0903048], [-54.8910486, -27.0898073]]]}}, {"type": "Feature", "properties": {"capa": "manzanas", "nombre": "Manzana 236", "osm_id": "1073057122"}, "geometry": {"type": "Polygon", "coordinates": [[[-54.8902841, -27.0893496], [-54.8889215, -27.0883562], [-54.8886533, -27.0886189], [-54.8898228, -27.0897317], [-54.8902841, -27.0893496]]]}}, {"type": "Feature", "properties": {"capa": "manzanas", "nombre": "Manzana 351", "osm_id": "1073067224"}, "geometry": {"type": "Polygon", "coordinates": [[[-54.8866928, -27.090578], [-54.8861861, -27.0903689], [-54.8857412, -27.0909631], [-54.8862726, -27.0911446], [-54.8866928, -27.090578]]]}}, {"type": "Feature", "properties": {"capa": "manzanas", "nombre": "Manzana 350", "osm_id": "1073067225"}, "geometry": {"type": "Polygon", "coordinates": [[[-54.8860007, -27.0903194], [-54.885148, -27.0900224], [-54.8846598, -27.090666], [-54.8855002, -27.0909521], [-54.8860007, -27.0903194]]]}}, {"type": "Feature", "properties": {"capa": "manzanas", "nombre": "Manzana 349", "osm_id": "1073067226"}, "geometry": {"type": "Polygon", "coordinates": [[[-54.884975, -27.0899729], [-54.8837638, -27.0895548], [-54.8831892, -27.090402], [-54.8844003, -27.0906825], [-54.884975, -27.0899729]]]}}, {"type": "Feature", "properties": {"capa": "manzanas", "nombre": "Manzana 346", "osm_id": "1073067227"}, "geometry": {"type": "Polygon", "coordinates": [[[-54.8883921, -27.088581], [-54.8879286, -27.0884215], [-54.8863529, -27.0903029], [-54.886736, -27.0904845], [-54.8883921, -27.088581]]]}}, {"type": "Feature", "properties": {"capa": "manzanas", "nombre": "Manzana 347", "osm_id": "1073067228"}, "geometry": {"type": "Polygon", "coordinates": [[[-54.8866125, -27.0896043], [-54.8857474, -27.0893402], [-54.8853457, -27.0898408], [-54.8861552, -27.0901709], [-54.8866125, -27.0896043]]]}}, {"type": "Feature", "properties": {"capa": "manzanas", "nombre": "Manzana 348", "osm_id": "1073067229"}, "geometry": {"type": "Polygon", "coordinates": [[[-54.8855805, -27.0892192], [-54.8846413, -27.0886525], [-54.8838874, -27.0894007], [-54.8850738, -27.0898023], [-54.8855805, -27.0892192]]]}}, {"type": "Feature", "properties": {"capa": "manzanas", "nombre": "Manzana 485", "osm_id": "1073067230"}, "geometry": {"type": "Polygon", "coordinates": [[[-54.8872551, -27.0888836], [-54.8866619, -27.0884875], [-54.8860007, -27.0892192], [-54.8863282, -27.0893237], [-54.886804, -27.0894612], [-54.8872551, -27.0888836]]]}}, {"type": "Feature", "properties": {"capa": "manzanas", "nombre": "Manzana 484", "osm_id": "1073067231"}, "geometry": {"type": "Polygon", "coordinates": [[[-54.8864642, -27.088383], [-54.885976, -27.0880419], [-54.8853457, -27.0887296], [-54.8858401, -27.0891091], [-54.8864642, -27.088383]]]}}, {"type": "Feature", "properties": {"capa": "manzanas", "nombre": "Manzana 483", "osm_id": "1073067232"}, "geometry": {"type": "Polygon", "coordinates": [[[-54.8858215, -27.0879429], [-54.885426, -27.0876623], [-54.8847154, -27.088471], [-54.8852098, -27.0886525], [-54.8858215, -27.0879429]]]}}, {"type": "Feature", "properties": {"capa": "manzanas", "nombre": "Manzana 486", "osm_id": "1073067233"}, "geometry": {"type": "Polygon", "coordinates": [[[-54.8876876, -27.0878108], [-54.8873787, -27.0875908], [-54.8868102, -27.0883004], [-54.8873416, -27.088669], [-54.8876876, -27.0878108]]]}}, {"type": "Feature", "properties": {"capa": "manzanas", "nombre": "Manzana 487", "osm_id": "1073067234"}, "geometry": {"type": "Polygon", "coordinates": [[[-54.8871933, -27.0875248], [-54.8866742, -27.0871782], [-54.886081, -27.0878823], [-54.8865445, -27.0882014], [-54.8871933, -27.0875248]]]}}, {"type": "Feature", "properties": {"capa": "manzanas", "nombre": "Manzana 482", "osm_id": "1073067235"}, "geometry": {"type": "Polygon", "coordinates": [[[-54.886563, -27.0871121], [-54.8861737, -27.0868921], [-54.88563, -27.0875743], [-54.8859884, -27.0878218], [-54.886563, -27.0871121]]]}}, {"type": "Feature", "properties": {"capa": "manzanas", "nombre": "Manzana 481", "osm_id": "1073067236"}, "geometry": {"type": "Polygon", "coordinates": [[[-54.88715, -27.0862924], [-54.8866372, -27.0861109], [-54.8861737, -27.0867876], [-54.8866742, -27.0870461], [-54.8868596, -27.0871341], [-54.88715, -27.0862924]]]}}, {"type": "Feature", "properties": {"capa": "manzanas", "nombre": "Manzana 215", "osm_id": "1073067237"}, "geometry": {"type": "Polygon", "coordinates": [[[-54.8904868, -27.0870461], [-54.8901531, -27.0868316], [-54.8896897, -27.0873762], [-54.8900048, -27.0875798], [-54.8904868, -27.0870461]]]}}, {"type": "Feature", "properties": {"capa": "manzanas", "nombre": "Manzana 216", "osm_id": "1073067238"}, "geometry": {"type": "Polygon", "coordinates": [[[-54.8898658, -27.0877503], [-54.8895321, -27.0875358], [-54.8890687, -27.0880804], [-54.8893838, -27.0882839], [-54.8898658, -27.0877503]]]}}, {"type": "Feature", "properties": {"capa": "manzanas", "nombre": "Manzana 214", "osm_id": "1073067239"}, "geometry": {"type": "Polygon", "coordinates": [[[-54.8909348, -27.0873707], [-54.8906011, -27.0871562], [-54.8901377, -27.0877008], [-54.8904528, -27.0879043], [-54.8909348, -27.0873707]]]}}, {"type": "Feature", "properties": {"capa": "manzanas", "nombre": "Manzana 217", "osm_id": "1073067240"}, "geometry": {"type": "Polygon", "coordinates": [[[-54.8902675, -27.0880969], [-54.8899338, -27.0878823], [-54.8894703, -27.088427], [-54.8897855, -27.0886305], [-54.8902675, -27.0880969]]]}}, {"type": "Feature", "properties": {"capa": "manzanas", "nombre": "Manzana 213", "osm_id": "1073067241"}, "geometry": {"type": "Polygon", "coordinates": [[[-54.89163, -27.0878548], [-54.8910862, -27.0874697], [-54.890839, -27.0877173], [-54.8913828, -27.0880749], [-54.89163, -27.0878548]]]}}, {"type": "Feature", "properties": {"capa": "manzanas", "nombre": "Manzana 218", "osm_id": "1073067242"}, "geometry": {"type": "Polygon", "coordinates": [[[-54.8912654, -27.0882014], [-54.8907154, -27.0878273], [-54.8898689, -27.0887626], [-54.8904436, -27.0891587], [-54.8912654, -27.0882014]]]}}, {"type": "Feature", "properties": {"capa": "manzanas", "nombre": "Manzana 250", "osm_id": "1073067243"}, "geometry": {"type": "Polygon", "coordinates": [[[-54.8916547, -27.0865235], [-54.8908946, -27.0859733], [-54.8902767, -27.0866885], [-54.8910121, -27.0872222], [-54.8916547, -27.0865235]]]}}, {"type": "Feature", "properties": {"capa": "manzanas", "nombre": "Manzana 383", "osm_id": "1073067244"}, "geometry": {"type": "Polygon", "coordinates": [[[-54.8907711, -27.0858633], [-54.890147, -27.0854397], [-54.8894672, -27.0861274], [-54.8901408, -27.0865565], [-54.8907711, -27.0858633]]]}}, {"type": "Feature", "properties": {"capa": "manzanas", "nombre": "Manzana 312", "osm_id": "1073067245"}, "geometry": {"type": "Polygon", "coordinates": [[[-54.8923834, -27.0869726], [-54.8918458, -27.086593], [-54.8911974, -27.0873157], [-54.8917591, -27.0876979], [-54.8923834, -27.0869726]]]}}, {"type": "Feature", "properties": {"capa": "manzanas", "nombre": "Manzana 313", "osm_id": "1073067246"}, "geometry": {"type": "Polygon", "coordinates": [[[-54.8932613, -27.0876348], [-54.8925345, -27.0870878], [-54.891908, -27.0877613], [-54.8927034, -27.0883115], [-54.8932613, -27.0876348]]]}}, {"type": "Feature", "properties": {"capa": "manzanas", "nombre": "Manzana 314", "osm_id": "1073067247"}, "geometry": {"type": "Polygon", "coordinates": [[[-54.8938298, -27.0880364], [-54.8934158, -27.0877503], [-54.8928411, -27.088438], [-54.8933107, -27.0887131], [-54.8938298, -27.0880364]]]}}, {"type": "Feature", "properties": {"capa": "manzanas", "nombre": "Manzana 388", "osm_id": "1073067248"}, "geometry": {"type": "Polygon", "coordinates": [[[-54.8947955, -27.088669], [-54.8942129, -27.0882894], [-54.8936938, -27.0889386], [-54.8942129, -27.0893347], [-54.8947955, -27.088669]]]}}, {"type": "Feature", "properties": {"capa": "manzanas", "nombre": "Manzana 337", "osm_id": "1073067249"}, "geometry": {"type": "Polygon", "coordinates": [[[-54.8955476, -27.0891587], [-54.894905, -27.0887736], [-54.8943303, -27.0894227], [-54.894905, -27.0898958], [-54.8955476, -27.0891587]]]}}, {"type": "Feature", "properties": {"capa": "manzanas", "nombre": "Manzana 338", "osm_id": "1073067250"}, "geometry": {"type": "Polygon", "coordinates": [[[-54.8961655, -27.0882564], [-54.8956032, -27.0879043], [-54.8950224, -27.0886085], [-54.8956465, -27.0889991], [-54.8961655, -27.0882564]]]}}, {"type": "Feature", "properties": {"capa": "manzanas", "nombre": "Manzana 339", "osm_id": "1073067251"}, "geometry": {"type": "Polygon", "coordinates": [[[-54.895492, -27.0878383], [-54.8949358, -27.0874807], [-54.8943365, -27.0881464], [-54.8948802, -27.088526], [-54.895492, -27.0878383]]]}}, {"type": "Feature", "properties": {"capa": "manzanas", "nombre": "Manzana 340", "osm_id": "1073067252"}, "geometry": {"type": "Polygon", "coordinates": [[[-54.8939039, -27.0868316], [-54.8931871, -27.0863254], [-54.892631, -27.0869856], [-54.893391, -27.0875082], [-54.8939039, -27.0868316]]]}}, {"type": "Feature", "properties": {"capa": "manzanas", "nombre": "Manzana 341", "osm_id": "1073067253"}, "geometry": {"type": "Polygon", "coordinates": [[[-54.8930883, -27.0861934], [-54.8925136, -27.0858083], [-54.8919328, -27.086485], [-54.8924827, -27.0868426], [-54.8930883, -27.0861934]]]}}, {"type": "Feature", "properties": {"capa": "manzanas", "nombre": "Manzana 382", "osm_id": "1073067254"}, "geometry": {"type": "Polygon", "coordinates": [[[-54.8923653, -27.0857368], [-54.8920996, -27.0860504], [-54.8913828, -27.0856598], [-54.8911171, -27.0859568], [-54.8909873, -27.0858248], [-54.8915991, -27.0851866], [-54.8923653, -27.0857368]]]}}, {"type": "Feature", "properties": {"capa": "manzanas", "nombre": "Manzana 384", "osm_id": "1073067255"}, "geometry": {"type": "Polygon", "coordinates": [[[-54.8929029, -27.084829], [-54.8922541, -27.0843999], [-54.8917597, -27.0850381], [-54.8923468, -27.0854782], [-54.8929029, -27.084829]]]}}, {"type": "Feature", "properties": {"capa": "manzanas", "nombre": "Manzana 438", "osm_id": "1073067256"}, "geometry": {"type": "Polygon", "coordinates": [[[-54.8936197, -27.0838442], [-54.8930635, -27.0834811], [-54.8923962, -27.0843229], [-54.8930141, -27.0846695], [-54.8936197, -27.0838442]]]}}, {"type": "Feature", "properties": {"capa": "manzanas", "nombre": "Manzana 408", "osm_id": "1073067257"}, "geometry": {"type": "Polygon", "coordinates": [[[-54.8969379, -27.0874532], [-54.8963076, -27.0871727], [-54.8957082, -27.0878108], [-54.8962829, -27.0881739], [-54.8969379, -27.0874532]]]}}, {"type": "Feature", "properties": {"capa": "manzanas", "nombre": "Manzana 389", "osm_id": "1073067258"}, "geometry": {"type": "Polygon", "coordinates": [[[-54.896147, -27.0870406], [-54.8957144, -27.0867325], [-54.8951274, -27.0873157], [-54.8955908, -27.0876843], [-54.896147, -27.0870406]]]}}, {"type": "Feature", "properties": {"capa": "manzanas", "nombre": "Manzana 183", "osm_id": "1073069840"}, "geometry": {"type": "Polygon", "coordinates": [[[-54.8973025, -27.0879869], [-54.8970244, -27.0877393], [-54.8964683, -27.0882454], [-54.8967958, -27.088482], [-54.8973025, -27.0879869]]]}}, {"type": "Feature", "properties": {"capa": "manzanas", "nombre": "Manzana 182", "osm_id": "1073069841"}, "geometry": {"type": "Polygon", "coordinates": [[[-54.8965919, -27.0886415], [-54.8963138, -27.0883885], [-54.8957577, -27.0891202], [-54.8959183, -27.0892247], [-54.8965919, -27.0886415]]]}}, {"type": "Feature", "properties": {"capa": "manzanas", "nombre": "Manzana 184", "osm_id": "1073069842"}, "geometry": {"type": "Polygon", "coordinates": [[[-54.8980872, -27.0888781], [-54.8974199, -27.0882729], [-54.8969256, -27.088636], [-54.8976114, -27.0892577], [-54.8980872, -27.0888781]]]}}, {"type": "Feature", "properties": {"capa": "manzanas", "nombre": "Manzana 141", "osm_id": "1073069843"}, "geometry": {"type": "Polygon", "coordinates": [[[-54.8974446, -27.0894172], [-54.8967278, -27.0887516], [-54.8960419, -27.0893677], [-54.8967464, -27.0899729], [-54.8974446, -27.0894172]]]}}, {"type": "Feature", "properties": {"capa": "manzanas", "nombre": "Manzana 140", "osm_id": "1073069844"}, "geometry": {"type": "Polygon", "coordinates": [[[-54.8965795, -27.0901709], [-54.8956897, -27.0893017], [-54.8953684, -27.0898133], [-54.8951027, -27.0900114], [-54.8958998, -27.090754], [-54.8965795, -27.0901709]]]}}, {"type": "Feature", "properties": {"capa": "manzanas", "nombre": "Manzana 138", "osm_id": "1073069845"}, "geometry": {"type": "Polygon", "coordinates": [[[-54.895731, -27.0909237], [-54.8948694, -27.0901194], [-54.8941197, -27.0907496], [-54.8949626, -27.0914835], [-54.895731, -27.0909237]]]}}, {"type": "Feature", "properties": {"capa": "manzanas", "nombre": "Manzana 135", "osm_id": "1073069846"}, "geometry": {"type": "Polygon", "coordinates": [[[-54.8948508, -27.0916452], [-54.8941057, -27.0909652], [-54.8935049, -27.0917032], [-54.894101, -27.0922256], [-54.8948508, -27.0916452]]]}}, {"type": "Feature", "properties": {"capa": "manzanas", "nombre": "Manzana 132", "osm_id": "1073069847"}, "geometry": {"type": "Polygon", "coordinates": [[[-54.8939427, -27.0923997], [-54.8933606, -27.0918608], [-54.8927318, -27.0925905], [-54.8931603, -27.0930051], [-54.8939427, -27.0923997]]]}}, {"type": "Feature", "properties": {"capa": "manzanas", "nombre": "Manzana 53", "osm_id": "1073069848"}, "geometry": {"type": "Polygon", "coordinates": [[[-54.8932581, -27.0917447], [-54.8930904, -27.0915622], [-54.8923267, -27.0922173], [-54.8925968, -27.0924827], [-54.8932581, -27.0917447]]]}}, {"type": "Feature", "properties": {"capa": "manzanas", "nombre": "Manzana 131", "osm_id": "1073069849"}, "geometry": {"type": "Polygon", "coordinates": [[[-54.8944501, -27.0929124], [-54.8940361, -27.0925328], [-54.8933379, -27.093127], [-54.893745, -27.0934997], [-54.8944501, -27.0929124]]]}}, {"type": "Feature", "properties": {"capa": "manzanas", "nombre": "Manzana 130", "osm_id": "1073069850"}, "geometry": {"type": "Polygon", "coordinates": [[[-54.8952317, -27.0936512], [-54.8945911, -27.0930243], [-54.8938594, -27.0936262], [-54.8946344, -27.0942003], [-54.8952317, -27.0936512]]]}}, {"type": "Feature", "properties": {"capa": "manzanas", "nombre": "Manzana 133", "osm_id": "1073069851"}, "geometry": {"type": "Polygon", "coordinates": [[[-54.8961198, -27.092899], [-54.8954632, -27.0922688], [-54.8947227, -27.0928742], [-54.8953793, -27.0935417], [-54.8961198, -27.092899]]]}}, {"type": "Feature", "properties": {"capa": "manzanas", "nombre": "Manzana 134", "osm_id": "1073069852"}, "geometry": {"type": "Polygon", "coordinates": [[[-54.89539, -27.0921249], [-54.8949893, -27.0917166], [-54.8941858, -27.0923689], [-54.8946097, -27.092762], [-54.89539, -27.0921249]]]}}, {"type": "Feature", "properties": {"capa": "manzanas", "nombre": "Manzana 136", "osm_id": "1073073218"}, "geometry": {"type": "Polygon", "coordinates": [[[-54.8969991, -27.0921933], [-54.8963927, -27.0915706], [-54.8956326, -27.0921141], [-54.8962593, -27.092744], [-54.8969991, -27.0921933]]]}}, {"type": "Feature", "properties": {"capa": "manzanas", "nombre": "Manzana 137", "osm_id": "1073073219"}, "geometry": {"type": "Polygon", "coordinates": [[[-54.8962828, -27.091424], [-54.8958308, -27.0909913], [-54.8950767, -27.0916562], [-54.8954899, -27.0920503], [-54.8962828, -27.091424]]]}}, {"type": "Feature", "properties": {"capa": "manzanas", "nombre": "Manzana 139", "osm_id": "1073073220"}, "geometry": {"type": "Polygon", "coordinates": [[[-54.8973379, -27.0908518], [-54.8967557, -27.0903227], [-54.8959795, -27.0909094], [-54.8964485, -27.0913197], [-54.8973379, -27.0908518]]]}}, {"type": "Feature", "properties": {"capa": "manzanas", "nombre": "Manzana 9", "osm_id": "1073073221"}, "geometry": {"type": "Polygon", "coordinates": [[[-54.898215, -27.0901493], [-54.8975414, -27.0895606], [-54.8968864, -27.0901438], [-54.8974735, -27.0906829], [-54.898215, -27.0901493]]]}}, {"type": "Feature", "properties": {"capa": "manzanas", "nombre": "Manzana 4", "osm_id": "1073073222"}, "geometry": {"type": "Polygon", "coordinates": [[[-54.8999143, -27.0902428], [-54.8992469, -27.0895661], [-54.8985116, -27.0901548], [-54.8991552, -27.0907811], [-54.8999143, -27.0902428]]]}}, {"type": "Feature", "properties": {"capa": "manzanas", "nombre": "Manzana 150", "osm_id": "1073073223"}, "geometry": {"type": "Polygon", "coordinates": [[[-54.9008535, -27.0895441], [-54.9001738, -27.088873], [-54.8993952, -27.0895276], [-54.8999822, -27.0901328], [-54.9008535, -27.0895441]]]}}, {"type": "Feature", "properties": {"capa": "manzanas", "nombre": "Manzana 5", "osm_id": "1073073224"}, "geometry": {"type": "Polygon", "coordinates": [[[-54.8991419, -27.0894506], [-54.8984498, -27.088829], [-54.8977206, -27.0894066], [-54.8983447, -27.0900448], [-54.8991419, -27.0894506]]]}}, {"type": "Feature", "properties": {"capa": "manzanas", "nombre": "Manzana 323", "osm_id": "1073073225"}, "geometry": {"type": "Polygon", "coordinates": [[[-54.8992407, -27.0893516], [-54.8993705, -27.0892856], [-54.899111, -27.0882513], [-54.8986043, -27.0886969], [-54.8992407, -27.0893516]]]}}, {"type": "Feature", "properties": {"capa": "manzanas", "nombre": "Manzana 322", "osm_id": "1073073226"}, "geometry": {"type": "Polygon", "coordinates": [[[-54.9000378, -27.0887905], [-54.8999451, -27.0885484], [-54.8998772, -27.0881798], [-54.8994755, -27.0879157], [-54.8992469, -27.0881138], [-54.899525, -27.089148], [-54.9000378, -27.0887905]]]}}, {"type": "Feature", "properties": {"capa": "manzanas", "nombre": "Manzana 324", "osm_id": "1073073227"}, "geometry": {"type": "Polygon", "coordinates": [[[-54.9007546, -27.089115], [-54.901113, -27.0887134], [-54.9008659, -27.0886694], [-54.9006681, -27.0884219], [-54.9007423, -27.0881303], [-54.9009215, -27.0879377], [-54.9000996, -27.0881413], [-54.9000811, -27.0884274], [-54.9001861, -27.0886254], [-54.9007546, -27.089115]]]}}, {"type": "Feature", "properties": {"capa": "manzanas", "nombre": "Manzana 325", "osm_id": "1073073228"}, "geometry": {"type": "Polygon", "coordinates": [[[-54.9017371, -27.0877727], [-54.9015826, -27.0876187], [-54.901181, -27.0879487], [-54.9010512, -27.0879267], [-54.9008659, -27.0883173], [-54.9009215, -27.0885319], [-54.9011501, -27.0885594], [-54.9012181, -27.0881853], [-54.9017371, -27.0877727]]]}}, {"type": "Feature", "properties": {"capa": "manzanas", "nombre": "Manzana 326", "osm_id": "1073073229"}, "geometry": {"type": "Polygon", "coordinates": [[[-54.9022809, -27.0885374], [-54.9018113, -27.0878937], [-54.9013849, -27.0882623], [-54.9013231, -27.0887024], [-54.9008659, -27.0892361], [-54.9010636, -27.0894286], [-54.9022809, -27.0885374]]]}}, {"type": "Feature", "properties": {"capa": "manzanas", "nombre": "Manzana 327", "osm_id": "1073073230"}, "geometry": {"type": "Polygon", "coordinates": [[[-54.8998092, -27.0879322], [-54.8997289, -27.0877012], [-54.8995744, -27.0878057], [-54.8998092, -27.0879322]]]}}, {"type": "Feature", "properties": {"capa": "manzanas", "nombre": "Manzana 321", "osm_id": "1073073231"}, "geometry": {"type": "Polygon", "coordinates": [[[-54.9007052, -27.0869255], [-54.9001552, -27.0868375], [-54.8998339, -27.0875031], [-54.9000502, -27.0880093], [-54.9008164, -27.0878167], [-54.9007114, -27.0874041], [-54.9007052, -27.0869255]]]}}, {"type": "Feature", "properties": {"capa": "manzanas", "nombre": "Manzana 320", "osm_id": "1073073232"}, "geometry": {"type": "Polygon", "coordinates": [[[-54.9015332, -27.0867879], [-54.900872, -27.0869035], [-54.9008473, -27.0873381], [-54.9010574, -27.0877947], [-54.9015023, -27.0875086], [-54.9015332, -27.0867879]]]}}, {"type": "Feature", "properties": {"capa": "manzanas", "nombre": "Manzana 319", "osm_id": "1073073233"}, "geometry": {"type": "Polygon", "coordinates": [[[-54.9015456, -27.0865899], [-54.901422, -27.0859407], [-54.9003839, -27.0859902], [-54.9001923, -27.0866669], [-54.9008041, -27.0867824], [-54.9015456, -27.0865899]]]}}, {"type": "Feature", "properties": {"capa": "manzanas", "nombre": "Manzana 318", "osm_id": "1073073234"}, "geometry": {"type": "Polygon", "coordinates": [[[-54.9024539, -27.0861113], [-54.902182, -27.0858307], [-54.9016074, -27.0859352], [-54.9017124, -27.0866064], [-54.9024539, -27.0861113]]]}}, {"type": "Feature", "properties": {"capa": "caminos", "nombre": null, "osm_id": "1073322117"}, "geometry": {"type": "LineString", "coordinates": [[-54.8946323, -27.0985818], [-54.8945716, -27.0985638], [-54.8944857, -27.0985456], [-54.8944101, -27.0985419], [-54.8943023, -27.0985696]]}}, {"type": "Feature", "properties": {"capa": "manzanas", "nombre": "Manzana 317", "osm_id": "1073842142"}, "geometry": {"type": "Polygon", "coordinates": [[[-54.9027597, -27.0865265], [-54.9025317, -27.0862851], [-54.9018908, -27.0866856], [-54.9017121, -27.086746], [-54.9017059, -27.087547], [-54.9026857, -27.0887375], [-54.9035484, -27.0891215], [-54.9035731, -27.0886936], [-54.9029568, -27.088529], [-54.9026611, -27.0877993], [-54.9027042, -27.0876347], [-54.9027597, -27.0865265]]]}}, {"type": "Feature", "properties": {"capa": "manzanas", "nombre": "Manzana 148", "osm_id": "1073842143"}, "geometry": {"type": "Polygon", "coordinates": [[[-54.9035755, -27.0893416], [-54.9027025, -27.0889308], [-54.9024044, -27.0886843], [-54.9019004, -27.0890572], [-54.90129, -27.089468], [-54.9011409, -27.0896007], [-54.9015952, -27.089904], [-54.9021772, -27.0893858], [-54.9034123, -27.089588], [-54.9035755, -27.0893416]]]}}, {"type": "Feature", "properties": {"capa": "manzanas", "nombre": "Manzana 166", "osm_id": "1073842144"}, "geometry": {"type": "Polygon", "coordinates": [[[-54.9034762, -27.0929878], [-54.9035046, -27.0927034], [-54.901077, -27.0924001], [-54.9007292, -27.0926655], [-54.9015171, -27.0933417], [-54.9034052, -27.0932469], [-54.9034762, -27.0929878]]]}}, {"type": "Feature", "properties": {"capa": "manzanas", "nombre": "Manzana 166", "osm_id": "1073842145"}, "geometry": {"type": "Polygon", "coordinates": [[[-54.9013467, -27.0934933], [-54.9005944, -27.0927792], [-54.9000691, -27.0932216], [-54.900857, -27.0939862], [-54.9013467, -27.0934933]]]}}, {"type": "Feature", "properties": {"capa": "manzanas", "nombre": "Manzana 167", "osm_id": "1073842146"}, "geometry": {"type": "Polygon", "coordinates": [[[-54.9006582, -27.0941442], [-54.8999271, -27.0933669], [-54.8989831, -27.0940936], [-54.8997923, -27.0948456], [-54.9006582, -27.0941442]]]}}, {"type": "Feature", "properties": {"capa": "manzanas", "nombre": "Manzana 169", "osm_id": "1073842147"}, "geometry": {"type": "Polygon", "coordinates": [[[-54.9017017, -27.0950857], [-54.9008286, -27.0942769], [-54.8999129, -27.0950225], [-54.9008144, -27.0957935], [-54.9017017, -27.0950857]]]}}, {"type": "Feature", "properties": {"capa": "manzanas", "nombre": "Manzana 170", "osm_id": "1073842148"}, "geometry": {"type": "Polygon", "coordinates": [[[-54.9023334, -27.0944728], [-54.9014887, -27.0936892], [-54.9009777, -27.0940999], [-54.9018862, -27.0949341], [-54.9023334, -27.0944728]]]}}, {"type": "Feature", "properties": {"capa": "manzanas", "nombre": "Manzana 171", "osm_id": "1073842149"}, "geometry": {"type": "Polygon", "coordinates": [[[-54.9025321, -27.094359], [-54.9030077, -27.0939041], [-54.9026386, -27.0936387], [-54.9017655, -27.0935375], [-54.9025321, -27.094359]]]}}, {"type": "Feature", "properties": {"capa": "manzanas", "nombre": "Manzana 172", "osm_id": "1073842150"}, "geometry": {"type": "Polygon", "coordinates": [[[-54.9036323, -27.0936007], [-54.9033839, -27.0933037], [-54.9027877, -27.0934428], [-54.9031248, -27.0937714], [-54.9036323, -27.0936007]]]}}, {"type": "Feature", "properties": {"capa": "manzanas", "nombre": "Manzana 173", "osm_id": "1073842151"}, "geometry": {"type": "Polygon", "coordinates": [[[-54.9032774, -27.0939672], [-54.903824, -27.0945676], [-54.9035826, -27.0953511], [-54.9024966, -27.0946813], [-54.9032774, -27.0939672]]]}}, {"type": "Feature", "properties": {"capa": "manzanas", "nombre": "Manzana 174", "osm_id": "1073842152"}, "geometry": {"type": "Polygon", "coordinates": [[[-54.9032419, -27.0954143], [-54.9030077, -27.0951805], [-54.902234, -27.0948393], [-54.9019785, -27.0950794], [-54.9027806, -27.0958187], [-54.9032419, -27.0954143]]]}}, {"type": "Feature", "properties": {"capa": "manzanas", "nombre": "Manzana 290", "osm_id": "1073842153"}, "geometry": {"type": "Polygon", "coordinates": [[[-54.9034336, -27.0955154], [-54.9029083, -27.0959514], [-54.9034194, -27.0963811], [-54.9035897, -27.095645], [-54.9034336, -27.0955154]]]}}, {"type": "Feature", "properties": {"capa": "manzanas", "nombre": "Manzana 175", "osm_id": "1073842154"}, "geometry": {"type": "Polygon", "coordinates": [[[-54.9030361, -27.096299], [-54.9018862, -27.0952563], [-54.9009209, -27.0959388], [-54.9009138, -27.0960399], [-54.9030361, -27.096299]]]}}, {"type": "Feature", "properties": {"capa": "manzanas", "nombre": "Manzana 13", "osm_id": "1073842155"}, "geometry": {"type": "Polygon", "coordinates": [[[-54.9006086, -27.0959388], [-54.8997426, -27.0951868], [-54.8989405, -27.0958314], [-54.9006086, -27.0959388]]]}}, {"type": "Feature", "properties": {"capa": "manzanas", "nombre": "Manzana 14", "osm_id": "1073842156"}, "geometry": {"type": "Polygon", "coordinates": [[[-54.8996148, -27.0950099], [-54.8988198, -27.0942895], [-54.8982946, -27.0947003], [-54.8990967, -27.095427], [-54.8996148, -27.0950099]]]}}, {"type": "Feature", "properties": {"capa": "manzanas", "nombre": "Manzana 21", "osm_id": "1073842157"}, "geometry": {"type": "Polygon", "coordinates": [[[-54.8986495, -27.0958124], [-54.8989192, -27.0955849], [-54.8981526, -27.0948266], [-54.8971163, -27.0956544], [-54.8986495, -27.0958124]]]}}, {"type": "Feature", "properties": {"capa": "manzanas", "nombre": "Manzana 19", "osm_id": "1073842158"}, "geometry": {"type": "Polygon", "coordinates": [[[-54.8996077, -27.0964443], [-54.8992315, -27.0961031], [-54.8986424, -27.0960652], [-54.8982804, -27.0963369], [-54.8990186, -27.0969625], [-54.8996077, -27.0964443]]]}}, {"type": "Feature", "properties": {"capa": "manzanas", "nombre": "Manzana 18", "osm_id": "1073842159"}, "geometry": {"type": "Polygon", "coordinates": [[[-54.8999484, -27.0961473], [-54.8993877, -27.0960904], [-54.8996574, -27.0963874], [-54.8999484, -27.0961473]]]}}, {"type": "Feature", "properties": {"capa": "manzanas", "nombre": "Manzana 128", "osm_id": "1073842160"}, "geometry": {"type": "Polygon", "coordinates": [[[-54.9002607, -27.09616], [-54.9000762, -27.0963685], [-54.9007292, -27.0970004], [-54.9011622, -27.0966339], [-54.9007505, -27.0962484], [-54.9002607, -27.09616]]]}}, {"type": "Feature", "properties": {"capa": "manzanas", "nombre": "Manzana 129", "osm_id": "1073842161"}, "geometry": {"type": "Polygon", "coordinates": [[[-54.9005234, -27.0971331], [-54.8999058, -27.0965265], [-54.8991818, -27.0971457], [-54.8998349, -27.0977397], [-54.9005234, -27.0971331]]]}}, {"type": "Feature", "properties": {"capa": "manzanas", "nombre": "Manzana 24", "osm_id": "1073842162"}, "geometry": {"type": "Polygon", "coordinates": [[[-54.9013148, -27.0979545], [-54.9006973, -27.0973479], [-54.8999733, -27.0979672], [-54.9006263, -27.0985611], [-54.9013148, -27.0979545]]]}}, {"type": "Feature", "properties": {"capa": "manzanas", "nombre": "Manzana 25", "osm_id": "1073842163"}, "geometry": {"type": "Polygon", "coordinates": [[[-54.9004559, -27.0986686], [-54.8998384, -27.098062], [-54.8991144, -27.0986812], [-54.8997674, -27.0992752], [-54.9004559, -27.0986686]]]}}, {"type": "Feature", "properties": {"capa": "manzanas", "nombre": "Manzana 26", "osm_id": "1073842164"}, "geometry": {"type": "Polygon", "coordinates": [[[-54.8996255, -27.0978977], [-54.8990079, -27.0972911], [-54.8982839, -27.0979103], [-54.898937, -27.0985043], [-54.8996255, -27.0978977]]]}}, {"type": "Feature", "properties": {"capa": "manzanas", "nombre": "Manzana 27", "osm_id": "1073842165"}, "geometry": {"type": "Polygon", "coordinates": [[[-54.898866, -27.0971141], [-54.8982485, -27.0965075], [-54.8975245, -27.0971268], [-54.8981775, -27.0977207], [-54.898866, -27.0971141]]]}}, {"type": "Feature", "properties": {"capa": "manzanas", "nombre": "Manzana 33", "osm_id": "1073842166"}, "geometry": {"type": "Polygon", "coordinates": [[[-54.8995545, -27.0993573], [-54.898937, -27.0987507], [-54.898213, -27.09937], [-54.898866, -27.0999639], [-54.8995545, -27.0993573]]]}}, {"type": "Feature", "properties": {"capa": "manzanas", "nombre": "Manzana 34", "osm_id": "1073842167"}, "geometry": {"type": "Polygon", "coordinates": [[[-54.8987737, -27.0986433], [-54.8980923, -27.0979925], [-54.8976167, -27.09834], [-54.8974322, -27.0986559], [-54.8980852, -27.0992499], [-54.8987737, -27.0986433]]]}}, {"type": "Feature", "properties": {"capa": "manzanas", "nombre": "Manzana 35", "osm_id": "1073842168"}, "geometry": {"type": "Polygon", "coordinates": [[[-54.8979184, -27.0978218], [-54.8972867, -27.0971647], [-54.8964065, -27.0979293], [-54.8966833, -27.0981504], [-54.8974712, -27.0982073], [-54.8979184, -27.0978218]]]}}, {"type": "Feature", "properties": {"capa": "manzanas", "nombre": "Manzana 20", "osm_id": "1073842169"}, "geometry": {"type": "Polygon", "coordinates": [[[-54.8984366, -27.0959957], [-54.8979042, -27.0959135], [-54.8982165, -27.0961726], [-54.8984366, -27.0959957]]]}}, {"type": "Feature", "properties": {"capa": "manzanas", "nombre": "Manzana28", "osm_id": "1073842170"}, "geometry": {"type": "Polygon", "coordinates": [[[-54.8980746, -27.0963116], [-54.8977267, -27.0960462], [-54.8972299, -27.0964949], [-54.8973576, -27.096596], [-54.8971944, -27.0967603], [-54.8973222, -27.0968993], [-54.8980746, -27.0963116]]]}}, {"type": "Feature", "properties": {"capa": "manzanas", "nombre": "Manzana 36", "osm_id": "1073842171"}, "geometry": {"type": "Polygon", "coordinates": [[[-54.8972362, -27.0970225], [-54.8970306, -27.0968359], [-54.8963492, -27.0977583], [-54.8972362, -27.0970225]]]}}, {"type": "Feature", "properties": {"capa": "manzanas", "nombre": "Manzana 41", "osm_id": "1073842172"}, "geometry": {"type": "Polygon", "coordinates": [[[-54.8961735, -27.0979088], [-54.8953895, -27.0976969], [-54.8953055, -27.0981269], [-54.8960685, -27.0985912], [-54.8961735, -27.0979088]]]}}, {"type": "Feature", "properties": {"capa": "manzanas", "nombre": "Manzana 42", "osm_id": "1073842173"}, "geometry": {"type": "Polygon", "coordinates": [[[-54.89606, -27.0987541], [-54.8952617, -27.098248], [-54.8948332, -27.0987281], [-54.8959931, -27.0992327], [-54.89606, -27.0987541]]]}}, {"type": "Feature", "properties": {"capa": "manzanas", "nombre": "Manzana 40", "osm_id": "1073848679"}, "geometry": {"type": "Polygon", "coordinates": [[[-54.8973995, -27.0983677], [-54.8962431, -27.0982561], [-54.8961464, -27.0991823], [-54.8972044, -27.0992483], [-54.8973995, -27.0983677]]]}}, {"type": "Feature", "properties": {"capa": "manzanas", "nombre": "Manzana 39", "osm_id": "1073848680"}, "geometry": {"type": "Polygon", "coordinates": [[[-54.8971487, -27.099393], [-54.8961548, -27.0992855], [-54.8961223, -27.0993641], [-54.8971069, -27.0998023], [-54.8971487, -27.099393]]]}}, {"type": "Feature", "properties": {"capa": "manzanas", "nombre": "Manzana 38", "osm_id": "1073848681"}, "geometry": {"type": "Polygon", "coordinates": [[[-54.897901, -27.0993393], [-54.8973948, -27.0988473], [-54.8973159, -27.0998685], [-54.897901, -27.0993393]]]}}, {"type": "Feature", "properties": {"capa": "manzanas", "nombre": "Manzana 37", "osm_id": "1073848682"}, "geometry": {"type": "Polygon", "coordinates": [[[-54.8987463, -27.100162], [-54.8980264, -27.0994881], [-54.8975016, -27.0999553], [-54.8985094, -27.1004183], [-54.8987463, -27.100162]]]}}, {"type": "Feature", "properties": {"capa": "manzanas", "nombre": "Manzana 161", "osm_id": "1073848683"}, "geometry": {"type": "Polygon", "coordinates": [[[-54.899494, -27.1008442], [-54.8988624, -27.1002695], [-54.8986116, -27.1004721], [-54.899494, -27.1008442]]]}}, {"type": "Feature", "properties": {"capa": "manzanas", "nombre": "Manzana 160", "osm_id": "1073848684"}, "geometry": {"type": "Polygon", "coordinates": [[[-54.9003691, -27.1001703], [-54.8997516, -27.0995637], [-54.8990276, -27.100183], [-54.8996806, -27.1007769], [-54.9003691, -27.1001703]]]}}, {"type": "Feature", "properties": {"capa": "manzanas", "nombre": "Manzana 188", "osm_id": "1073848685"}, "geometry": {"type": "Polygon", "coordinates": [[[-54.9012468, -27.0994674], [-54.9006293, -27.0988608], [-54.8999053, -27.0994801], [-54.9005583, -27.100074], [-54.9012468, -27.0994674]]]}}, {"type": "Feature", "properties": {"capa": "manzanas", "nombre": "Manzana 187", "osm_id": "1073848686"}, "geometry": {"type": "Polygon", "coordinates": [[[-54.9019063, -27.0989961], [-54.9013956, -27.0982531], [-54.9007784, -27.0987566], [-54.9014314, -27.0993505], [-54.9019063, -27.0989961]]]}}, {"type": "Feature", "properties": {"capa": "manzanas", "nombre": "Manzana 189", "osm_id": "1073848687"}, "geometry": {"type": "Polygon", "coordinates": [[[-54.9024848, -27.0995625], [-54.9020576, -27.0991078], [-54.9015514, -27.0994881], [-54.9020715, -27.0999677], [-54.9024848, -27.0995625]]]}}, {"type": "Feature", "properties": {"capa": "manzanas", "nombre": "Manzana 191", "osm_id": "1073848688"}, "geometry": {"type": "Polygon", "coordinates": [[[-54.9029121, -27.0999842], [-54.9026056, -27.0996742], [-54.902183, -27.1000628], [-54.9025452, -27.1004431], [-54.9029121, -27.0999842]]]}}, {"type": "Feature", "properties": {"capa": "manzanas", "nombre": "Manzana 192", "osm_id": "1073848689"}, "geometry": {"type": "Polygon", "coordinates": [[[-54.9024105, -27.1005837], [-54.9020762, -27.1002282], [-54.9014492, -27.100902], [-54.9017093, -27.1012535], [-54.9024105, -27.1005837]]]}}, {"type": "Feature", "properties": {"capa": "manzanas", "nombre": "Manzana 193", "osm_id": "1073848690"}, "geometry": {"type": "Polygon", "coordinates": [[[-54.9016071, -27.1014147], [-54.9012681, -27.1010302], [-54.9007944, -27.1014684], [-54.9012866, -27.1017289], [-54.9016071, -27.1014147]]]}}, {"type": "Feature", "properties": {"capa": "manzanas", "nombre": "Manzana 458", "osm_id": "1073848691"}, "geometry": {"type": "Polygon", "coordinates": [[[-54.9016675, -27.1015594], [-54.9019368, -27.1018488], [-54.9025963, -27.1012907], [-54.9022898, -27.100993], [-54.9016675, -27.1015594]]]}}, {"type": "Feature", "properties": {"capa": "manzanas", "nombre": "Manzana 162", "osm_id": "1073848692"}, "geometry": {"type": "Polygon", "coordinates": [[[-54.9011659, -27.100902], [-54.9005668, -27.1002736], [-54.8997726, -27.100869], [-54.9000141, -27.1010757], [-54.9006272, -27.1014271], [-54.9011659, -27.100902]]]}}, {"type": "Feature", "properties": {"capa": "manzanas", "nombre": "Manzana 190", "osm_id": "1073848693"}, "geometry": {"type": "Polygon", "coordinates": [[[-54.901974, -27.1000834], [-54.9014445, -27.0995749], [-54.9006875, -27.1001579], [-54.901282, -27.1007656], [-54.901974, -27.1000834]]]}}, {"type": "Feature", "properties": {"capa": "manzanas", "nombre": "Manzana 59", "osm_id": "1073848694"}, "geometry": {"type": "Polygon", "coordinates": [[[-54.9015653, -27.1024855], [-54.9012309, -27.1018488], [-54.9009708, -27.1017537], [-54.9006736, -27.1025061], [-54.9014074, -27.1027914], [-54.9015653, -27.1024855]]]}}, {"type": "Feature", "properties": {"capa": "manzanas", "nombre": "Manzana 61", "osm_id": "1073848695"}, "geometry": {"type": "Polygon", "coordinates": [[[-54.9008454, -27.1016958], [-54.9002928, -27.1014064], [-54.8999398, -27.1022581], [-54.9004878, -27.10244], [-54.9008454, -27.1016958]]]}}, {"type": "Feature", "properties": {"capa": "manzanas", "nombre": "Manzana 63", "osm_id": "1073848696"}, "geometry": {"type": "Polygon", "coordinates": [[[-54.9001604, -27.1013982], [-54.8996078, -27.1011088], [-54.8992548, -27.1019604], [-54.8998028, -27.1021423], [-54.9001604, -27.1013982]]]}}, {"type": "Feature", "properties": {"capa": "manzanas", "nombre": "Manzana 459", "osm_id": "1073848697"}, "geometry": {"type": "Polygon", "coordinates": [[[-54.9016489, -27.1016462], [-54.9013888, -27.1018322], [-54.9019183, -27.1027418], [-54.9020854, -27.1027087], [-54.9023362, -27.1023015], [-54.9016489, -27.1016462]]]}}, {"type": "Feature", "properties": {"capa": "manzanas", "nombre": "Manzana 60", "osm_id": "1073848698"}, "geometry": {"type": "Polygon", "coordinates": [[[-54.901282, -27.1029319], [-54.9011287, -27.1028203], [-54.9005668, -27.1026508], [-54.9002417, -27.1034735], [-54.90059, -27.1035975], [-54.9008315, -27.1034818], [-54.901282, -27.1029319]]]}}, {"type": "Feature", "properties": {"capa": "manzanas", "nombre": "Manzana 62", "osm_id": "1073848699"}, "geometry": {"type": "Polygon", "coordinates": [[[-54.9004178, -27.1025945], [-54.8998591, -27.1024241], [-54.8997403, -27.1028148], [-54.8995335, -27.1032379], [-54.9000815, -27.1034198], [-54.9004178, -27.1025945]]]}}, {"type": "Feature", "properties": {"capa": "manzanas", "nombre": "Manzana 64", "osm_id": "1073848700"}, "geometry": {"type": "Polygon", "coordinates": [[[-54.8997176, -27.1023844], [-54.8991832, -27.1021924], [-54.898809, -27.1029981], [-54.899357, -27.10318], [-54.8995738, -27.1028417], [-54.8997176, -27.1023844]]]}}, {"type": "Feature", "properties": {"capa": "manzanas", "nombre": "Manzana 65", "osm_id": "1073848701"}, "geometry": {"type": "Polygon", "coordinates": [[[-54.8994161, -27.1010737], [-54.8986913, -27.100676], [-54.898334, -27.1014811], [-54.8990399, -27.1019583], [-54.8994161, -27.1010737]]]}}, {"type": "Feature", "properties": {"capa": "manzanas", "nombre": "Manzana 66", "osm_id": "1073848702"}, "geometry": {"type": "Polygon", "coordinates": [[[-54.8989618, -27.1020784], [-54.8981616, -27.1016266], [-54.897816, -27.1020156], [-54.8986353, -27.1028366], [-54.8989618, -27.1020784]]]}}, {"type": "Feature", "properties": {"capa": "manzanas", "nombre": "Manzana 142", "osm_id": "1073857932"}, "geometry": {"type": "Polygon", "coordinates": [[[-54.8977188, -27.1012786], [-54.8980933, -27.1015452], [-54.897783, -27.1019405], [-54.8974299, -27.1015071], [-54.8977188, -27.1012786]]]}}, {"type": "Feature", "properties": {"capa": "manzanas", "nombre": "Manzana 75", "osm_id": "1073857933"}, "geometry": {"type": "Polygon", "coordinates": [[[-54.8993397, -27.1039168], [-54.8986496, -27.1032453], [-54.8978847, -27.1038454], [-54.8985748, -27.1045073], [-54.8993397, -27.1039168]]]}}, {"type": "Feature", "properties": {"capa": "manzanas", "nombre": "Manzana 74", "osm_id": "1073857934"}, "geometry": {"type": "Polygon", "coordinates": [[[-54.89942, -27.1040596], [-54.899634, -27.1043358], [-54.8990241, -27.1048644], [-54.8987299, -27.1046025], [-54.89942, -27.1040596]]]}}, {"type": "Feature", "properties": {"capa": "manzanas", "nombre": "Manzana 78", "osm_id": "1073857935"}, "geometry": {"type": "Polygon", "coordinates": [[[-54.8985801, -27.1047882], [-54.8989867, -27.1051597], [-54.8991311, -27.1054502], [-54.8984624, -27.1059978], [-54.8978954, -27.1054025], [-54.8985801, -27.1047882]]]}}, {"type": "Feature", "properties": {"capa": "manzanas", "nombre": "Manzana 76", "osm_id": "1073857936"}, "geometry": {"type": "Polygon", "coordinates": [[[-54.8984678, -27.1030787], [-54.8977563, -27.1023929], [-54.8974701, -27.1027953], [-54.8970983, -27.1031025], [-54.8977563, -27.1037215], [-54.8984678, -27.1030787]]]}}, {"type": "Feature", "properties": {"capa": "manzanas", "nombre": "Manzana 77", "osm_id": "1073857937"}, "geometry": {"type": "Polygon", "coordinates": [[[-54.8975851, -27.1022596], [-54.8971732, -27.1017548], [-54.8964028, -27.1023072], [-54.8969806, -27.1029453], [-54.8974701, -27.102531], [-54.8975851, -27.1022596]]]}}, {"type": "Feature", "properties": {"capa": "manzanas", "nombre": "Manzana 67", "osm_id": "1073857938"}, "geometry": {"type": "Polygon", "coordinates": [[[-54.8983608, -27.1005214], [-54.8973925, -27.1000928], [-54.8980505, -27.1007881], [-54.8983608, -27.1005214]]]}}, {"type": "Feature", "properties": {"capa": "manzanas", "nombre": "Manzana 68", "osm_id": "1073857939"}, "geometry": {"type": "Polygon", "coordinates": [[[-54.897874, -27.1008976], [-54.8971999, -27.1002166], [-54.8964938, -27.1007785], [-54.897216, -27.1014548], [-54.897874, -27.1008976]]]}}, {"type": "Feature", "properties": {"capa": "manzanas", "nombre": "Manzana 69", "osm_id": "1073857940"}, "geometry": {"type": "Polygon", "coordinates": [[[-54.8970769, -27.1000928], [-54.8968361, -27.0998594], [-54.8962049, -27.0995737], [-54.8956646, -27.0999832], [-54.8963707, -27.1006595], [-54.8970769, -27.1000928]]]}}, {"type": "Feature", "properties": {"capa": "manzanas", "nombre": "Manzana 70", "osm_id": "1073857941"}, "geometry": {"type": "Polygon", "coordinates": [[[-54.8960189, -27.0994707], [-54.8947278, -27.0988506], [-54.8945606, -27.098987], [-54.895508, -27.0999214], [-54.8960189, -27.0994707]]]}}, {"type": "Feature", "properties": {"capa": "manzanas", "nombre": "Manzana 71", "osm_id": "1073857942"}, "geometry": {"type": "Polygon", "coordinates": [[[-54.8953742, -27.0999969], [-54.8944618, -27.0991078], [-54.8936356, -27.0998779], [-54.8945985, -27.1006636], [-54.8953742, -27.0999969]]]}}, {"type": "Feature", "properties": {"capa": "manzanas", "nombre": "Manzana 72", "osm_id": "1073857943"}, "geometry": {"type": "Polygon", "coordinates": [[[-54.8944754, -27.1007476], [-54.8935511, -27.0999412], [-54.8929657, -27.1005008], [-54.893927, -27.1012852], [-54.8944754, -27.1007476]]]}}, {"type": "Feature", "properties": {"capa": "manzanas", "nombre": "Manzana 73", "osm_id": "1073857944"}, "geometry": {"type": "Polygon", "coordinates": [[[-54.8937581, -27.101351], [-54.89287, -27.1005986], [-54.892303, -27.1011224], [-54.893282, -27.1018082], [-54.8937581, -27.101351]]]}}, {"type": "Feature", "properties": {"capa": "manzanas", "nombre": "Manzana 152", "osm_id": "1073857945"}, "geometry": {"type": "Polygon", "coordinates": [[[-54.8945872, -27.102113], [-54.8939292, -27.1015034], [-54.8934157, -27.1018749], [-54.8942074, -27.1024463], [-54.8945872, -27.102113]]]}}, {"type": "Feature", "properties": {"capa": "manzanas", "nombre": "Manzana 146", "osm_id": "1073857946"}, "geometry": {"type": "Polygon", "coordinates": [[[-54.895288, -27.1015606], [-54.8945819, -27.1008891], [-54.8940523, -27.1013463], [-54.894737, -27.1019892], [-54.895288, -27.1015606]]]}}, {"type": "Feature", "properties": {"capa": "manzanas", "nombre": "Manzana 144", "osm_id": "1073857947"}, "geometry": {"type": "Polygon", "coordinates": [[[-54.8962242, -27.1007938], [-54.895502, -27.1001414], [-54.8947584, -27.10077], [-54.8954164, -27.101432], [-54.8962242, -27.1007938]]]}}, {"type": "Feature", "properties": {"capa": "manzanas", "nombre": "Manzana 143", "osm_id": "1073857948"}, "geometry": {"type": "Polygon", "coordinates": [[[-54.8970748, -27.1015915], [-54.8963526, -27.1009391], [-54.895609, -27.1015677], [-54.896267, -27.1022296], [-54.8970748, -27.1015915]]]}}, {"type": "Feature", "properties": {"capa": "manzanas", "nombre": "Manzana 145", "osm_id": "1073857949"}, "geometry": {"type": "Polygon", "coordinates": [[[-54.8960584, -27.1023558], [-54.8954057, -27.1016987], [-54.894384, -27.1025416], [-54.8952024, -27.1031273], [-54.8960584, -27.1023558]]]}}, {"type": "Feature", "properties": {"capa": "manzanas", "nombre": "Manzana 154", "osm_id": "1073857950"}, "geometry": {"type": "Polygon", "coordinates": [[[-54.8941753, -27.1026273], [-54.8935922, -27.1031797], [-54.894844, -27.1036511], [-54.8951062, -27.1033178], [-54.8941753, -27.1026273]]]}}, {"type": "Feature", "properties": {"capa": "manzanas", "nombre": "Manzana 155", "osm_id": "1073857951"}, "geometry": {"type": "Polygon", "coordinates": [[[-54.8940544, -27.1025482], [-54.8937548, -27.1023339], [-54.892638, -27.1032549], [-54.8929023, -27.1034956], [-54.8940544, -27.1025482]]]}}, {"type": "Feature", "properties": {"capa": "manzanas", "nombre": "Manzana 156", "osm_id": "1073857952"}, "geometry": {"type": "Polygon", "coordinates": [[[-54.8936425, -27.1022339], [-54.8933429, -27.1020196], [-54.8923313, -27.1028207], [-54.892613, -27.1031214], [-54.8936425, -27.1022339]]]}}, {"type": "Feature", "properties": {"capa": "manzanas", "nombre": "Manzana 157", "osm_id": "1073857953"}, "geometry": {"type": "Polygon", "coordinates": [[[-54.8931717, -27.1019006], [-54.8928722, -27.1016863], [-54.8919451, -27.1024797], [-54.8922182, -27.1027588], [-54.8931717, -27.1019006]]]}}, {"type": "Feature", "properties": {"capa": "manzanas", "nombre": "Manzana 158", "osm_id": "1073857954"}, "geometry": {"type": "Polygon", "coordinates": [[[-54.8927705, -27.1016482], [-54.8924709, -27.1014339], [-54.8916285, -27.1020875], [-54.8919032, -27.1023927], [-54.8927705, -27.1016482]]]}}, {"type": "Feature", "properties": {"capa": "manzanas", "nombre": "Manzana 159", "osm_id": "1073857955"}, "geometry": {"type": "Polygon", "coordinates": [[[-54.8925434, -27.1032547], [-54.89237, -27.1033983], [-54.8918418, -27.1032009], [-54.8915435, -27.1025297], [-54.8916241, -27.1023144], [-54.8925434, -27.1032547]]]}}, {"type": "Feature", "properties": {"capa": "manzanas", "nombre": "Manzana 81", "osm_id": "1073868404"}, "geometry": {"type": "Polygon", "coordinates": [[[-54.89682, -27.103076], [-54.8962315, -27.1024712], [-54.8953702, -27.1031998], [-54.8960443, -27.1037046], [-54.89682, -27.103076]]]}}, {"type": "Feature", "properties": {"capa": "manzanas", "nombre": "Manzana 80", "osm_id": "1073868405"}, "geometry": {"type": "Polygon", "coordinates": [[[-54.8975957, -27.103857], [-54.8969751, -27.1032379], [-54.8961941, -27.1038475], [-54.8968735, -27.104457], [-54.8975957, -27.103857]]]}}, {"type": "Feature", "properties": {"capa": "manzanas", "nombre": "Manzana 79", "osm_id": "1073868406"}, "geometry": {"type": "Polygon", "coordinates": [[[-54.8983874, -27.1046475], [-54.8977668, -27.1040284], [-54.8969858, -27.104638], [-54.8976652, -27.1052475], [-54.8983874, -27.1046475]]]}}, {"type": "Feature", "properties": {"capa": "manzanas", "nombre": "Manzana 82", "osm_id": "1073868407"}, "geometry": {"type": "Polygon", "coordinates": [[[-54.8974673, -27.1053666], [-54.8968628, -27.1047189], [-54.8964295, -27.105157], [-54.8972372, -27.1054713], [-54.8974673, -27.1053666]]]}}, {"type": "Feature", "properties": {"capa": "manzanas", "nombre": "Manzana 83", "osm_id": "1073868408"}, "geometry": {"type": "Polygon", "coordinates": [[[-54.8967076, -27.1045856], [-54.8960122, -27.1039618], [-54.8957501, -27.1041856], [-54.8955147, -27.1045142], [-54.8963225, -27.1049761], [-54.8967076, -27.1045856]]]}}, {"type": "Feature", "properties": {"capa": "manzanas", "nombre": "Manzana 84", "osm_id": "1073868409"}, "geometry": {"type": "Polygon", "coordinates": [[[-54.8959052, -27.1038618], [-54.8956217, -27.1036379], [-54.8950867, -27.1042999], [-54.8953274, -27.1044618], [-54.8959052, -27.1038618]]]}}, {"type": "Feature", "properties": {"capa": "manzanas", "nombre": "Manzana 181", "osm_id": "1073868410"}, "geometry": {"type": "Polygon", "coordinates": [[[-54.9012587, -27.1073796], [-54.9008418, -27.1066809], [-54.8996562, -27.1071976], [-54.9001012, -27.1078898], [-54.9012587, -27.1073796]]]}}, {"type": "Feature", "properties": {"capa": "manzanas", "nombre": "Manzana 242", "osm_id": "1073868411"}, "geometry": {"type": "Polygon", "coordinates": [[[-54.9018491, -27.1097538], [-54.9013736, -27.1088882], [-54.9007347, -27.1091599], [-54.9011606, -27.1099434], [-54.9018491, -27.1097538]]]}}, {"type": "Feature", "properties": {"capa": "manzanas", "nombre": "Manzana 241", "osm_id": "1073868412"}, "geometry": {"type": "Polygon", "coordinates": [[[-54.9026725, -27.1095832], [-54.9021189, -27.1085281], [-54.901551, -27.1087745], [-54.9019556, -27.1093368], [-54.9020763, -27.1097538], [-54.9026725, -27.1095832]]]}}, {"type": "Feature", "properties": {"capa": "manzanas", "nombre": "Manzana 246", "osm_id": "1073868413"}, "geometry": {"type": "Polygon", "coordinates": [[[-54.9033894, -27.1086039], [-54.9030771, -27.1080416], [-54.9023318, -27.1083764], [-54.9025873, -27.1089324], [-54.9033894, -27.1086039]]]}}, {"type": "Feature", "properties": {"capa": "manzanas", "nombre": "Manzana 281", "osm_id": "1073868414"}, "geometry": {"type": "Polygon", "coordinates": [[[-54.9037514, -27.1092168], [-54.9034675, -27.1087555], [-54.9026441, -27.1091346], [-54.9029138, -27.1095453], [-54.9037514, -27.1092168]]]}}, {"type": "Feature", "properties": {"capa": "manzanas", "nombre": "Manzana 245", "osm_id": "1073868415"}, "geometry": {"type": "Polygon", "coordinates": [[[-54.9048161, -27.107871], [-54.9044683, -27.1073655], [-54.9032404, -27.1079721], [-54.9035527, -27.1084838], [-54.9048161, -27.107871]]]}}, {"type": "Feature", "properties": {"capa": "manzanas", "nombre": "Manzana 280", "osm_id": "1073868416"}, "geometry": {"type": "Polygon", "coordinates": [[[-54.9044399, -27.1088629], [-54.9041773, -27.1084333], [-54.9036449, -27.1086544], [-54.9039005, -27.109103], [-54.9044399, -27.1088629]]]}}, {"type": "Feature", "properties": {"capa": "manzanas", "nombre": "Manzana 283", "osm_id": "1073868417"}, "geometry": {"type": "Polygon", "coordinates": [[[-54.9051852, -27.1085218], [-54.9049297, -27.1080732], [-54.9042483, -27.1083764], [-54.9045109, -27.1088629], [-54.9051852, -27.1085218]]]}}, {"type": "Feature", "properties": {"capa": "manzanas", "nombre": "Manzana 282", "osm_id": "1073868418"}, "geometry": {"type": "Polygon", "coordinates": [[[-54.9048988, -27.1071649], [-54.9046327, -27.107287], [-54.9050117, -27.1078935], [-54.9052415, -27.1077822], [-54.9048988, -27.1071649]]]}}, {"type": "Feature", "properties": {"capa": "manzanas", "nombre": "Manzana 274", "osm_id": "1073868419"}, "geometry": {"type": "Polygon", "coordinates": [[[-54.9065222, -27.1079268], [-54.9062511, -27.107477], [-54.9050618, -27.1080145], [-54.9053391, -27.1085246], [-54.9065222, -27.1079268]]]}}, {"type": "Feature", "properties": {"capa": "manzanas", "nombre": "Manzana 421", "osm_id": "1073868420"}, "geometry": {"type": "Polygon", "coordinates": [[[-54.906781, -27.1066213], [-54.9069659, -27.1069559], [-54.9062572, -27.107296], [-54.9059861, -27.1068407], [-54.906781, -27.1066213]]]}}, {"type": "Feature", "properties": {"capa": "manzanas", "nombre": "Manzana 422", "osm_id": "1073868421"}, "geometry": {"type": "Polygon", "coordinates": [[[-54.9075759, -27.1074331], [-54.9072801, -27.1069723], [-54.9063312, -27.1073782], [-54.9066886, -27.1079103], [-54.9075759, -27.1074331]]]}}, {"type": "Feature", "properties": {"capa": "manzanas", "nombre": "Manzana 423", "osm_id": "1073868422"}, "geometry": {"type": "Polygon", "coordinates": [[[-54.9076807, -27.1075812], [-54.9067625, -27.1079981], [-54.9070891, -27.1084917], [-54.9078286, -27.1080036], [-54.9076807, -27.1075812]]]}}, {"type": "Feature", "properties": {"capa": "manzanas", "nombre": "Manzana 420", "osm_id": "1073868423"}, "geometry": {"type": "Polygon", "coordinates": [[[-54.9073787, -27.1064457], [-54.9068796, -27.1066322], [-54.9070028, -27.1069394], [-54.9075389, -27.1067036], [-54.9073787, -27.1064457]]]}}, {"type": "Feature", "properties": {"capa": "manzanas", "nombre": "Manzana 427", "osm_id": "1073868424"}, "geometry": {"type": "Polygon", "coordinates": [[[-54.9077916, -27.1067584], [-54.907428, -27.1068846], [-54.9077238, -27.1074276], [-54.9080997, -27.1072027], [-54.9077916, -27.1067584]]]}}, {"type": "Feature", "properties": {"capa": "manzanas", "nombre": "Manzana 428", "osm_id": "1073868425"}, "geometry": {"type": "Polygon", "coordinates": [[[-54.9081552, -27.1073947], [-54.90773, -27.1075538], [-54.9079272, -27.1079432], [-54.9083622, -27.1077276], [-54.9081552, -27.1073947]]]}}, {"type": "Feature", "properties": {"capa": "manzanas", "nombre": "Manzana 424", "osm_id": "1073868426"}, "geometry": {"type": "Polygon", "coordinates": [[[-54.9066655, -27.1080527], [-54.9063799, -27.1081853], [-54.9067385, -27.1086965], [-54.907015, -27.1085612], [-54.9066655, -27.1080527]]]}}, {"type": "Feature", "properties": {"capa": "manzanas", "nombre": "Manzana 425", "osm_id": "1073868427"}, "geometry": {"type": "Polygon", "coordinates": [[[-54.9069907, -27.1086839], [-54.9060911, -27.1090953], [-54.9063129, -27.1094025], [-54.9072249, -27.109024], [-54.9069907, -27.1086839]]]}}, {"type": "Feature", "properties": {"capa": "manzanas", "nombre": "Manzana 426", "osm_id": "1073868428"}, "geometry": {"type": "Polygon", "coordinates": [[[-54.9081893, -27.1081875], [-54.9072773, -27.1085825], [-54.9075114, -27.1089061], [-54.9084234, -27.1085276], [-54.9081893, -27.1081875]]]}}, {"type": "Feature", "properties": {"capa": "manzanas", "nombre": "Manzana 205", "osm_id": "1073868429"}, "geometry": {"type": "Polygon", "coordinates": [[[-54.9053023, -27.1087004], [-54.9044766, -27.1090843], [-54.9048771, -27.109759], [-54.9056844, -27.1094025], [-54.9053023, -27.1087004]]]}}, {"type": "Feature", "properties": {"capa": "manzanas", "nombre": "Manzana 206Manzana 317", "osm_id": "1073868430"}, "geometry": {"type": "Polygon", "coordinates": [[[-54.9047108, -27.1097919], [-54.904341, -27.1091666], [-54.903996, -27.1093037], [-54.9043719, -27.1099126], [-54.9047108, -27.1097919]]]}}, {"type": "Feature", "properties": {"capa": "manzanas", "nombre": "Manzana 207", "osm_id": "1073868431"}, "geometry": {"type": "Polygon", "coordinates": [[[-54.9041607, -27.1099622], [-54.9038049, -27.1093805], [-54.9035089, -27.1095177], [-54.9038253, -27.1100767], [-54.9041607, -27.1099622]]]}}, {"type": "Feature", "properties": {"capa": "manzanas", "nombre": "Manzana 208", "osm_id": "1073868432"}, "geometry": {"type": "Polygon", "coordinates": [[[-54.9036618, -27.1101168], [-54.9033551, -27.1095725], [-54.90301, -27.1097096], [-54.9032914, -27.1102219], [-54.9036618, -27.1101168]]]}}, {"type": "Feature", "properties": {"capa": "manzanas", "nombre": "Manzana 209", "osm_id": "1073868433"}, "geometry": {"type": "Polygon", "coordinates": [[[-54.9027899, -27.1097557], [-54.9023664, -27.1098492], [-54.9027059, -27.1104412], [-54.9031364, -27.1102823], [-54.9027899, -27.1097557]]]}}, {"type": "Feature", "properties": {"capa": "manzanas", "nombre": "Manzana 163", "osm_id": "1073868434"}, "geometry": {"type": "Polygon", "coordinates": [[[-54.9027129, -27.1105938], [-54.9017538, -27.1108057], [-54.9021074, -27.111435], [-54.9030629, -27.111245], [-54.9027129, -27.1105938]]]}}, {"type": "Feature", "properties": {"capa": "manzanas", "nombre": "Manzana 164", "osm_id": "1073868435"}, "geometry": {"type": "Polygon", "coordinates": [[[-54.9031364, -27.1113198], [-54.9021774, -27.1115316], [-54.9025309, -27.112161], [-54.9034864, -27.1119709], [-54.9031364, -27.1113198]]]}}, {"type": "Feature", "properties": {"capa": "manzanas", "nombre": "Manzana 165", "osm_id": "1073875894"}, "geometry": {"type": "Polygon", "coordinates": [[[-54.9037423, -27.1109842], [-54.9034597, -27.1104058], [-54.9028664, -27.1106154], [-54.903196, -27.1111351], [-54.9037423, -27.1109842]]]}}, {"type": "Feature", "properties": {"capa": "manzanas", "nombre": "Manzana 185", "osm_id": "1073875895"}, "geometry": {"type": "Polygon", "coordinates": [[[-54.9040719, -27.1117052], [-54.9038176, -27.1112106], [-54.9033185, -27.1113531], [-54.9036481, -27.1118644], [-54.9040719, -27.1117052]]]}}, {"type": "Feature", "properties": {"capa": "manzanas", "nombre": "Manzana 186", "osm_id": "1073875896"}, "geometry": {"type": "Polygon", "coordinates": [[[-54.9045805, -27.1123926], [-54.9043262, -27.111898], [-54.903827, -27.1120405], [-54.9041567, -27.1125519], [-54.9045805, -27.1123926]]]}}, {"type": "Feature", "properties": {"capa": "manzanas", "nombre": "Manzana 315", "osm_id": "1073875897"}, "geometry": {"type": "Polygon", "coordinates": [[[-54.9100523, -27.1104058], [-54.909864, -27.1099615], [-54.908536, -27.1102884], [-54.9083194, -27.1107327], [-54.9100523, -27.1104058]]]}}, {"type": "Feature", "properties": {"capa": "manzanas", "nombre": "Manzana 316", "osm_id": "1073875898"}, "geometry": {"type": "Polygon", "coordinates": [[[-54.9099219, -27.111196], [-54.9097799, -27.110659], [-54.9082183, -27.1110254], [-54.9082538, -27.1115498], [-54.9099219, -27.111196]]]}}, {"type": "Feature", "properties": {"capa": "manzanas", "nombre": "Manzana 342", "osm_id": "1073875899"}, "geometry": {"type": "Polygon", "coordinates": [[[-54.9061031, -27.1123206], [-54.9052088, -27.1125544], [-54.9054217, -27.1132178], [-54.9063232, -27.1130914], [-54.9061031, -27.1123206]]]}}, {"type": "Feature", "properties": {"capa": "manzanas", "nombre": "Manzana 257", "osm_id": "1073875900"}, "geometry": {"type": "Polygon", "coordinates": [[[-54.9063409, -27.1132494], [-54.9054465, -27.1134832], [-54.9056595, -27.1141465], [-54.9065609, -27.1140202], [-54.9063409, -27.1132494]]]}}, {"type": "Feature", "properties": {"capa": "manzanas", "nombre": "Manzana 258", "osm_id": "1073875901"}, "geometry": {"type": "Polygon", "coordinates": [[[-54.9049035, -27.1125923], [-54.9029538, -27.1129589], [-54.9032782, -27.1136582], [-54.9051236, -27.1132936], [-54.9049035, -27.1125923]]]}}, {"type": "Feature", "properties": {"capa": "manzanas", "nombre": "Manzana 259", "osm_id": "1073875902"}, "geometry": {"type": "Polygon", "coordinates": [[[-54.9050384, -27.1134737], [-54.9034153, -27.1138073], [-54.9036534, -27.1144189], [-54.9052585, -27.114175], [-54.9050384, -27.1134737]]]}}, {"type": "Feature", "properties": {"capa": "manzanas", "nombre": "Manzana 260", "osm_id": "1073875903"}, "geometry": {"type": "Polygon", "coordinates": [[[-54.9052555, -27.1144499], [-54.9038646, -27.1145833], [-54.9040465, -27.1157927], [-54.9050362, -27.1156165], [-54.9055925, -27.1155165], [-54.9052555, -27.1144499]]]}}, {"type": "Feature", "properties": {"capa": "manzanas", "nombre": "Manzana 219", "osm_id": "1073875904"}, "geometry": {"type": "Polygon", "coordinates": [[[-54.9020458, -27.1153737], [-54.9029552, -27.1151308], [-54.9029873, -27.1149213], [-54.9024898, -27.1144071], [-54.901789, -27.114688], [-54.9020458, -27.1153737]]]}}, {"type": "Feature", "properties": {"capa": "manzanas", "nombre": "Manzana 220", "osm_id": "1073875905"}, "geometry": {"type": "Polygon", "coordinates": [[[-54.9024095, -27.1142452], [-54.9020458, -27.113569], [-54.9014306, -27.1138595], [-54.901666, -27.1145214], [-54.9024095, -27.1142452]]]}}, {"type": "Feature", "properties": {"capa": "manzanas", "nombre": "Manzana 212", "osm_id": "1073875906"}, "geometry": {"type": "Polygon", "coordinates": [[[-54.9014948, -27.1124738], [-54.9009384, -27.1128262], [-54.9013664, -27.1137024], [-54.9019655, -27.1134452], [-54.9014948, -27.1124738]]]}}, {"type": "Feature", "properties": {"capa": "manzanas", "nombre": "Manzana 222", "osm_id": "1073875907"}, "geometry": {"type": "Polygon", "coordinates": [[[-54.9011952, -27.1138262], [-54.9007993, -27.113031], [-54.9002483, -27.1137404], [-54.9009652, -27.1141214], [-54.9011952, -27.1138262]]]}}, {"type": "Feature", "properties": {"capa": "manzanas", "nombre": "Manzana 221", "osm_id": "1073875908"}, "geometry": {"type": "Polygon", "coordinates": [[[-54.9012915, -27.1140642], [-54.9010989, -27.1142642], [-54.9014894, -27.1146118], [-54.9012915, -27.1140642]]]}}, {"type": "Feature", "properties": {"capa": "manzanas", "nombre": "Manzana 223", "osm_id": "1073875909"}, "geometry": {"type": "Polygon", "coordinates": [[[-54.901147, -27.1146833], [-54.9015055, -27.1154213], [-54.9010668, -27.1155737], [-54.9003714, -27.1151499], [-54.9008582, -27.1145833], [-54.901147, -27.1146833]]]}}, {"type": "Feature", "properties": {"capa": "manzanas", "nombre": "Manzana 224", "osm_id": "1073875910"}, "geometry": {"type": "Polygon", "coordinates": [[[-54.9008528, -27.1142976], [-54.9001681, -27.1138833], [-54.899585, -27.1147071], [-54.9002216, -27.1150737], [-54.9008528, -27.1142976]]]}}, {"type": "Feature", "properties": {"capa": "manzanas", "nombre": "Manzana 197", "osm_id": "1073875911"}, "geometry": {"type": "Polygon", "coordinates": [[[-54.9011524, -27.1123072], [-54.9010401, -27.1121405], [-54.9008796, -27.11185], [-54.9004409, -27.1120167], [-54.9006067, -27.112431], [-54.90081, -27.1126976], [-54.9011524, -27.1123072]]]}}, {"type": "Feature", "properties": {"capa": "manzanas", "nombre": "Manzana 200", "osm_id": "1073875912"}, "geometry": {"type": "Polygon", "coordinates": [[[-54.9006977, -27.1128786], [-54.9002804, -27.1122024], [-54.8994245, -27.113031], [-54.9001788, -27.1135024], [-54.9006977, -27.1128786]]]}}, {"type": "Feature", "properties": {"capa": "manzanas", "nombre": "Manzana 203", "osm_id": "1073875913"}, "geometry": {"type": "Polygon", "coordinates": [[[-54.8996545, -27.1125215], [-54.8987932, -27.1116596], [-54.8981031, -27.1121738], [-54.8992961, -27.1128976], [-54.8996545, -27.1125215]]]}}, {"type": "Feature", "properties": {"capa": "manzanas", "nombre": "Manzana 201", "osm_id": "1073875914"}, "geometry": {"type": "Polygon", "coordinates": [[[-54.8996278, -27.1111263], [-54.8988735, -27.1116215], [-54.8997348, -27.1124405], [-54.9001895, -27.1120453], [-54.8996278, -27.1111263]]]}}, {"type": "Feature", "properties": {"capa": "manzanas", "nombre": "Manzana 198", "osm_id": "1073875915"}, "geometry": {"type": "Polygon", "coordinates": [[[-54.9007833, -27.1116977], [-54.9002216, -27.1106025], [-54.8997134, -27.1109644], [-54.9003232, -27.1118834], [-54.9007833, -27.1116977]]]}}, {"type": "Feature", "properties": {"capa": "manzanas", "nombre": "Manzana 204", "osm_id": "1073875916"}, "geometry": {"type": "Polygon", "coordinates": [[[-54.8986916, -27.1114453], [-54.8984027, -27.1111501], [-54.8975093, -27.111731], [-54.8979213, -27.1119834], [-54.8986916, -27.1114453]]]}}, {"type": "Feature", "properties": {"capa": "manzanas", "nombre": "Manzana 202", "osm_id": "1073875917"}, "geometry": {"type": "Polygon", "coordinates": [[[-54.899494, -27.1108834], [-54.8992747, -27.1105025], [-54.8985044, -27.1110596], [-54.8987772, -27.1113929], [-54.899494, -27.1108834]]]}}, {"type": "Feature", "properties": {"capa": "manzanas", "nombre": "Manzana 199", "osm_id": "1073875918"}, "geometry": {"type": "Polygon", "coordinates": [[[-54.9001306, -27.1104406], [-54.9000183, -27.1100929], [-54.8994994, -27.1103168], [-54.8996706, -27.1107834], [-54.9001306, -27.1104406]]]}}, {"type": "Feature", "properties": {"capa": "manzanas", "nombre": "Manzana 244", "osm_id": "1073875919"}, "geometry": {"type": "Polygon", "coordinates": [[[-54.8955942, -27.1057977], [-54.8942889, -27.1052405], [-54.8935881, -27.1062168], [-54.8945831, -27.1066501], [-54.8955942, -27.1057977]]]}}, {"type": "Feature", "properties": {"capa": "manzanas", "nombre": "Manzana 243", "osm_id": "1073875920"}, "geometry": {"type": "Polygon", "coordinates": [[[-54.8967818, -27.1058263], [-54.8964127, -27.1055691], [-54.8949469, -27.1065501], [-54.8955781, -27.106893], [-54.8967818, -27.1058263]]]}}, {"type": "Feature", "properties": {"capa": "manzanas", "nombre": "Manzana 328", "osm_id": "1073875921"}, "geometry": {"type": "Polygon", "coordinates": [[[-54.8905721, -27.1035202], [-54.8900086, -27.1033146], [-54.8891685, -27.103676], [-54.889032, -27.1038287], [-54.889802, -27.1043148], [-54.8905721, -27.1035202]]]}}, {"type": "Feature", "properties": {"capa": "manzanas", "nombre": "Manzana 176", "osm_id": "1073875922"}, "geometry": {"type": "Polygon", "coordinates": [[[-54.8912546, -27.1036386], [-54.8908101, -27.1034704], [-54.8905301, -27.1038972], [-54.8909676, -27.1041309], [-54.8912546, -27.1036386]]]}}, {"type": "Feature", "properties": {"capa": "manzanas", "nombre": "Manzana 177", "osm_id": "1073875923"}, "geometry": {"type": "Polygon", "coordinates": [[[-54.8917604, -27.1038069], [-54.8913159, -27.1036386], [-54.8910359, -27.1040655], [-54.8914734, -27.1042992], [-54.8917604, -27.1038069]]]}}, {"type": "Feature", "properties": {"capa": "manzanas", "nombre": "Manzana 178", "osm_id": "1073875924"}, "geometry": {"type": "Polygon", "coordinates": [[[-54.8895089, -27.104316], [-54.8889258, -27.1039112], [-54.8882946, -27.1048255], [-54.8888616, -27.1050589], [-54.8895089, -27.104316]]]}}, {"type": "Feature", "properties": {"capa": "manzanas", "nombre": "Manzana 117", "osm_id": "1073875925"}, "geometry": {"type": "Polygon", "coordinates": [[[-54.8892896, -27.103354], [-54.8888937, -27.1030588], [-54.8882357, -27.1028683], [-54.888011, -27.1031636], [-54.8888884, -27.1037207], [-54.8892896, -27.103354]]]}}, {"type": "Feature", "properties": {"capa": "manzanas", "nombre": "Manzana 118", "osm_id": "1073875926"}, "geometry": {"type": "Polygon", "coordinates": [[[-54.8880699, -27.1028255], [-54.8868288, -27.1023969], [-54.8867806, -27.1024492], [-54.8878559, -27.1031017], [-54.8880699, -27.1028255]]]}}, {"type": "Feature", "properties": {"capa": "manzanas", "nombre": "Manzana 121", "osm_id": "1073880083"}, "geometry": {"type": "Polygon", "coordinates": [[[-54.8888448, -27.1038468], [-54.8879078, -27.1032655], [-54.8865095, -27.1051168], [-54.8874322, -27.1057171], [-54.8888448, -27.1038468]]]}}, {"type": "Feature", "properties": {"capa": "manzanas", "nombre": "Manzana 122", "osm_id": "1073880084"}, "geometry": {"type": "Polygon", "coordinates": [[[-54.8877092, -27.1032049], [-54.8867362, -27.1026008], [-54.8859922, -27.1034523], [-54.8870224, -27.1041074], [-54.8877092, -27.1032049]]]}}, {"type": "Feature", "properties": {"capa": "manzanas", "nombre": "Manzana 123", "osm_id": "1073880085"}, "geometry": {"type": "Polygon", "coordinates": [[[-54.8865999, -27.1023708], [-54.885639, -27.1019713], [-54.8849353, -27.1028193], [-54.8858123, -27.1033559], [-54.8865999, -27.1023708]]]}}, {"type": "Feature", "properties": {"capa": "manzanas", "nombre": "Manzana 124", "osm_id": "1073880086"}, "geometry": {"type": "Polygon", "coordinates": [[[-54.8854475, -27.1019283], [-54.8846116, -27.1017082], [-54.8841135, -27.1023086], [-54.8848172, -27.1027519], [-54.8854475, -27.1019283]]]}}, {"type": "Feature", "properties": {"capa": "manzanas", "nombre": "Manzana 125", "osm_id": "1073880087"}, "geometry": {"type": "Polygon", "coordinates": [[[-54.8869075, -27.1042367], [-54.8859345, -27.1036326], [-54.8853356, -27.1043406], [-54.8863537, -27.1049884], [-54.8869075, -27.1042367]]]}}, {"type": "Feature", "properties": {"capa": "manzanas", "nombre": "Manzana 126", "osm_id": "1073880088"}, "geometry": {"type": "Polygon", "coordinates": [[[-54.885702, -27.1035081], [-54.8848419, -27.102965], [-54.8842873, -27.1036874], [-54.8851321, -27.104224], [-54.885702, -27.1035081]]]}}, {"type": "Feature", "properties": {"capa": "manzanas", "nombre": "Manzana 127", "osm_id": "1073880089"}, "geometry": {"type": "Polygon", "coordinates": [[[-54.8846617, -27.1028549], [-54.8840033, -27.1024267], [-54.8833963, -27.1031993], [-54.8840435, -27.1036103], [-54.8846617, -27.1028549]]]}}, {"type": "Feature", "properties": {"capa": "manzanas", "nombre": "Manzana 211", "osm_id": "1073880090"}, "geometry": {"type": "Polygon", "coordinates": [[[-54.8824821, -27.1017381], [-54.882335, -27.1010309], [-54.8819725, -27.1010631], [-54.8817813, -27.1013238], [-54.8812891, -27.1018286], [-54.8820488, -27.1023524], [-54.8824821, -27.1017381]]]}}, {"type": "Feature", "properties": {"capa": "manzanas", "nombre": "Manzana 210", "osm_id": "1073880091"}, "geometry": {"type": "Polygon", "coordinates": [[[-54.883766, -27.1024286], [-54.8826961, -27.1018096], [-54.8821986, -27.1024524], [-54.8832417, -27.1031001], [-54.883766, -27.1024286]]]}}, {"type": "Feature", "properties": {"capa": "manzanas", "nombre": "Manzana 179", "osm_id": "1073880092"}, "geometry": {"type": "Polygon", "coordinates": [[[-54.8850552, -27.1044049], [-54.8841725, -27.1038525], [-54.8838676, -27.1042954], [-54.8846754, -27.1048049], [-54.8850552, -27.1044049]]]}}, {"type": "Feature", "properties": {"capa": "manzanas", "nombre": "Manzana 180", "osm_id": "1073880093"}, "geometry": {"type": "Polygon", "coordinates": [[[-54.8845952, -27.1049525], [-54.8838837, -27.1045525], [-54.8835627, -27.1049144], [-54.8842956, -27.1053668], [-54.8845952, -27.1049525]]]}}, {"type": "Feature", "properties": {"capa": "manzanas", "nombre": "Manzana 295", "osm_id": "1073880094"}, "geometry": {"type": "Polygon", "coordinates": [[[-54.8841378, -27.1055311], [-54.8834263, -27.1051311], [-54.8831053, -27.105493], [-54.8838382, -27.1059454], [-54.8841378, -27.1055311]]]}}, {"type": "Feature", "properties": {"capa": "manzanas", "nombre": "Manzana 437", "osm_id": "1073880095"}, "geometry": {"type": "Polygon", "coordinates": [[[-54.8837633, -27.1061311], [-54.8830518, -27.1057311], [-54.8827308, -27.106093], [-54.8834637, -27.1065454], [-54.8837633, -27.1061311]]]}}, {"type": "Feature", "properties": {"capa": "manzanas", "nombre": "Manzana 396", "osm_id": "1073880096"}, "geometry": {"type": "Polygon", "coordinates": [[[-54.8850185, -27.1069192], [-54.8839012, -27.10625], [-54.8835649, -27.1066951], [-54.8846823, -27.1073641], [-54.8850185, -27.1069192]]]}}, {"type": "Feature", "properties": {"capa": "manzanas", "nombre": "Manzana 294", "osm_id": "1073880097"}, "geometry": {"type": "Polygon", "coordinates": [[[-54.8854679, -27.1063049], [-54.8843506, -27.1056357], [-54.8840142, -27.1060808], [-54.8851316, -27.1067499], [-54.8854679, -27.1063049]]]}}, {"type": "Feature", "properties": {"capa": "manzanas", "nombre": "Manzana 288", "osm_id": "1073880098"}, "geometry": {"type": "Polygon", "coordinates": [[[-54.8862412, -27.1051507], [-54.8851727, -27.1044889], [-54.8844222, -27.1054488], [-54.8854907, -27.1061108], [-54.8862412, -27.1051507]]]}}, {"type": "Feature", "properties": {"capa": "manzanas", "nombre": "Manzana 395", "osm_id": "1073880099"}, "geometry": {"type": "Polygon", "coordinates": [[[-54.886105, -27.1075666], [-54.8851874, -27.1070086], [-54.8848472, -27.1074521], [-54.8857648, -27.1080099], [-54.886105, -27.1075666]]]}}, {"type": "Feature", "properties": {"capa": "manzanas", "nombre": "Manzana 293", "osm_id": "1073880100"}, "geometry": {"type": "Polygon", "coordinates": [[[-54.8864976, -27.1069769], [-54.88558, -27.1064189], [-54.8852398, -27.1068624], [-54.8861574, -27.1074202], [-54.8864976, -27.1069769]]]}}, {"type": "Feature", "properties": {"capa": "manzanas", "nombre": "Manzana 238", "osm_id": "1073880101"}, "geometry": {"type": "Polygon", "coordinates": [[[-54.8869416, -27.106415], [-54.886024, -27.105857], [-54.8856838, -27.1063005], [-54.8866014, -27.1068583], [-54.8869416, -27.106415]]]}}, {"type": "Feature", "properties": {"capa": "manzanas", "nombre": "Manzana 237", "osm_id": "1073880102"}, "geometry": {"type": "Polygon", "coordinates": [[[-54.8873588, -27.1058245], [-54.8864413, -27.1052665], [-54.8861011, -27.10571], [-54.8870187, -27.1062678], [-54.8873588, -27.1058245]]]}}, {"type": "Feature", "properties": {"capa": "manzanas", "nombre": "Manzana 303", "osm_id": "1073885193"}, "geometry": {"type": "Polygon", "coordinates": [[[-54.8859886, -27.1092574], [-54.8853177, -27.1088633], [-54.8847739, -27.1095969], [-54.8854449, -27.109991], [-54.8859886, -27.1092574]]]}}, {"type": "Feature", "properties": {"capa": "manzanas", "nombre": "Manzana 302", "osm_id": "1073885194"}, "geometry": {"type": "Polygon", "coordinates": [[[-54.886547, -27.1085733], [-54.8858526, -27.1081876], [-54.8854453, -27.1087325], [-54.886088, -27.1091518], [-54.886547, -27.1085733]]]}}, {"type": "Feature", "properties": {"capa": "manzanas", "nombre": "Manzana 304", "osm_id": "1073885195"}, "geometry": {"type": "Polygon", "coordinates": [[[-54.8868389, -27.1097553], [-54.8861681, -27.1093613], [-54.8856242, -27.1100948], [-54.8862952, -27.1104889], [-54.8868389, -27.1097553]]]}}, {"type": "Feature", "properties": {"capa": "manzanas", "nombre": "Manzana 305", "osm_id": "1073885196"}, "geometry": {"type": "Polygon", "coordinates": [[[-54.8873616, -27.1090574], [-54.8866672, -27.1086717], [-54.8862599, -27.1092167], [-54.8869027, -27.1096359], [-54.8873616, -27.1090574]]]}}, {"type": "Feature", "properties": {"capa": "manzanas", "nombre": "Manzana 301", "osm_id": "1073885197"}, "geometry": {"type": "Polygon", "coordinates": [[[-54.8871074, -27.1078167], [-54.8864129, -27.107431], [-54.8860056, -27.1079759], [-54.8866484, -27.1083952], [-54.8871074, -27.1078167]]]}}, {"type": "Feature", "properties": {"capa": "manzanas", "nombre": "Manzana 306", "osm_id": "1073885198"}, "geometry": {"type": "Polygon", "coordinates": [[[-54.8879644, -27.1083281], [-54.88727, -27.1079424], [-54.8868627, -27.1084873], [-54.8875054, -27.1089066], [-54.8879644, -27.1083281]]]}}, {"type": "Feature", "properties": {"capa": "manzanas", "nombre": "Manzana 307", "osm_id": "1073885199"}, "geometry": {"type": "Polygon", "coordinates": [[[-54.8885295, -27.1076238], [-54.887835, -27.1072382], [-54.8874278, -27.1077831], [-54.8880705, -27.1082024], [-54.8885295, -27.1076238]]]}}, {"type": "Feature", "properties": {"capa": "manzanas", "nombre": "Manzana 299", "osm_id": "1073885200"}, "geometry": {"type": "Polygon", "coordinates": [[[-54.8890663, -27.1068442], [-54.8883719, -27.1064585], [-54.8879646, -27.1070034], [-54.8886073, -27.1074227], [-54.8890663, -27.1068442]]]}}, {"type": "Feature", "properties": {"capa": "manzanas", "nombre": "Manzana 300", "osm_id": "1073885201"}, "geometry": {"type": "Polygon", "coordinates": [[[-54.8882878, -27.1063663], [-54.8874967, -27.1059597], [-54.8871624, -27.1064879], [-54.8875815, -27.1067646], [-54.8870023, -27.107561], [-54.8872236, -27.1076951], [-54.8882878, -27.1063663]]]}}, {"type": "Feature", "properties": {"capa": "manzanas", "nombre": "Manzana 298", "osm_id": "1073885202"}, "geometry": {"type": "Polygon", "coordinates": [[[-54.8899312, -27.1074017], [-54.8892367, -27.107016], [-54.8888295, -27.107561], [-54.8894722, -27.1079802], [-54.8899312, -27.1074017]]]}}, {"type": "Feature", "properties": {"capa": "manzanas", "nombre": "Manzana 308", "osm_id": "1073885203"}, "geometry": {"type": "Polygon", "coordinates": [[[-54.8893708, -27.108152], [-54.8886764, -27.1077663], [-54.8882691, -27.1083113], [-54.8889118, -27.1087305], [-54.8893708, -27.108152]]]}}, {"type": "Feature", "properties": {"capa": "manzanas", "nombre": "Manzana 409", "osm_id": "1073885204"}, "geometry": {"type": "Polygon", "coordinates": [[[-54.8888104, -27.1088772], [-54.888116, -27.1084915], [-54.8877087, -27.1090364], [-54.8883515, -27.1094557], [-54.8888104, -27.1088772]]]}}, {"type": "Feature", "properties": {"capa": "manzanas", "nombre": "Manzana 410", "osm_id": "1073885205"}, "geometry": {"type": "Polygon", "coordinates": [[[-54.8882453, -27.109594], [-54.8875509, -27.1092083], [-54.8871436, -27.1097532], [-54.8877864, -27.1101725], [-54.8882453, -27.109594]]]}}, {"type": "Feature", "properties": {"capa": "manzanas", "nombre": "Manzana 411", "osm_id": "1073885206"}, "geometry": {"type": "Polygon", "coordinates": [[[-54.8876803, -27.1103107], [-54.8870107, -27.1098903], [-54.8864756, -27.11059], [-54.8871148, -27.1110124], [-54.8876803, -27.1103107]]]}}, {"type": "Feature", "properties": {"capa": "manzanas", "nombre": "Manzana 309", "osm_id": "1073885207"}, "geometry": {"type": "Polygon", "coordinates": [[[-54.888192, -27.1106409], [-54.8878125, -27.1104322], [-54.8873255, -27.1111339], [-54.8877052, -27.1113427], [-54.888192, -27.1106409]]]}}, {"type": "Feature", "properties": {"capa": "manzanas", "nombre": "Manzana 310", "osm_id": "1073885208"}, "geometry": {"type": "Polygon", "coordinates": [[[-54.8893136, -27.1113534], [-54.8882605, -27.1107127], [-54.8877707, -27.1113505], [-54.8888237, -27.1119913], [-54.8893136, -27.1113534]]]}}, {"type": "Feature", "properties": {"capa": "manzanas", "nombre": "Manzana 414", "osm_id": "1073885209"}, "geometry": {"type": "Polygon", "coordinates": [[[-54.8899285, -27.1105374], [-54.8885088, -27.109606], [-54.8879601, -27.1102686], [-54.8893795, -27.1112002], [-54.8899285, -27.1105374]]]}}, {"type": "Feature", "properties": {"capa": "manzanas", "nombre": "Manzana 413", "osm_id": "1073885210"}, "geometry": {"type": "Polygon", "coordinates": [[[-54.8901305, -27.1104051], [-54.8905178, -27.1099045], [-54.8890308, -27.1089646], [-54.8886934, -27.1093484], [-54.8886996, -27.1094985], [-54.8901305, -27.1104051]]]}}, {"type": "Feature", "properties": {"capa": "manzanas", "nombre": "Manzana 412", "osm_id": "1073885211"}, "geometry": {"type": "Polygon", "coordinates": [[[-54.8909786, -27.1093564], [-54.8895176, -27.1083057], [-54.8890858, -27.1087862], [-54.8906404, -27.1097664], [-54.8909786, -27.1093564]]]}}, {"type": "Feature", "properties": {"capa": "manzanas", "nombre": "Manzana 467", "osm_id": "1073885212"}, "geometry": {"type": "Polygon", "coordinates": [[[-54.8929003, -27.1092667], [-54.8917847, -27.1085812], [-54.8908851, -27.1097856], [-54.8920726, -27.1105479], [-54.8929003, -27.1092667]]]}}, {"type": "Feature", "properties": {"capa": "manzanas", "nombre": "Manzana 366", "osm_id": "1073885213"}, "geometry": {"type": "Polygon", "coordinates": [[[-54.8916586, -27.1105296], [-54.8907405, -27.1098933], [-54.8905464, -27.1101264], [-54.8914491, -27.1107572], [-54.8916586, -27.1105296]]]}}, {"type": "Feature", "properties": {"capa": "manzanas", "nombre": "Manzana 367", "osm_id": "1073885214"}, "geometry": {"type": "Polygon", "coordinates": [[[-54.8913675, -27.1108848], [-54.8904493, -27.1102485], [-54.8902552, -27.1104816], [-54.8911579, -27.1111124], [-54.8913675, -27.1108848]]]}}, {"type": "Feature", "properties": {"capa": "manzanas", "nombre": "Manzana 368", "osm_id": "1073885215"}, "geometry": {"type": "Polygon", "coordinates": [[[-54.8909355, -27.1112046], [-54.890122, -27.1107206], [-54.8897991, -27.1111099], [-54.8906248, -27.111583], [-54.8909355, -27.1112046]]]}}, {"type": "Feature", "properties": {"capa": "manzanas", "nombre": "Manzana 369", "osm_id": "1073885216"}, "geometry": {"type": "Polygon", "coordinates": [[[-54.8905554, -27.1117158], [-54.8897418, -27.1112318], [-54.8894189, -27.1116212], [-54.8902447, -27.1120943], [-54.8905554, -27.1117158]]]}}, {"type": "Feature", "properties": {"capa": "manzanas", "nombre": "Manzana 370", "osm_id": "1073885217"}, "geometry": {"type": "Polygon", "coordinates": [[[-54.8901179, -27.1122726], [-54.8893044, -27.1117886], [-54.8889814, -27.112178], [-54.8898072, -27.112651], [-54.8901179, -27.1122726]]]}}, {"type": "Feature", "properties": {"capa": "manzanas", "nombre": "Manzana 461", "osm_id": "1073885218"}, "geometry": {"type": "Polygon", "coordinates": [[[-54.889566, -27.1127656], [-54.888867, -27.1123217], [-54.8886994, -27.1125619], [-54.8893657, -27.1130313], [-54.889566, -27.1127656]]]}}, {"type": "Feature", "properties": {"capa": "manzanas", "nombre": "Manzana 460", "osm_id": "1073885219"}, "geometry": {"type": "Polygon", "coordinates": [[[-54.8902283, -27.1131877], [-54.889705, -27.1128712], [-54.8895211, -27.1131077], [-54.8900116, -27.1134679], [-54.8902283, -27.1131877]]]}}, {"type": "Feature", "properties": {"capa": "manzanas", "nombre": "Manzana 371", "osm_id": "1073885220"}, "geometry": {"type": "Polygon", "coordinates": [[[-54.8910664, -27.1128402], [-54.8902528, -27.1123563], [-54.8899299, -27.1127456], [-54.8907557, -27.1132187], [-54.8910664, -27.1128402]]]}}, {"type": "Feature", "properties": {"capa": "manzanas", "nombre": "Manzana 372", "osm_id": "1073885221"}, "geometry": {"type": "Polygon", "coordinates": [[[-54.8914752, -27.1122798], [-54.8906616, -27.1117959], [-54.8903387, -27.1121852], [-54.8911645, -27.1126583], [-54.8914752, -27.1122798]]]}}, {"type": "Feature", "properties": {"capa": "manzanas", "nombre": "Manzana 361", "osm_id": "1073885222"}, "geometry": {"type": "Polygon", "coordinates": [[[-54.8941983, -27.1101037], [-54.8934707, -27.1096125], [-54.8932622, -27.10998], [-54.8940144, -27.1104713], [-54.8941983, -27.1101037]]]}}, {"type": "Feature", "properties": {"capa": "manzanas", "nombre": "Manzana 362", "osm_id": "1073885223"}, "geometry": {"type": "Polygon", "coordinates": [[[-54.8939551, -27.1106459], [-54.8932274, -27.1101547], [-54.8930189, -27.1105222], [-54.8937711, -27.1110135], [-54.8939551, -27.1106459]]]}}, {"type": "Feature", "properties": {"capa": "manzanas", "nombre": "Manzana 3613", "osm_id": "1073885224"}, "geometry": {"type": "Polygon", "coordinates": [[[-54.8936035, -27.1111226], [-54.8929037, -27.1106851], [-54.8926674, -27.1110713], [-54.8933869, -27.1114865], [-54.8936035, -27.1111226]]]}}, {"type": "Feature", "properties": {"capa": "manzanas", "nombre": "Manzana 364", "osm_id": "1073885225"}, "geometry": {"type": "Polygon", "coordinates": [[[-54.8932808, -27.1116117], [-54.8925777, -27.1112515], [-54.8923896, -27.1115936], [-54.8924469, -27.1118701], [-54.8929579, -27.1120302], [-54.8932808, -27.1116117]]]}}, {"type": "Feature", "properties": {"capa": "manzanas", "nombre": "Manzana 365", "osm_id": "1073885226"}, "geometry": {"type": "Polygon", "coordinates": [[[-54.892868, -27.1121467], [-54.8924796, -27.1120302], [-54.8925654, -27.1123941], [-54.892868, -27.1121467]]]}}, {"type": "Feature", "properties": {"capa": "manzanas", "nombre": "Manzana 304", "osm_id": "1073891764"}, "geometry": {"type": "Polygon", "coordinates": [[[-54.8929334, -27.1148831], [-54.8921852, -27.1144064], [-54.8917764, -27.1149522], [-54.8924878, -27.115418], [-54.8929334, -27.1148831]]]}}, {"type": "Feature", "properties": {"capa": "manzanas", "nombre": "Manzana 405", "osm_id": "1073891765"}, "geometry": {"type": "Polygon", "coordinates": [[[-54.892083, -27.1143409], [-54.8914862, -27.1139588], [-54.8910038, -27.1145083], [-54.8916701, -27.1149158], [-54.892083, -27.1143409]]]}}, {"type": "Feature", "properties": {"capa": "manzanas", "nombre": "Manzana 360", "osm_id": "1073891766"}, "geometry": {"type": "Polygon", "coordinates": [[[-54.8932409, -27.1143704], [-54.8918306, -27.1135255], [-54.891657, -27.1137765], [-54.8930022, -27.1146504], [-54.8932409, -27.1143704]]]}}, {"type": "Feature", "properties": {"capa": "manzanas", "nombre": "Manzana 359", "osm_id": "1073891767"}, "geometry": {"type": "Polygon", "coordinates": [[[-54.8935229, -27.1139141], [-54.8921126, -27.1130692], [-54.8919391, -27.1133203], [-54.8932843, -27.1141942], [-54.8935229, -27.1139141]]]}}, {"type": "Feature", "properties": {"capa": "manzanas", "nombre": "Manzana 358", "osm_id": "1073891768"}, "geometry": {"type": "Polygon", "coordinates": [[[-54.8939514, -27.1134893], [-54.8925411, -27.1126443], [-54.8923676, -27.1128954], [-54.8937128, -27.1137693], [-54.8939514, -27.1134893]]]}}, {"type": "Feature", "properties": {"capa": "manzanas", "nombre": "Manzana 357", "osm_id": "1073891769"}, "geometry": {"type": "Polygon", "coordinates": [[[-54.8942911, -27.1130029], [-54.8930038, -27.1121865], [-54.8927527, -27.1124995], [-54.894007, -27.113302], [-54.8942911, -27.1130029]]]}}, {"type": "Feature", "properties": {"capa": "manzanas", "nombre": "Manzana 356", "osm_id": "1073891770"}, "geometry": {"type": "Polygon", "coordinates": [[[-54.8946594, -27.1124514], [-54.8933939, -27.1117026], [-54.8931427, -27.1120156], [-54.894397, -27.1128181], [-54.8946594, -27.1124514]]]}}, {"type": "Feature", "properties": {"capa": "manzanas", "nombre": "Manzana 355", "osm_id": "1073891771"}, "geometry": {"type": "Polygon", "coordinates": [[[-54.894974, -27.1120024], [-54.8937507, -27.111205], [-54.8935244, -27.1115274], [-54.8946899, -27.1123015], [-54.894974, -27.1120024]]]}}, {"type": "Feature", "properties": {"capa": "manzanas", "nombre": "Manzana 354", "osm_id": "1073891772"}, "geometry": {"type": "Polygon", "coordinates": [[[-54.8948876, -27.1111785], [-54.8940831, -27.1107195], [-54.8938754, -27.1110421], [-54.8946469, -27.1115307], [-54.8948876, -27.1111785]]]}}, {"type": "Feature", "properties": {"capa": "manzanas", "nombre": "Manzana 353", "osm_id": "1073891773"}, "geometry": {"type": "Polygon", "coordinates": [[[-54.8952104, -27.1106788], [-54.8944059, -27.1102197], [-54.8941981, -27.1105424], [-54.8949696, -27.111031], [-54.8952104, -27.1106788]]]}}, {"type": "Feature", "properties": {"capa": "manzanas", "nombre": "Manzana 269", "osm_id": "1073891774"}, "geometry": {"type": "Polygon", "coordinates": [[[-54.8779883, -27.1098616], [-54.8771462, -27.1093106], [-54.8766784, -27.1099641], [-54.8774917, -27.1104766], [-54.8779883, -27.1098616]]]}}, {"type": "Feature", "properties": {"capa": "manzanas", "nombre": "Manzana 270", "osm_id": "1073891775"}, "geometry": {"type": "Polygon", "coordinates": [[[-54.877009, -27.1091908], [-54.8765266, -27.1088779], [-54.8759993, -27.1095947], [-54.8764776, -27.1098749], [-54.877009, -27.1091908]]]}}, {"type": "Feature", "properties": {"capa": "manzanas", "nombre": "Manzana 271", "osm_id": "1073891776"}, "geometry": {"type": "Polygon", "coordinates": [[[-54.8763774, -27.1088087], [-54.875895, -27.1084958], [-54.8753677, -27.1092126], [-54.875846, -27.1094928], [-54.8763774, -27.1088087]]]}}, {"type": "Feature", "properties": {"capa": "manzanas", "nombre": "Manzana 272", "osm_id": "1073891777"}, "geometry": {"type": "Polygon", "coordinates": [[[-54.8757724, -27.1083902], [-54.87529, -27.1080773], [-54.8747626, -27.1087942], [-54.8752409, -27.1090744], [-54.8757724, -27.1083902]]]}}, {"type": "Feature", "properties": {"capa": "manzanas", "nombre": "Manzana 273", "osm_id": "1073891778"}, "geometry": {"type": "Polygon", "coordinates": [[[-54.875106, -27.1080737], [-54.8746236, -27.1077607], [-54.8740963, -27.1084776], [-54.8745746, -27.1087578], [-54.875106, -27.1080737]]]}}, {"type": "Feature", "properties": {"capa": "manzanas", "nombre": "Manzana 330", "osm_id": "1073891779"}, "geometry": {"type": "Polygon", "coordinates": [[[-54.8784999, -27.109086], [-54.8776794, -27.1085927], [-54.8773123, -27.1091693], [-54.8780968, -27.1096433], [-54.8784999, -27.109086]]]}}, {"type": "Feature", "properties": {"capa": "manzanas", "nombre": "Manzana 331", "osm_id": "1073891780"}, "geometry": {"type": "Polygon", "coordinates": [[[-54.8775221, -27.1084455], [-54.877061, -27.1081421], [-54.8766082, -27.1087736], [-54.8770936, -27.1090728], [-54.8775221, -27.1084455]]]}}, {"type": "Feature", "properties": {"capa": "manzanas", "nombre": "Manzana 332", "osm_id": "1073891781"}, "geometry": {"type": "Polygon", "coordinates": [[[-54.8768944, -27.1080795], [-54.8761459, -27.1076063], [-54.8756902, -27.1081809], [-54.8764442, -27.1086492], [-54.8768944, -27.1080795]]]}}, {"type": "Feature", "properties": {"capa": "manzanas", "nombre": "Manzana 333", "osm_id": "1073891782"}, "geometry": {"type": "Polygon", "coordinates": [[[-54.8759994, -27.1074808], [-54.8753919, -27.1071428], [-54.8749363, -27.1077222], [-54.8755112, -27.1080747], [-54.8759994, -27.1074808]]]}}, {"type": "Feature", "properties": {"capa": "manzanas", "nombre": "Manzana 334", "osm_id": "1073891783"}, "geometry": {"type": "Polygon", "coordinates": [[[-54.8752346, -27.1070269], [-54.8747247, -27.1067469], [-54.874242, -27.1074325], [-54.8746922, -27.1077319], [-54.8752346, -27.1070269]]]}}, {"type": "Feature", "properties": {"capa": "manzanas", "nombre": "Manzana 333", "osm_id": "1073891784"}, "geometry": {"type": "Polygon", "coordinates": [[[-54.874543, -27.1077319], [-54.8740331, -27.1074518], [-54.8735504, -27.1081374], [-54.8740006, -27.1084368], [-54.874543, -27.1077319]]]}}, {"type": "Feature", "properties": {"capa": "manzanas", "nombre": "Manzana 435", "osm_id": "1073891785"}, "geometry": {"type": "Polygon", "coordinates": [[[-54.878999, -27.1085527], [-54.878142, -27.1079926], [-54.8778274, -27.1084175], [-54.8786953, -27.1089583], [-54.878999, -27.1085527]]]}}, {"type": "Feature", "properties": {"capa": "manzanas", "nombre": "Manzana 436", "osm_id": "1073891786"}, "geometry": {"type": "Polygon", "coordinates": [[[-54.8780172, -27.1079057], [-54.8775182, -27.1075725], [-54.8771873, -27.1080167], [-54.8776809, -27.1083354], [-54.8780172, -27.1079057]]]}}, {"type": "Feature", "properties": {"capa": "manzanas", "nombre": "Manzana 391", "osm_id": "1073891787"}, "geometry": {"type": "Polygon", "coordinates": [[[-54.87735, -27.1075097], [-54.8766286, -27.1070655], [-54.8763032, -27.107476], [-54.8770354, -27.1078912], [-54.87735, -27.1075097]]]}}, {"type": "Feature", "properties": {"capa": "manzanas", "nombre": "Manzana 401", "osm_id": "1073891788"}, "geometry": {"type": "Polygon", "coordinates": [[[-54.8764361, -27.1069569], [-54.8757146, -27.1065127], [-54.8753892, -27.1069231], [-54.8761215, -27.1073383], [-54.8764361, -27.1069569]]]}}, {"type": "Feature", "properties": {"capa": "manzanas", "nombre": "Manzana 400", "osm_id": "1073891789"}, "geometry": {"type": "Polygon", "coordinates": [[[-54.875347, -27.1063538], [-54.8749882, -27.1061233], [-54.8746329, -27.1065561], [-54.8749715, -27.1067372], [-54.875347, -27.1063538]]]}}, {"type": "Feature", "properties": {"capa": "manzanas", "nombre": "Manzana 402", "osm_id": "1073891790"}, "geometry": {"type": "Polygon", "coordinates": [[[-54.8768832, -27.1063493], [-54.875943, -27.1058289], [-54.8756445, -27.1062474], [-54.8765439, -27.1068115], [-54.8768832, -27.1063493]]]}}, {"type": "Feature", "properties": {"capa": "manzanas", "nombre": "Manzana 399", "osm_id": "1073891791"}, "geometry": {"type": "Polygon", "coordinates": [[[-54.8757931, -27.1057306], [-54.8754343, -27.1055001], [-54.875079, -27.1059329], [-54.8754176, -27.106114], [-54.8757931, -27.1057306]]]}}, {"type": "Feature", "properties": {"capa": "manzanas", "nombre": "Manzana 403", "osm_id": "1073891792"}, "geometry": {"type": "Polygon", "coordinates": [[[-54.8775455, -27.1055123], [-54.8773901, -27.1054104], [-54.8768096, -27.105425], [-54.876409, -27.1052358], [-54.8760165, -27.1057088], [-54.8770059, -27.1062547], [-54.8775455, -27.1055123]]]}}, {"type": "Feature", "properties": {"capa": "manzanas", "nombre": "Manzana 329", "osm_id": "1073891793"}, "geometry": {"type": "Polygon", "coordinates": [[[-54.8785634, -27.1060618], [-54.8777254, -27.1055669], [-54.8771285, -27.1063602], [-54.877942, -27.1068551], [-54.8785634, -27.1060618]]]}}, {"type": "Feature", "properties": {"capa": "manzanas", "nombre": "Manzana 390", "osm_id": "1073891794"}, "geometry": {"type": "Polygon", "coordinates": [[[-54.8777746, -27.106952], [-54.8770532, -27.1065078], [-54.8767277, -27.1069182], [-54.87746, -27.1073335], [-54.8777746, -27.106952]]]}}, {"type": "Feature", "properties": {"capa": "manzanas", "nombre": "Manzana 434", "osm_id": "1073891795"}, "geometry": {"type": "Polygon", "coordinates": [[[-54.8785532, -27.1072545], [-54.8780542, -27.1069213], [-54.8776375, -27.1074747], [-54.8781392, -27.1077642], [-54.8785532, -27.1072545]]]}}, {"type": "Feature", "properties": {"capa": "manzanas", "nombre": "Manzana 397", "osm_id": "1073891796"}, "geometry": {"type": "Polygon", "coordinates": [[[-54.8791398, -27.1064439], [-54.878682, -27.1061637], [-54.878171, -27.1068369], [-54.8786493, -27.1070953], [-54.8791398, -27.1064439]]]}}, {"type": "Feature", "properties": {"capa": "manzanas", "nombre": "Manzana 336", "osm_id": "1073891797"}, "geometry": {"type": "Polygon", "coordinates": [[[-54.880159, -27.1070661], [-54.8792767, -27.1065376], [-54.8787945, -27.1071755], [-54.8796766, -27.1077041], [-54.880159, -27.1070661]]]}}, {"type": "Feature", "properties": {"capa": "manzanas", "nombre": "Manzana 433", "osm_id": "1073891798"}, "geometry": {"type": "Polygon", "coordinates": [[[-54.8795813, -27.1078304], [-54.8787351, -27.1073173], [-54.8782445, -27.1078777], [-54.8791439, -27.1084345], [-54.8795813, -27.1078304]]]}}, {"type": "Feature", "properties": {"capa": "manzanas", "nombre": "Manzana 254", "osm_id": "1073894952"}, "geometry": {"type": "Polygon", "coordinates": [[[-54.8794224, -27.091935], [-54.8782508, -27.0912348], [-54.877947, -27.0916694], [-54.879097, -27.0923406], [-54.8794224, -27.091935]]]}}, {"type": "Feature", "properties": {"capa": "manzanas", "nombre": "Manzana 253", "osm_id": "1073894953"}, "geometry": {"type": "Polygon", "coordinates": [[[-54.8798455, -27.0913676], [-54.8786739, -27.0906674], [-54.8783701, -27.091102], [-54.8795201, -27.0917732], [-54.8798455, -27.0913676]]]}}, {"type": "Feature", "properties": {"capa": "manzanas", "nombre": "Manzana 252", "osm_id": "1073894954"}, "geometry": {"type": "Polygon", "coordinates": [[[-54.8801384, -27.0909475], [-54.8789668, -27.0902472], [-54.8787552, -27.090566], [-54.8799215, -27.0912469], [-54.8801384, -27.0909475]]]}}, {"type": "Feature", "properties": {"capa": "manzanas", "nombre": "Manzana 266", "osm_id": "1073894955"}, "geometry": {"type": "Polygon", "coordinates": [[[-54.8780392, -27.091172], [-54.8769924, -27.090578], [-54.876873, -27.090776], [-54.8769652, -27.0911092], [-54.8777463, -27.0915921], [-54.8780392, -27.091172]]]}}, {"type": "Feature", "properties": {"capa": "manzanas", "nombre": "Manzana 264", "osm_id": "1073894956"}, "geometry": {"type": "Polygon", "coordinates": [[[-54.8810388, -27.0897329], [-54.8805127, -27.0894239], [-54.8797425, -27.0904718], [-54.8802849, -27.0907712], [-54.8810388, -27.0897329]]]}}, {"type": "Feature", "properties": {"capa": "manzanas", "nombre": "Manzana 265", "osm_id": "1073894957"}, "geometry": {"type": "Polygon", "coordinates": [[[-54.8803011, -27.0893466], [-54.8796719, -27.0892259], [-54.8790481, -27.0900806], [-54.8795797, -27.0903993], [-54.8803011, -27.0893466]]]}}, {"type": "Feature", "properties": {"capa": "manzanas", "nombre": "Manzana 284", "osm_id": "1073894958"}, "geometry": {"type": "Polygon", "coordinates": [[[-54.8795092, -27.089081], [-54.8783321, -27.088825], [-54.8792271, -27.0894335], [-54.8795092, -27.089081]]]}}, {"type": "Feature", "properties": {"capa": "manzanas", "nombre": "Manzana 285", "osm_id": "1073894959"}, "geometry": {"type": "Polygon", "coordinates": [[[-54.8791566, -27.0895639], [-54.8781477, -27.0889699], [-54.8778819, -27.0893418], [-54.8788529, -27.0899164], [-54.8791566, -27.0895639]]]}}, {"type": "Feature", "properties": {"capa": "manzanas", "nombre": "Manzana 286", "osm_id": "1073894960"}, "geometry": {"type": "Polygon", "coordinates": [[[-54.8788095, -27.0900951], [-54.8777463, -27.0895156], [-54.8771334, -27.0904476], [-54.878164, -27.0909788], [-54.8788095, -27.0900951]]]}}, {"type": "Feature", "properties": {"capa": "manzanas", "nombre": "Manzana 267", "osm_id": "1073894961"}, "geometry": {"type": "Polygon", "coordinates": [[[-54.8772473, -27.0899406], [-54.8769544, -27.090377], [-54.8767808, -27.0903305], [-54.8766832, -27.0898512], [-54.8758587, -27.0895301], [-54.8760757, -27.0892645], [-54.8772473, -27.0899406]]]}}, {"type": "Feature", "properties": {"capa": "manzanas", "nombre": "Manzana 393", "osm_id": "1073894962"}, "geometry": {"type": "Polygon", "coordinates": [[[-54.8815162, -27.088458], [-54.8808815, -27.0884339], [-54.8806537, -27.0890713], [-54.8813209, -27.0891921], [-54.8815162, -27.088458]]]}}, {"type": "Feature", "properties": {"capa": "calles", "nombre": null, "osm_id": "1114745536"}, "geometry": {"type": "LineString", "coordinates": [[-54.8683507, -27.0928534], [-54.8684605, -27.0934341], [-54.8684702, -27.0935059], [-54.8683519, -27.0937557]]}}, {"type": "Feature", "properties": {"capa": "calles", "nombre": null, "osm_id": "1114956196"}, "geometry": {"type": "LineString", "coordinates": [[-54.9038273, -27.1163442], [-54.9036482, -27.1166103], [-54.9036895, -27.1170283], [-54.9036585, -27.1172579], [-54.9037411, -27.1175105], [-54.9040803, -27.118924], [-54.9045071, -27.1207028]]}}, {"type": "Feature", "properties": {"capa": "calles", "nombre": null, "osm_id": "1114956197"}, "geometry": {"type": "LineString", "coordinates": [[-54.895627, -27.1196035], [-54.896162, -27.1200092], [-54.8977131, -27.1209706]]}}, {"type": "Feature", "properties": {"capa": "calles", "nombre": null, "osm_id": "1114956198"}, "geometry": {"type": "LineString", "coordinates": [[-54.896075, -27.118951], [-54.8971649, -27.119643]]}}, {"type": "Feature", "properties": {"capa": "calles", "nombre": null, "osm_id": "1141521150"}, "geometry": {"type": "LineString", "coordinates": [[-54.8699571, -27.0963886], [-54.8710163, -27.0970794], [-54.8716662, -27.0961454], [-54.871849, -27.0958826]]}}, {"type": "Feature", "properties": {"capa": "agua", "nombre": null, "osm_id": "1141521151"}, "geometry": {"type": "Polygon", "coordinates": [[[-54.8674149, -27.1070846], [-54.8672865, -27.1070347], [-54.8671837, -27.107228], [-54.8673238, -27.1072799], [-54.8674149, -27.1070846]]]}}, {"type": "Feature", "properties": {"capa": "agua", "nombre": null, "osm_id": "1141521152"}, "geometry": {"type": "Polygon", "coordinates": [[[-54.867535, -27.1072657], [-54.867445, -27.1072184], [-54.8673641, -27.1073407], [-54.867454, -27.1073879], [-54.867535, -27.1072657]]]}}, {"type": "Feature", "properties": {"capa": "calles", "nombre": null, "osm_id": "1143407536"}, "geometry": {"type": "LineString", "coordinates": [[-54.8796198, -27.1023526], [-54.8785639, -27.1036967], [-54.8780373, -27.1043671], [-54.879057, -27.1049943], [-54.8800917, -27.1056308]]}}, {"type": "Feature", "properties": {"capa": "calles", "nombre": null, "osm_id": "1143407537"}, "geometry": {"type": "LineString", "coordinates": [[-54.8785639, -27.1036967], [-54.8795717, -27.1043104], [-54.8805002, -27.1048759], [-54.8805212, -27.1049432], [-54.8804804, -27.1050037]]}}, {"type": "Feature", "properties": {"capa": "calles", "nombre": null, "osm_id": "1143407538"}, "geometry": {"type": "LineString", "coordinates": [[-54.8795717, -27.1043104], [-54.879057, -27.1049943]]}}, {"type": "Feature", "properties": {"capa": "edificios", "nombre": null, "osm_id": "1143407539"}, "geometry": {"type": "Polygon", "coordinates": [[[-54.8878797, -27.1004243], [-54.8878192, -27.1004229], [-54.8878113, -27.1006938], [-54.8878718, -27.1006952], [-54.8878797, -27.1004243]]]}}, {"type": "Feature", "properties": {"capa": "edificios", "nombre": null, "osm_id": "1143407540"}, "geometry": {"type": "Polygon", "coordinates": [[[-54.8878774, -27.1008773], [-54.8878169, -27.1008759], [-54.887809, -27.1011468], [-54.8878695, -27.1011482], [-54.8878774, -27.1008773]]]}}, {"type": "Feature", "properties": {"capa": "edificios", "nombre": null, "osm_id": "1143407542"}, "geometry": {"type": "Polygon", "coordinates": [[[-54.8875542, -27.1014754], [-54.887446, -27.1015055], [-54.8873436, -27.101507], [-54.8872413, -27.1014934], [-54.8871212, -27.1014377], [-54.8870619, -27.1013955], [-54.8869486, -27.1012886], [-54.8868971, -27.1013179], [-54.8869445, -27.1013815], [-54.8869945, -27.101436], [-54.8870839, -27.101501], [-54.8871245, -27.1015281], [-54.8872098, -27.1015484], [-54.8873242, -27.1015717], [-54.8874426, -27.1015702], [-54.8875559, -27.1015491], [-54.8875542, -27.1014754]]]}}, {"type": "Feature", "properties": {"capa": "calles", "nombre": null, "osm_id": "1143714476"}, "geometry": {"type": "LineString", "coordinates": [[-54.8766546, -27.0878694], [-54.875808, -27.0877521], [-54.8750975, -27.0876536], [-54.8749697, -27.088326]]}}, {"type": "Feature", "properties": {"capa": "calles", "nombre": null, "osm_id": "1143714477"}, "geometry": {"type": "LineString", "coordinates": [[-54.875808, -27.0877521], [-54.8756736, -27.0884269]]}}, {"type": "Feature", "properties": {"capa": "calles", "nombre": null, "osm_id": "1143714478"}, "geometry": {"type": "LineString", "coordinates": [[-54.8751414, -27.0883639], [-54.874814, -27.0884916], [-54.8745248, -27.0885774], [-54.8743831, -27.088532], [-54.8737416, -27.0880317]]}}, {"type": "Feature", "properties": {"capa": "calles", "nombre": null, "osm_id": "1143714479"}, "geometry": {"type": "LineString", "coordinates": [[-54.9051064, -27.0928718], [-54.9051093, -27.0938953]]}}, {"type": "Feature", "properties": {"capa": "agua", "nombre": null, "osm_id": "1157900753"}, "geometry": {"type": "Polygon", "coordinates": [[[-54.9071393, -27.0882955], [-54.907259, -27.0883246], [-54.907259, -27.0884311], [-54.907259, -27.088528], [-54.9072698, -27.0886248], [-54.907259, -27.088712], [-54.9072209, -27.0887895], [-54.9071447, -27.088804], [-54.9070631, -27.0887217], [-54.9070795, -27.0885764], [-54.9070958, -27.088436], [-54.9071393, -27.0882955]]]}}, {"type": "Feature", "properties": {"capa": "agua", "nombre": null, "osm_id": "1157900754"}, "geometry": {"type": "Polygon", "coordinates": [[[-54.907208, -27.0878526], [-54.9073219, -27.0879414], [-54.9073148, -27.0880079], [-54.9072792, -27.0880681], [-54.9072187, -27.0880808], [-54.9071689, -27.0880681], [-54.9071262, -27.0880206], [-54.9071084, -27.087954], [-54.907208, -27.0878526]]]}}, {"type": "Feature", "properties": {"capa": "agua", "nombre": null, "osm_id": "1157900755"}, "geometry": {"type": "Polygon", "coordinates": [[[-54.9163724, -27.0912388], [-54.9165464, -27.0913066], [-54.9164322, -27.0914035], [-54.916405, -27.0914858], [-54.9164594, -27.0915826], [-54.9164649, -27.0916311], [-54.9163561, -27.0917134], [-54.9163017, -27.091602], [-54.9162473, -27.0914713], [-54.9162364, -27.0913502], [-54.916231, -27.0912824], [-54.9163724, -27.0912388]]]}}, {"type": "Feature", "properties": {"capa": "edificios", "nombre": null, "osm_id": "1157900758"}, "geometry": {"type": "Polygon", "coordinates": [[[-54.9097444, -27.0903915], [-54.9096344, -27.0904083], [-54.9096478, -27.0905157], [-54.9097551, -27.0905038], [-54.9097444, -27.0903915]]]}}, {"type": "Feature", "properties": {"capa": "calles", "nombre": null, "osm_id": "1157900759"}, "geometry": {"type": "LineString", "coordinates": [[-54.8957047, -27.0865942], [-54.8962213, -27.0869738], [-54.8962812, -27.0870807]]}}, {"type": "Feature", "properties": {"capa": "calles", "nombre": null, "osm_id": "1157900760"}, "geometry": {"type": "LineString", "coordinates": [[-54.8999739, -27.1053518], [-54.8992781, -27.1056398]]}}, {"type": "Feature", "properties": {"capa": "edificios", "nombre": null, "osm_id": "1157900762"}, "geometry": {"type": "Polygon", "coordinates": [[[-54.9034333, -27.1184891], [-54.9032737, -27.1183887], [-54.9032538, -27.1184137], [-54.9031406, -27.1183426], [-54.9031045, -27.118388], [-54.9031405, -27.1184107], [-54.90309, -27.1184742], [-54.9033535, -27.1186399], [-54.9034336, -27.118539], [-54.903407, -27.1185222], [-54.9034333, -27.1184891]]]}}, {"type": "Feature", "properties": {"capa": "calles", "nombre": null, "osm_id": "1178362561"}, "geometry": {"type": "LineString", "coordinates": [[-54.8769178, -27.1114274], [-54.8777828, -27.1120169], [-54.8786193, -27.112587]]}}, {"type": "Feature", "properties": {"capa": "calles", "nombre": null, "osm_id": "1178362562"}, "geometry": {"type": "LineString", "coordinates": [[-54.8781876, -27.1115609], [-54.8777828, -27.1120169]]}}, {"type": "Feature", "properties": {"capa": "calles", "nombre": null, "osm_id": "1178362563"}, "geometry": {"type": "LineString", "coordinates": [[-54.8790281, -27.1120923], [-54.8781876, -27.1115609]]}}, {"type": "Feature", "properties": {"capa": "calles", "nombre": null, "osm_id": "1178362564"}, "geometry": {"type": "LineString", "coordinates": [[-54.8786193, -27.112587], [-54.8790281, -27.1120923]]}}, {"type": "Feature", "properties": {"capa": "edificios", "nombre": null, "osm_id": "1178362565"}, "geometry": {"type": "Polygon", "coordinates": [[[-54.8787135, -27.1123066], [-54.8786313, -27.112253], [-54.8785518, -27.1123497], [-54.8786339, -27.1124033], [-54.8787135, -27.1123066]]]}}, {"type": "Feature", "properties": {"capa": "edificios", "nombre": null, "osm_id": "1178362566"}, "geometry": {"type": "Polygon", "coordinates": [[[-54.8785804, -27.1122396], [-54.8784982, -27.1121861], [-54.8784187, -27.1122827], [-54.8785009, -27.1123363], [-54.8785804, -27.1122396]]]}}, {"type": "Feature", "properties": {"capa": "edificios", "nombre": null, "osm_id": "1178362567"}, "geometry": {"type": "Polygon", "coordinates": [[[-54.878334, -27.1120872], [-54.8782518, -27.1120336], [-54.8781723, -27.1121303], [-54.8782545, -27.1121838], [-54.878334, -27.1120872]]]}}, {"type": "Feature", "properties": {"capa": "edificios", "nombre": null, "osm_id": "1178362568"}, "geometry": {"type": "Polygon", "coordinates": [[[-54.8782048, -27.1120069], [-54.8781226, -27.1119534], [-54.8780431, -27.11205], [-54.8781253, -27.1121036], [-54.8782048, -27.1120069]]]}}, {"type": "Feature", "properties": {"capa": "edificios", "nombre": null, "osm_id": "1178362569"}, "geometry": {"type": "Polygon", "coordinates": [[[-54.8780936, -27.111932], [-54.8780114, -27.1118785], [-54.8779319, -27.1119751], [-54.8780141, -27.1120287], [-54.8780936, -27.111932]]]}}, {"type": "Feature", "properties": {"capa": "edificios", "nombre": null, "osm_id": "1178362570"}, "geometry": {"type": "Polygon", "coordinates": [[[-54.8784993, -27.1118919], [-54.8784171, -27.1118383], [-54.8783376, -27.111935], [-54.8784198, -27.1119886], [-54.8784993, -27.1118919]]]}}, {"type": "Feature", "properties": {"capa": "edificios", "nombre": null, "osm_id": "1178362571"}, "geometry": {"type": "Polygon", "coordinates": [[[-54.8787487, -27.1120444], [-54.8786665, -27.1119908], [-54.878587, -27.1120875], [-54.8786692, -27.112141], [-54.8787487, -27.1120444]]]}}, {"type": "Feature", "properties": {"capa": "edificios", "nombre": null, "osm_id": "1178362572"}, "geometry": {"type": "Polygon", "coordinates": [[[-54.8788749, -27.1121246], [-54.8787927, -27.1120711], [-54.8787132, -27.1121677], [-54.8787954, -27.1122213], [-54.8788749, -27.1121246]]]}}, {"type": "Feature", "properties": {"capa": "edificios", "nombre": null, "osm_id": "1178362573"}, "geometry": {"type": "Polygon", "coordinates": [[[-54.878361, -27.111809], [-54.8782789, -27.1117554], [-54.8781993, -27.1118521], [-54.8782815, -27.1119056], [-54.878361, -27.111809]]]}}, {"type": "Feature", "properties": {"capa": "agua", "nombre": null, "osm_id": "1178362574"}, "geometry": {"type": "Polygon", "coordinates": [[[-54.8774453, -27.1184458], [-54.8775602, -27.1184867], [-54.8775602, -27.1185644], [-54.877381, -27.1186379], [-54.8773259, -27.1185725], [-54.8772984, -27.1184703], [-54.8774453, -27.1184458]]]}}, {"type": "Feature", "properties": {"capa": "rutas", "nombre": "Corrientes", "osm_id": "1206848391"}, "geometry": {"type": "LineString", "coordinates": [[-54.887478, -27.1058392], [-54.8874383, -27.1059154], [-54.8870678, -27.1064261], [-54.8866858, -27.106913], [-54.8866383, -27.1069708], [-54.8864521, -27.1072112], [-54.8863869, -27.1072977], [-54.8862127, -27.1075238], [-54.8858197, -27.1080841]]}}, {"type": "Feature", "properties": {"capa": "verde", "nombre": null, "osm_id": "1211793562"}, "geometry": {"type": "Polygon", "coordinates": [[[-54.9196805, -27.093989], [-54.9180521, -27.0934323], [-54.9171923, -27.0931656], [-54.9167755, -27.0926205], [-54.9164628, -27.0918667], [-54.9167494, -27.0911476], [-54.9169709, -27.0906605], [-54.9174008, -27.0906605], [-54.9178567, -27.090962], [-54.9181824, -27.0905677], [-54.9188207, -27.0901154], [-54.9192766, -27.088944], [-54.9185211, -27.0885159], [-54.9179323, -27.0884652], [-54.917543, -27.0885074], [-54.9174005, -27.0888287], [-54.9170966, -27.0886512], [-54.9165363, -27.0883214], [-54.9165363, -27.0874759], [-54.9168402, -27.0875858], [-54.9170681, -27.0874844], [-54.9171441, -27.0873068], [-54.9167263, -27.0870785], [-54.9165838, -27.0867826], [-54.9165363, -27.0863514], [-54.9166313, -27.0857511], [-54.9168687, -27.0854129], [-54.917524, -27.0851761], [-54.9181698, -27.0850409], [-54.9187491, -27.0849817], [-54.9190909, -27.0851254], [-54.9194043, -27.0854974], [-54.9198317, -27.0862077], [-54.920183, -27.0867403], [-54.9208763, -27.0872138], [-54.9215791, -27.0876028], [-54.9217785, -27.0881016], [-54.9217785, -27.0897672], [-54.9219494, -27.0910608], [-54.9225667, -27.0916273], [-54.9222153, -27.0920838], [-54.9214461, -27.0925911], [-54.9212657, -27.0922275], [-54.9215316, -27.0916273], [-54.9211802, -27.0911369], [-54.9204774, -27.0911707], [-54.920297, -27.0915343], [-54.9205819, -27.0919908], [-54.9211327, -27.0922191], [-54.9213701, -27.0926672], [-54.9204964, -27.0931322], [-54.9198602, -27.0930645], [-54.9195848, -27.0933943], [-54.9197652, -27.0937155], [-54.9196805, -27.093989]]]}}, {"type": "Feature", "properties": {"capa": "verde", "nombre": null, "osm_id": "1211793563"}, "geometry": {"type": "Polygon", "coordinates": [[[-54.9142286, -27.0951697], [-54.9137063, -27.0948738], [-54.9131745, -27.0946371], [-54.9123198, -27.0944004], [-54.9113322, -27.0941636], [-54.9112372, -27.0940453], [-54.9113037, -27.0937916], [-54.9109808, -27.0936986], [-54.9110093, -27.0933943], [-54.9114936, -27.0928785], [-54.911731, -27.0926672], [-54.9119304, -27.0926334], [-54.9121109, -27.0933605], [-54.9121352, -27.093406], [-54.9122058, -27.093538], [-54.9125382, -27.0935887], [-54.912635, -27.093405], [-54.9126807, -27.0933182], [-54.9125857, -27.0931322], [-54.9122343, -27.0930815], [-54.9121299, -27.0929377], [-54.9120539, -27.0926418], [-54.9121774, -27.0923544], [-54.9123673, -27.0921007], [-54.9124433, -27.0919147], [-54.9129846, -27.092236], [-54.9130416, -27.0923459], [-54.9129656, -27.0927264], [-54.9132695, -27.0929462], [-54.9136398, -27.0934196], [-54.9140767, -27.0930054], [-54.914504, -27.092794], [-54.9146465, -27.0929546], [-54.9147984, -27.0930223], [-54.9149884, -27.0928701], [-54.9152543, -27.0929631], [-54.9153777, -27.0932505], [-54.9152828, -27.0935718], [-54.91458, -27.0937916], [-54.9142761, -27.0938931], [-54.9141432, -27.094003], [-54.9144471, -27.0941298], [-54.9145515, -27.0942989], [-54.9143331, -27.094654], [-54.9144471, -27.0949245], [-54.9142286, -27.0951697]]]}}, {"type": "Feature", "properties": {"capa": "agua", "nombre": null, "osm_id": "1211793564"}, "geometry": {"type": "Polygon", "coordinates": [[[-54.912454, -27.0934778], [-54.9122649, -27.0934462], [-54.9121648, -27.0933639], [-54.9121407, -27.0932147], [-54.9121762, -27.093162], [-54.9123299, -27.0931778], [-54.9124895, -27.093162], [-54.9125722, -27.0931831], [-54.9126018, -27.0932462], [-54.9125995, -27.0933681], [-54.9125309, -27.0934673], [-54.912454, -27.0934778]]]}}, {"type": "Feature", "properties": {"capa": "agua", "nombre": null, "osm_id": "1211793565"}, "geometry": {"type": "Polygon", "coordinates": [[[-54.9111595, -27.0940567], [-54.9109526, -27.0940146], [-54.9109408, -27.0939198], [-54.9109703, -27.0938146], [-54.9110472, -27.093783], [-54.9111772, -27.0938041], [-54.9112245, -27.0938462], [-54.9112186, -27.0939409], [-54.9111595, -27.0940567]]]}}, {"type": "Feature", "properties": {"capa": "edificios", "nombre": null, "osm_id": "1211793566"}, "geometry": {"type": "Polygon", "coordinates": [[[-54.9108492, -27.0940017], [-54.9108681, -27.0939306], [-54.9107696, -27.0939098], [-54.9107507, -27.0939809], [-54.9108492, -27.0940017]]]}}, {"type": "Feature", "properties": {"capa": "verde", "nombre": null, "osm_id": "1211793567"}, "geometry": {"type": "Polygon", "coordinates": [[[-54.9108163, -27.0903788], [-54.9087811, -27.0911296], [-54.9086919, -27.0916638], [-54.9086189, -27.0924795], [-54.9082216, -27.0933169], [-54.9090324, -27.0936128], [-54.9092595, -27.0936201], [-54.9095189, -27.0926672], [-54.9090081, -27.0925589], [-54.908927, -27.0924723], [-54.9091135, -27.0922196], [-54.9097946, -27.0925084], [-54.9099325, -27.0924506], [-54.9100622, -27.0919309], [-54.9098838, -27.0917215], [-54.909373, -27.0916277], [-54.9091784, -27.0913678], [-54.9091541, -27.0912451], [-54.909973, -27.0915916], [-54.9109217, -27.0904943], [-54.9108163, -27.0903788]]]}}, {"type": "Feature", "properties": {"capa": "verde", "nombre": null, "osm_id": "1211793568"}, "geometry": {"type": "Polygon", "coordinates": [[[-54.9072891, -27.0925878], [-54.9069648, -27.0925445], [-54.9064134, -27.0929343], [-54.9046215, -27.0924651], [-54.9048728, -27.0918298], [-54.9061864, -27.0920753], [-54.9062756, -27.0916205], [-54.9068432, -27.0916854], [-54.9075729, -27.0918226], [-54.9072891, -27.0925878]]]}}, {"type": "Feature", "properties": {"capa": "verde", "nombre": null, "osm_id": "1211793569"}, "geometry": {"type": "Polygon", "coordinates": [[[-54.9085946, -27.0915411], [-54.9086838, -27.0908914], [-54.9085378, -27.0903861], [-54.9038593, -27.0908986], [-54.9038187, -27.0925589], [-54.904516, -27.0926239], [-54.9048323, -27.0917649], [-54.9060972, -27.0919959], [-54.9062269, -27.0915627], [-54.9076297, -27.0917937], [-54.9072972, -27.0926528], [-54.9069405, -27.0926311], [-54.906454, -27.0930281], [-54.9080675, -27.0933313], [-54.9084081, -27.0926672], [-54.9085703, -27.0921258], [-54.9085946, -27.0915411]]]}}, {"type": "Feature", "properties": {"capa": "edificios", "nombre": null, "osm_id": "1211793570"}, "geometry": {"type": "Polygon", "coordinates": [[[-54.9056388, -27.0899713], [-54.905445, -27.089919], [-54.9053756, -27.0901227], [-54.9055694, -27.090175], [-54.9056388, -27.0899713]]]}}, {"type": "Feature", "properties": {"capa": "verde", "nombre": null, "osm_id": "1211793571"}, "geometry": {"type": "Polygon", "coordinates": [[[-54.9086867, -27.0900014], [-54.9061131, -27.0903818], [-54.9060181, -27.0899337], [-54.9058187, -27.0899844], [-54.9057142, -27.0903395], [-54.9055528, -27.0903226], [-54.9057237, -27.0898576], [-54.9053533, -27.0898576], [-54.9051824, -27.0903565], [-54.904869, -27.0903311], [-54.9048405, -27.089697], [-54.9043562, -27.0889022], [-54.9043277, -27.0886148], [-54.9054958, -27.0879299], [-54.9058756, -27.0879045], [-54.9060181, -27.0888261], [-54.9059516, -27.0890375], [-54.9063695, -27.0890121], [-54.9064644, -27.0886655], [-54.9064264, -27.0881244], [-54.9064549, -27.0879468], [-54.9070057, -27.0879975], [-54.9069393, -27.0886909], [-54.9070437, -27.0888938], [-54.9073381, -27.0888177], [-54.9074046, -27.0884795], [-54.9074046, -27.0881836], [-54.9074616, -27.0880398], [-54.9086582, -27.0880398], [-54.9086867, -27.0900014]]]}}, {"type": "Feature", "properties": {"capa": "verde", "nombre": null, "osm_id": "1211793572"}, "geometry": {"type": "Polygon", "coordinates": [[[-54.8720766, -27.0797936], [-54.8712604, -27.0799799], [-54.8708837, -27.0811352], [-54.8685397, -27.081098], [-54.8680583, -27.0805762], [-54.8667189, -27.0805017], [-54.8661956, -27.0807439], [-54.866091, -27.081098], [-54.8671374, -27.0810607], [-54.8669909, -27.0825142], [-54.8684769, -27.0827005], [-54.8681839, -27.0836695], [-54.8688117, -27.0846943], [-54.8679537, -27.0863341], [-54.8686234, -27.0864459], [-54.8697535, -27.0841726], [-54.8701303, -27.0832036], [-54.8708, -27.0817315], [-54.8710093, -27.0814707], [-54.8715534, -27.0815825], [-54.871972, -27.0805389], [-54.8720766, -27.0797936]]]}}, {"type": "Feature", "properties": {"capa": "edificios", "nombre": null, "osm_id": "1212487538"}, "geometry": {"type": "Polygon", "coordinates": [[[-54.9171454, -27.0890313], [-54.9169908, -27.0889689], [-54.9170672, -27.0888189], [-54.9172218, -27.0888813], [-54.9171454, -27.0890313]]]}}, {"type": "Feature", "properties": {"capa": "edificios", "nombre": null, "osm_id": "1212487539"}, "geometry": {"type": "Polygon", "coordinates": [[[-54.916969, -27.0939535], [-54.9170181, -27.0938251], [-54.916858, -27.0937766], [-54.9168089, -27.0939051], [-54.916969, -27.0939535]]]}}, {"type": "Feature", "properties": {"capa": "edificios", "nombre": null, "osm_id": "1212487540"}, "geometry": {"type": "Polygon", "coordinates": [[[-54.917241, -27.0937417], [-54.917258, -27.0936734], [-54.9171755, -27.0936571], [-54.9171585, -27.0937253], [-54.917241, -27.0937417]]]}}, {"type": "Feature", "properties": {"capa": "edificios", "nombre": null, "osm_id": "1212487541"}, "geometry": {"type": "Polygon", "coordinates": [[[-54.917259, -27.0942852], [-54.917276, -27.094217], [-54.9171936, -27.0942007], [-54.9171765, -27.0942689], [-54.917259, -27.0942852]]]}}, {"type": "Feature", "properties": {"capa": "edificios", "nombre": null, "osm_id": "1212487542"}, "geometry": {"type": "Polygon", "coordinates": [[[-54.9173713, -27.0940221], [-54.9173884, -27.0939539], [-54.9173059, -27.0939375], [-54.9172888, -27.0940058], [-54.9173713, -27.0940221]]]}}, {"type": "Feature", "properties": {"capa": "rutas", "nombre": null, "osm_id": "1213636484"}, "geometry": {"type": "LineString", "coordinates": [[-54.8894889, -27.1031161], [-54.8894685, -27.1030812], [-54.8894468, -27.1030254], [-54.8894363, -27.1029671]]}}, {"type": "Feature", "properties": {"capa": "rutas", "nombre": null, "osm_id": "1213636485"}, "geometry": {"type": "LineString", "coordinates": [[-54.8899633, -27.1032622], [-54.88991, -27.103275], [-54.8898443, -27.1032825]]}}, {"type": "Feature", "properties": {"capa": "rutas", "nombre": null, "osm_id": "1213636486"}, "geometry": {"type": "LineString", "coordinates": [[-54.8901704, -27.1028317], [-54.8901918, -27.1029466], [-54.8901679, -27.1030611], [-54.8901017, -27.1031616], [-54.8899633, -27.1032622]]}}, {"type": "Feature", "properties": {"capa": "rutas", "nombre": null, "osm_id": "1213636487"}, "geometry": {"type": "LineString", "coordinates": [[-54.8898578, -27.1026091], [-54.889946, -27.1026281], [-54.8900266, -27.1026652], [-54.8900949, -27.1027184], [-54.8901283, -27.1027568]]}}, {"type": "Feature", "properties": {"capa": "rutas", "nombre": null, "osm_id": "1213636488"}, "geometry": {"type": "LineString", "coordinates": [[-54.8894363, -27.1029671], [-54.8894437, -27.1028733], [-54.8894799, -27.1027849], [-54.8895502, -27.1027189], [-54.8896498, -27.1026512]]}}, {"type": "Feature", "properties": {"capa": "rutas", "nombre": "Ruta Nacional 14", "osm_id": "1216936742"}, "geometry": {"type": "LineString", "coordinates": [[-54.884498, -27.1013354], [-54.8844865, -27.1013127]]}}, {"type": "Feature", "properties": {"capa": "rutas", "nombre": "Ruta Nacional 14", "osm_id": "1216936743"}, "geometry": {"type": "LineString", "coordinates": [[-54.8848019, -27.1015039], [-54.8847082, -27.1014759], [-54.8845988, -27.1014322], [-54.8845284, -27.1013729], [-54.884498, -27.1013354]]}}, {"type": "Feature", "properties": {"capa": "rutas", "nombre": "Ruta Nacional 14", "osm_id": "1216936744"}, "geometry": {"type": "LineString", "coordinates": [[-54.8849198, -27.1014981], [-54.8848019, -27.1015039]]}}, {"type": "Feature", "properties": {"capa": "rutas", "nombre": "Ruta Nacional 14", "osm_id": "1216936745"}, "geometry": {"type": "LineString", "coordinates": [[-54.8850858, -27.101121], [-54.8851023, -27.1011456]]}}, {"type": "Feature", "properties": {"capa": "rutas", "nombre": "Ruta Nacional 14", "osm_id": "1216936746"}, "geometry": {"type": "LineString", "coordinates": [[-54.884735, -27.1009637], [-54.8848314, -27.1009786], [-54.8848891, -27.1009955], [-54.8849507, -27.1010187], [-54.8850052, -27.101053], [-54.8850858, -27.101121]]}}, {"type": "Feature", "properties": {"capa": "rutas", "nombre": "Ruta Nacional 14", "osm_id": "1216936747"}, "geometry": {"type": "LineString", "coordinates": [[-54.8846558, -27.1009647], [-54.884735, -27.1009637]]}}, {"type": "Feature", "properties": {"capa": "rutas", "nombre": "Ruta Nacional 14", "osm_id": "1216936748"}, "geometry": {"type": "LineString", "coordinates": [[-54.8844865, -27.1013127], [-54.8844794, -27.1012278], [-54.8844957, -27.1011346], [-54.8845198, -27.1010707], [-54.8845703, -27.1010115], [-54.8846558, -27.1009647]]}}, {"type": "Feature", "properties": {"capa": "rutas", "nombre": null, "osm_id": "1216936749"}, "geometry": {"type": "LineString", "coordinates": [[-54.8901283, -27.1027568], [-54.8901704, -27.1028317]]}}, {"type": "Feature", "properties": {"capa": "rutas", "nombre": null, "osm_id": "1216936750"}, "geometry": {"type": "LineString", "coordinates": [[-54.8896498, -27.1026512], [-54.889738, -27.1026136], [-54.8898578, -27.1026091]]}}, {"type": "Feature", "properties": {"capa": "edificios", "nombre": null, "osm_id": "1256902857"}, "geometry": {"type": "Polygon", "coordinates": [[[-54.8876686, -27.0973614], [-54.8874883, -27.0972481], [-54.8873748, -27.0973914], [-54.8874362, -27.0974299], [-54.8873109, -27.0975879], [-54.8871863, -27.0975097], [-54.8871012, -27.0976172], [-54.8873446, -27.0977701], [-54.8876686, -27.0973614]]]}}, {"type": "Feature", "properties": {"capa": "calles", "nombre": "Gobernador López", "osm_id": "1256902858"}, "geometry": {"type": "LineString", "coordinates": [[-54.8875341, -27.0993445], [-54.8866295, -27.0988291]]}}, {"type": "Feature", "properties": {"capa": "calles", "nombre": "López y Planes", "osm_id": "1256902859"}, "geometry": {"type": "LineString", "coordinates": [[-54.8881402, -27.0985171], [-54.8875341, -27.0993445]]}}, {"type": "Feature", "properties": {"capa": "edificios", "nombre": null, "osm_id": "1257872756"}, "geometry": {"type": "Polygon", "coordinates": [[[-54.8708006, -27.1018604], [-54.8702888, -27.1019251], [-54.8702622, -27.1017587], [-54.8701231, -27.1017763], [-54.8701319, -27.1018313], [-54.8699458, -27.1018549], [-54.8700165, -27.1022969], [-54.8704413, -27.1022431], [-54.8704594, -27.1023565], [-54.8706598, -27.1023311], [-54.8706459, -27.1022442], [-54.8708575, -27.1022174], [-54.8708006, -27.1018604]]]}}, {"type": "Feature", "properties": {"capa": "edificios", "nombre": null, "osm_id": "1257872757"}, "geometry": {"type": "Polygon", "coordinates": [[[-54.8712908, -27.1030575], [-54.8710149, -27.1032183], [-54.8711088, -27.103346], [-54.871042, -27.1033849], [-54.8710816, -27.1034388], [-54.8711177, -27.1034177], [-54.8711527, -27.1034653], [-54.8713127, -27.1033721], [-54.8712303, -27.1032601], [-54.871377, -27.1031747], [-54.8712908, -27.1030575]]]}}, {"type": "Feature", "properties": {"capa": "edificios", "nombre": null, "osm_id": "1257872758"}, "geometry": {"type": "Polygon", "coordinates": [[[-54.8716972, -27.1036863], [-54.8715335, -27.103448], [-54.8714676, -27.1034838], [-54.871435, -27.1034363], [-54.8711998, -27.1035644], [-54.8712781, -27.1036783], [-54.8712116, -27.1037145], [-54.8712369, -27.1037513], [-54.8714273, -27.1036476], [-54.8715201, -27.1037827], [-54.8716972, -27.1036863]]]}}, {"type": "Feature", "properties": {"capa": "edificios", "nombre": null, "osm_id": "1257872759"}, "geometry": {"type": "Polygon", "coordinates": [[[-54.8707267, -27.1024359], [-54.8705002, -27.1023951], [-54.8704476, -27.1026262], [-54.8705632, -27.102647], [-54.870582, -27.1025641], [-54.870693, -27.102584], [-54.8707267, -27.1024359]]]}}, {"type": "Feature", "properties": {"capa": "edificios", "nombre": null, "osm_id": "1257872760"}, "geometry": {"type": "Polygon", "coordinates": [[[-54.8701739, -27.1025515], [-54.8700549, -27.1024119], [-54.8698916, -27.1025224], [-54.8700106, -27.1026619], [-54.8701739, -27.1025515]]]}}, {"type": "Feature", "properties": {"capa": "calles", "nombre": null, "osm_id": "1257872761"}, "geometry": {"type": "LineString", "coordinates": [[-54.8729179, -27.0965925], [-54.8727035, -27.0968338], [-54.8725525, -27.0968797], [-54.8716542, -27.0980567], [-54.8725247, -27.0986372]]}}, {"type": "Feature", "properties": {"capa": "calles", "nombre": null, "osm_id": "1257872762"}, "geometry": {"type": "LineString", "coordinates": [[-54.8716662, -27.0961454], [-54.8723811, -27.0966189], [-54.8727035, -27.0968338], [-54.8731629, -27.0971399], [-54.8742299, -27.0978176]]}}, {"type": "Feature", "properties": {"capa": "calles", "nombre": null, "osm_id": "1261978747"}, "geometry": {"type": "LineString", "coordinates": [[-54.8718091, -27.0921613], [-54.8728217, -27.0925088]]}}, {"type": "Feature", "properties": {"capa": "calles", "nombre": null, "osm_id": "1261979273"}, "geometry": {"type": "LineString", "coordinates": [[-54.8741146, -27.0908974], [-54.8728418, -27.0907481], [-54.8723657, -27.0914356], [-54.8718091, -27.0921613]]}}, {"type": "Feature", "properties": {"capa": "calles", "nombre": null, "osm_id": "1261979297"}, "geometry": {"type": "LineString", "coordinates": [[-54.8723657, -27.0914356], [-54.873458, -27.0917145]]}}, {"type": "Feature", "properties": {"capa": "calles", "nombre": null, "osm_id": "1261979457"}, "geometry": {"type": "LineString", "coordinates": [[-54.8718091, -27.0921613], [-54.8712998, -27.0920072], [-54.8704441, -27.0930781]]}}, {"type": "Feature", "properties": {"capa": "verde", "nombre": "Plantacion de yerba", "osm_id": "1262300179"}, "geometry": {"type": "Polygon", "coordinates": [[[-54.8703294, -27.0894527], [-54.8711287, -27.0900163], [-54.8703455, -27.0915827], [-54.8697876, -27.0913822], [-54.8703294, -27.0894527]]]}}, {"type": "Feature", "properties": {"capa": "calles", "nombre": null, "osm_id": "1311624672"}, "geometry": {"type": "LineString", "coordinates": [[-54.886307, -27.0912102], [-54.8859006, -27.091759], [-54.8857108, -27.092053], [-54.8857415, -27.0921667]]}}, {"type": "Feature", "properties": {"capa": "edificios", "nombre": null, "osm_id": "1313467742"}, "geometry": {"type": "Polygon", "coordinates": [[[-54.903629, -27.0903563], [-54.9033977, -27.0903595], [-54.903387, -27.0905591], [-54.903629, -27.0905654], [-54.903629, -27.0903563]]]}}, {"type": "Feature", "properties": {"capa": "edificios", "nombre": null, "osm_id": "1313467743"}, "geometry": {"type": "Polygon", "coordinates": [[[-54.9021761, -27.0898942], [-54.9021034, -27.0899514], [-54.9023068, -27.0901561], [-54.9023795, -27.0900989], [-54.9021761, -27.0898942]]]}}, {"type": "Feature", "properties": {"capa": "edificios", "nombre": null, "osm_id": "1313467744"}, "geometry": {"type": "Polygon", "coordinates": [[[-54.9028938, -27.0904098], [-54.9027486, -27.0904365], [-54.9027744, -27.0905476], [-54.9029196, -27.0905209], [-54.9028938, -27.0904098]]]}}, {"type": "Feature", "properties": {"capa": "edificios", "nombre": null, "osm_id": "1313467745"}, "geometry": {"type": "Polygon", "coordinates": [[[-54.9040464, -27.0894484], [-54.9038193, -27.0894644], [-54.9038269, -27.0895503], [-54.9040541, -27.0895343], [-54.9040464, -27.0894484]]]}}, {"type": "Feature", "properties": {"capa": "edificios", "nombre": null, "osm_id": "1313467746"}, "geometry": {"type": "Polygon", "coordinates": [[[-54.9032912, -27.0887064], [-54.9032033, -27.088676], [-54.9031601, -27.088775], [-54.9032479, -27.0888054], [-54.9032912, -27.0887064]]]}}, {"type": "Feature", "properties": {"capa": "edificios", "nombre": null, "osm_id": "1313467747"}, "geometry": {"type": "Polygon", "coordinates": [[[-54.9032056, -27.0889158], [-54.9031566, -27.0888715], [-54.9030897, -27.0889301], [-54.9031715, -27.0890041], [-54.9032152, -27.0889659], [-54.9031823, -27.0889362], [-54.9032056, -27.0889158]]]}}, {"type": "Feature", "properties": {"capa": "edificios", "nombre": null, "osm_id": "1313467748"}, "geometry": {"type": "Polygon", "coordinates": [[[-54.9043376, -27.0901805], [-54.9042538, -27.0901839], [-54.9042581, -27.0902693], [-54.9043419, -27.090266], [-54.9043376, -27.0901805]]]}}, {"type": "Feature", "properties": {"capa": "calles", "nombre": null, "osm_id": "1313469965"}, "geometry": {"type": "LineString", "coordinates": [[-54.8908875, -27.114538], [-54.8924637, -27.1155685]]}}, {"type": "Feature", "properties": {"capa": "calles", "nombre": null, "osm_id": "1313469966"}, "geometry": {"type": "LineString", "coordinates": [[-54.8930141, -27.1148414], [-54.8924637, -27.1155685]]}}, {"type": "Feature", "properties": {"capa": "calles", "nombre": null, "osm_id": "1313469967"}, "geometry": {"type": "LineString", "coordinates": [[-54.8890921, -27.1134188], [-54.8883087, -27.1129535]]}}, {"type": "Feature", "properties": {"capa": "calles", "nombre": null, "osm_id": "1313469968"}, "geometry": {"type": "LineString", "coordinates": [[-54.8890921, -27.1134188], [-54.8900691, -27.1140703]]}}, {"type": "Feature", "properties": {"capa": "calles", "nombre": null, "osm_id": "1313476759"}, "geometry": {"type": "LineString", "coordinates": [[-54.8687117, -27.0942574], [-54.8685462, -27.0943734], [-54.8682816, -27.0946607], [-54.8680436, -27.0950281], [-54.8678372, -27.0952541], [-54.8675674, -27.0954425], [-54.8673346, -27.0955885], [-54.8672447, -27.0956827]]}}, {"type": "Feature", "properties": {"capa": "calles", "nombre": "De La Cámara", "osm_id": "1339946646"}, "geometry": {"type": "LineString", "coordinates": [[-54.8857415, -27.0921667], [-54.8859918, -27.0927302]]}}, {"type": "Feature", "properties": {"capa": "edificios", "nombre": null, "osm_id": "1382992567"}, "geometry": {"type": "Polygon", "coordinates": [[[-54.8903437, -27.0949986], [-54.8902579, -27.0949576], [-54.8902912, -27.0949024], [-54.8901727, -27.0948457], [-54.8900433, -27.0950601], [-54.8901678, -27.0951196], [-54.8901951, -27.0950742], [-54.890275, -27.0951124], [-54.8903437, -27.0949986]]]}}, {"type": "Feature", "properties": {"capa": "calles", "nombre": null, "osm_id": "1428771671"}, "geometry": {"type": "LineString", "coordinates": [[-54.8759674, -27.1048279], [-54.8763789, -27.1051059]]}}, {"type": "Feature", "properties": {"capa": "calles", "nombre": null, "osm_id": "1428771672"}, "geometry": {"type": "LineString", "coordinates": [[-54.883931, -27.0880449], [-54.8830791, -27.0890194]]}}, {"type": "Feature", "properties": {"capa": "calles", "nombre": null, "osm_id": "1428771673"}, "geometry": {"type": "LineString", "coordinates": [[-54.8811967, -27.0897091], [-54.8821366, -27.0902639]]}}, {"type": "Feature", "properties": {"capa": "calles", "nombre": null, "osm_id": "1428771674"}, "geometry": {"type": "LineString", "coordinates": [[-54.8824296, -27.0898248], [-54.8821366, -27.0902639], [-54.8817481, -27.0908127]]}}, {"type": "Feature", "properties": {"capa": "calles", "nombre": null, "osm_id": "1428771675"}, "geometry": {"type": "LineString", "coordinates": [[-54.9071865, -27.1119354], [-54.9075227, -27.1130435]]}}, {"type": "Feature", "properties": {"capa": "calles", "nombre": null, "osm_id": "1428771676"}, "geometry": {"type": "LineString", "coordinates": [[-54.8985234, -27.1159484], [-54.8964957, -27.1146699]]}}, {"type": "Feature", "properties": {"capa": "calles", "nombre": null, "osm_id": "1428771677"}, "geometry": {"type": "LineString", "coordinates": [[-54.8964957, -27.1146699], [-54.8959368, -27.1154101], [-54.8953008, -27.1162525]]}}, {"type": "Feature", "properties": {"capa": "calles", "nombre": null, "osm_id": "1428771678"}, "geometry": {"type": "LineString", "coordinates": [[-54.8953008, -27.1162525], [-54.8973652, -27.1174372]]}}, {"type": "Feature", "properties": {"capa": "calles", "nombre": null, "osm_id": "1428771679"}, "geometry": {"type": "LineString", "coordinates": [[-54.8959368, -27.1154101], [-54.8979528, -27.1166735]]}}, {"type": "Feature", "properties": {"capa": "agua", "nombre": null, "osm_id": "1428771680"}, "geometry": {"type": "Polygon", "coordinates": [[[-54.8977243, -27.1177263], [-54.8979671, -27.1180389], [-54.8979821, -27.1182285], [-54.8978102, -27.1180589], [-54.8976458, -27.1179558], [-54.8975226, -27.1179259], [-54.8974927, -27.1178494], [-54.8975263, -27.1177662], [-54.8976122, -27.1177396], [-54.8977243, -27.1177263]]]}}, {"type": "Feature", "properties": {"capa": "calles", "nombre": null, "osm_id": "1428771682"}, "geometry": {"type": "LineString", "coordinates": [[-54.9040803, -27.118924], [-54.9026811, -27.1191861]]}}, {"type": "Feature", "properties": {"capa": "calles", "nombre": null, "osm_id": "1428771685"}, "geometry": {"type": "LineString", "coordinates": [[-54.8720866, -27.0862463], [-54.8728727, -27.0864125]]}}, {"type": "Feature", "properties": {"capa": "calles", "nombre": "Avellaneda", "osm_id": "1492466778"}, "geometry": {"type": "LineString", "coordinates": [[-54.8944492, -27.0989953], [-54.8955029, -27.1000249]]}}, {"type": "Feature", "properties": {"capa": "hito", "nombre": "Edificio Hanami Zen", "tipo": "apartment"}, "geometry": {"type": "Point", "coordinates": [-54.8969262, -27.0974401]}}, {"type": "Feature", "properties": {"capa": "hito", "nombre": "Centro", "tipo": "pharmacy"}, "geometry": {"type": "Point", "coordinates": [-54.8916556, -27.1004902]}}, {"type": "Feature", "properties": {"capa": "hito", "nombre": "Rogelio Ramirez", "tipo": "neighbourhood"}, "geometry": {"type": "Point", "coordinates": [-54.8778551, -27.0905271]}}, {"type": "Feature", "properties": {"capa": "hito", "nombre": "Núcleo Educativo de Nivel Inicial 71 Extensión 680", "tipo": "kindergarten"}, "geometry": {"type": "Point", "coordinates": [-54.8867502, -27.1073997]}}, {"type": "Feature", "properties": {"capa": "hito", "nombre": "Escuela 680", "tipo": "school"}, "geometry": {"type": "Point", "coordinates": [-54.886904, -27.1071605]}}, {"type": "Feature", "properties": {"capa": "hito", "nombre": "Centro de Educación Física 8", "tipo": "school"}, "geometry": {"type": "Point", "coordinates": [-54.8962217, -27.0962328]}}, {"type": "Feature", "properties": {"capa": "hito", "nombre": "Germania", "tipo": "neighbourhood"}, "geometry": {"type": "Point", "coordinates": [-54.9001088, -27.1147011]}}, {"type": "Feature", "properties": {"capa": "hito", "nombre": "Hospedaje Gicel", "tipo": "guest_house"}, "geometry": {"type": "Point", "coordinates": [-54.8941057, -27.0954583]}}, {"type": "Feature", "properties": {"capa": "hito", "nombre": "Instituto Diego Thomson", "tipo": "school"}, "geometry": {"type": "Point", "coordinates": [-54.8985237, -27.0936675]}}, {"type": "Feature", "properties": {"capa": "hito", "nombre": "Centro de Informes - Aristóbulo del Valle", "tipo": "information"}, "geometry": {"type": "Point", "coordinates": [-54.8861525, -27.1018966]}}, {"type": "Feature", "properties": {"capa": "hito", "nombre": "Cabañas del Valle", "tipo": "chalet"}, "geometry": {"type": "Point", "coordinates": [-54.8739275, -27.0985965]}}, {"type": "Feature", "properties": {"capa": "hito", "nombre": "Nueva Del Salto", "tipo": "pharmacy"}, "geometry": {"type": "Point", "coordinates": [-54.889486, -27.0936317]}}, {"type": "Feature", "properties": {"capa": "hito", "nombre": "Núcleo Educativo de Nivel Inicial 52 Extensión 172", "tipo": "kindergarten"}, "geometry": {"type": "Point", "coordinates": [-54.9044997, -27.0900334]}}, {"type": "Feature", "properties": {"capa": "hito", "nombre": "Radar de velocidad", "tipo": "bicycle_parking"}, "geometry": {"type": "Point", "coordinates": [-54.8713101, -27.0956432]}}, {"type": "Feature", "properties": {"capa": "hito", "nombre": "Salón Parroquial", "tipo": "community_centre"}, "geometry": {"type": "Point", "coordinates": [-54.8956455, -27.0989948]}}, {"type": "Feature", "properties": {"capa": "hito", "nombre": "Municipal", "tipo": "neighbourhood"}, "geometry": {"type": "Point", "coordinates": [-54.9012113, -27.0871998]}}, {"type": "Feature", "properties": {"capa": "hito", "nombre": "El Buen Samaritano", "tipo": "neighbourhood"}, "geometry": {"type": "Point", "coordinates": [-54.8934874, -27.110695]}}, {"type": "Feature", "properties": {"capa": "hito", "nombre": "Parroquia Santa Teresita", "tipo": "place_of_worship"}, "geometry": {"type": "Point", "coordinates": [-54.8951559, -27.0996424]}}, {"type": "Feature", "properties": {"capa": "hito", "nombre": "Instituto Aristóbulo Del Valle", "tipo": "school"}, "geometry": {"type": "Point", "coordinates": [-54.8883786, -27.1036776]}}, {"type": "Feature", "properties": {"capa": "hito", "nombre": "FM Cuñapirú", "tipo": "studio"}, "geometry": {"type": "Point", "coordinates": [-54.8933222, -27.0946804]}}, {"type": "Feature", "properties": {"capa": "hito", "nombre": "Del Parque", "tipo": "hotel"}, "geometry": {"type": "Point", "coordinates": [-54.8925633, -27.0995788]}}, {"type": "Feature", "properties": {"capa": "hito", "nombre": "IPS", "tipo": "pharmacy"}, "geometry": {"type": "Point", "coordinates": [-54.8955733, -27.0970872]}}, {"type": "Feature", "properties": {"capa": "hito", "nombre": "YPF", "tipo": "fuel"}, "geometry": {"type": "Point", "coordinates": [-54.902959, -27.1125706]}}, {"type": "Feature", "properties": {"capa": "hito", "nombre": "Iglesia Adventista del 7mo dia", "tipo": "place_of_worship"}, "geometry": {"type": "Point", "coordinates": [-54.8975895, -27.0988443]}}, {"type": "Feature", "properties": {"capa": "hito", "nombre": "Aristóbulo del Valle", "tipo": "town"}, "geometry": {"type": "Point", "coordinates": [-54.8935248, -27.099185]}}, {"type": "Feature", "properties": {"capa": "hito", "nombre": "División de Bomberos de Aristóbulo del Valle", "tipo": "fire_station"}, "geometry": {"type": "Point", "coordinates": [-54.8900515, -27.0940558]}}, {"type": "Feature", "properties": {"capa": "hito", "nombre": "Escuela 918 El Buen Samaritano", "tipo": "school"}, "geometry": {"type": "Point", "coordinates": [-54.894459, -27.1099247]}}, {"type": "Feature", "properties": {"capa": "hito", "nombre": "Norte", "tipo": "neighbourhood"}, "geometry": {"type": "Point", "coordinates": [-54.8991822, -27.0900032]}}, {"type": "Feature", "properties": {"capa": "hito", "nombre": "YPF", "tipo": "fuel"}, "geometry": {"type": "Point", "coordinates": [-54.8952474, -27.1060955]}}, {"type": "Feature", "properties": {"capa": "hito", "nombre": "Atlantis", "tipo": "restaurant"}, "geometry": {"type": "Point", "coordinates": [-54.8943123, -27.0956727]}}, {"type": "Feature", "properties": {"capa": "hito", "nombre": "División Comando Radioeléctrico Aristóbulo del Valle", "tipo": "police"}, "geometry": {"type": "Point", "coordinates": [-54.8912829, -27.1029008]}}, {"type": "Feature", "properties": {"capa": "hito", "nombre": "Iglesia de Dios de Aristóbulo del Valle", "tipo": "place_of_worship"}, "geometry": {"type": "Point", "coordinates": [-54.8948935, -27.1021112]}}, {"type": "Feature", "properties": {"capa": "hito", "nombre": "Escuela 172", "tipo": "school"}, "geometry": {"type": "Point", "coordinates": [-54.9039259, -27.0902546]}}, {"type": "Feature", "properties": {"capa": "hito", "nombre": "Mistral", "tipo": "pharmacy"}, "geometry": {"type": "Point", "coordinates": [-54.8945162, -27.0958843]}}, {"type": "Feature", "properties": {"capa": "hito", "nombre": "Iglesia Evangélica Asamblea de Dios", "tipo": "place_of_worship"}, "geometry": {"type": "Point", "coordinates": [-54.8886125, -27.1038497]}}, {"type": "Feature", "properties": {"capa": "hito", "nombre": "Unido", "tipo": "neighbourhood"}, "geometry": {"type": "Point", "coordinates": [-54.8901703, -27.1118224]}}, {"type": "Feature", "properties": {"capa": "hito", "nombre": "Basilio Prytuluk", "tipo": "neighbourhood"}, "geometry": {"type": "Point", "coordinates": [-54.8970341, -27.1066848]}}, {"type": "Feature", "properties": {"capa": "hito", "nombre": "Bomberos Voluntarios de Aristóbulo del Valle", "tipo": "fire_station"}, "geometry": {"type": "Point", "coordinates": [-54.8951713, -27.0955868]}}, {"type": "Feature", "properties": {"capa": "hito", "nombre": "Telecentro", "tipo": "telephone"}, "geometry": {"type": "Point", "coordinates": [-54.8942018, -27.095558]}}, {"type": "Feature", "properties": {"capa": "hito", "nombre": "YPF", "tipo": "fuel"}, "geometry": {"type": "Point", "coordinates": [-54.8933771, -27.0951779]}}, {"type": "Feature", "properties": {"capa": "hito", "nombre": "Oscar Edvino Jhansson", "tipo": "neighbourhood"}, "geometry": {"type": "Point", "coordinates": [-54.9019257, -27.1007435]}}, {"type": "Feature", "properties": {"capa": "hito", "nombre": "Hospital de Aristóbulo del Valle Doctor Justo José Pereyra", "tipo": "hospital"}, "geometry": {"type": "Point", "coordinates": [-54.888261, -27.10427]}}, {"type": "Feature", "properties": {"capa": "hito", "nombre": "Policlinico Privado", "tipo": "clinic"}, "geometry": {"type": "Point", "coordinates": [-54.8966689, -27.0977695]}}, {"type": "Feature", "properties": {"capa": "hito", "nombre": "Tumba Caburé", "tipo": "memorial"}, "geometry": {"type": "Point", "coordinates": [-54.8862469, -27.0945005]}}, {"type": "Feature", "properties": {"capa": "hito", "nombre": "FM del Valle 91.1 - LRH721", "tipo": "studio"}, "geometry": {"type": "Point", "coordinates": [-54.8864288, -27.1048777]}}, {"type": "Feature", "properties": {"capa": "hito", "nombre": "Fuente", "tipo": "fountain"}, "geometry": {"type": "Point", "coordinates": [-54.8959821, -27.0975678]}}, {"type": "Feature", "properties": {"capa": "hito", "nombre": "Vacunatorio COVID-19 Hospital Publico Aristóbulo del Valle", "tipo": "doctors"}, "geometry": {"type": "Point", "coordinates": [-54.8880784, -27.1042606]}}, {"type": "Feature", "properties": {"capa": "hito", "nombre": "Mistral Hospital", "tipo": "pharmacy"}, "geometry": {"type": "Point", "coordinates": [-54.8889409, -27.1040782]}}, {"type": "Feature", "properties": {"capa": "hito", "nombre": "Centro De Educación Física Especial 4", "tipo": "school"}, "geometry": {"type": "Point", "coordinates": [-54.8957141, -27.0917949]}}, {"type": "Feature", "properties": {"capa": "hito", "nombre": "Pizzerìa Morena", "tipo": "restaurant"}, "geometry": {"type": "Point", "coordinates": [-54.8916731, -27.0935499]}}, {"type": "Feature", "properties": {"capa": "hito", "nombre": "Loteo Lizoski", "tipo": "neighbourhood"}, "geometry": {"type": "Point", "coordinates": [-54.8881312, -27.108949]}}, {"type": "Feature", "properties": {"capa": "hito", "nombre": "Municipalidad de Aristóbulo del Valle", "tipo": "townhall"}, "geometry": {"type": "Point", "coordinates": [-54.8956116, -27.0970025]}}, {"type": "Feature", "properties": {"capa": "hito", "nombre": "El Amigo", "tipo": "hotel"}, "geometry": {"type": "Point", "coordinates": [-54.8952865, -27.0984207]}}, {"type": "Feature", "properties": {"capa": "hito", "nombre": "Centro Integrador Comunitario Aristóbulo del Valle", "tipo": "community_centre"}, "geometry": {"type": "Point", "coordinates": [-54.8881843, -27.0965395]}}, {"type": "Feature", "properties": {"capa": "hito", "nombre": "Canal 4 - Vallevision", "tipo": "studio"}, "geometry": {"type": "Point", "coordinates": [-54.8865155, -27.1047789]}}, {"type": "Feature", "properties": {"capa": "hito", "nombre": "Comisaría Seccional Primera de Aristóbulo del Valle", "tipo": "police"}, "geometry": {"type": "Point", "coordinates": [-54.8901441, -27.0937702]}}, {"type": "Feature", "properties": {"capa": "hito", "nombre": "Núcleo Educativo de Nivel Inicial 52 Sede 299", "tipo": "kindergarten"}, "geometry": {"type": "Point", "coordinates": [-54.9055971, -27.1087049]}}, {"type": "Feature", "properties": {"capa": "hito", "nombre": "Del Pueblo", "tipo": "pharmacy"}, "geometry": {"type": "Point", "coordinates": [-54.8960973, -27.0982515]}}, {"type": "Feature", "properties": {"capa": "hito", "nombre": "La Chulita", "tipo": "pub"}, "geometry": {"type": "Point", "coordinates": [-54.89637, -27.0933622]}}, {"type": "Feature", "properties": {"capa": "hito", "nombre": "Instituto Superior de Formación Docente Cecilia Braslavsky", "tipo": "school"}, "geometry": {"type": "Point", "coordinates": [-54.8715855, -27.0944383]}}, {"type": "Feature", "properties": {"capa": "hito", "nombre": "Casa de la Historia y la Cultura del Bicentenario", "tipo": "museum"}, "geometry": {"type": "Point", "coordinates": [-54.8959729, -27.0971913]}}, {"type": "Feature", "properties": {"capa": "hito", "nombre": "Biblioteca Pública", "tipo": "public_bookcase"}, "geometry": {"type": "Point", "coordinates": [-54.8959888, -27.0973246]}}, {"type": "Feature", "properties": {"capa": "hito", "nombre": "Barrio Teforito", "tipo": "neighbourhood"}, "geometry": {"type": "Point", "coordinates": [-54.8859818, -27.0884144]}}, {"type": "Feature", "properties": {"capa": "hito", "nombre": "Juzgado de Paz", "tipo": "courthouse"}, "geometry": {"type": "Point", "coordinates": [-54.895412, -27.095395]}}, {"type": "Feature", "properties": {"capa": "hito", "nombre": "Cheka Restaurante", "tipo": "restaurant"}, "geometry": {"type": "Point", "coordinates": [-54.8938587, -27.0967138]}}, {"type": "Feature", "properties": {"capa": "hito", "nombre": "Eco Punto", "tipo": "recycling"}, "geometry": {"type": "Point", "coordinates": [-54.8947799, -27.0973329]}}, {"type": "Feature", "properties": {"capa": "hito", "nombre": "Escuela 299", "tipo": "school"}, "geometry": {"type": "Point", "coordinates": [-54.9059617, -27.1085136]}}, {"type": "Feature", "properties": {"capa": "hito", "nombre": "Casinos del Moconá", "tipo": "casino"}, "geometry": {"type": "Point", "coordinates": [-54.8934531, -27.09876]}}, {"type": "Feature", "properties": {"capa": "hito", "nombre": "Rolín", "tipo": "pharmacy"}, "geometry": {"type": "Point", "coordinates": [-54.8943745, -27.0974896]}}, {"type": "Feature", "properties": {"capa": "hito", "nombre": "Presidente Illia", "tipo": "neighbourhood"}, "geometry": {"type": "Point", "coordinates": [-54.8928788, -27.1020458]}}, {"type": "Feature", "properties": {"capa": "hito", "nombre": "Correo Argentino", "tipo": "post_office"}, "geometry": {"type": "Point", "coordinates": [-54.8948336, -27.0962766]}}, {"type": "Feature", "properties": {"capa": "hito", "nombre": "Cómo en Casa", "tipo": "restaurant"}, "geometry": {"type": "Point", "coordinates": [-54.8942612, -27.0979814]}}, {"type": "Feature", "properties": {"capa": "hito", "nombre": "Núcleo Educativo de Nivel Inicial 112 Sede Jardín Maternal", "tipo": "kindergarten"}, "geometry": {"type": "Point", "coordinates": [-54.8860608, -27.0992614]}}, {"type": "Feature", "properties": {"capa": "hito", "nombre": "Control Sanitario", "tipo": "police"}, "geometry": {"type": "Point", "coordinates": [-54.8925797, -27.1043721]}}, {"type": "Feature", "properties": {"capa": "hito", "nombre": "Don Alejandro", "tipo": "neighbourhood"}, "geometry": {"type": "Point", "coordinates": [-54.9072333, -27.1114469]}}, {"type": "Feature", "properties": {"capa": "hito", "nombre": "Núcleo Educativo de Nivel Inicial 52 Extensión 918", "tipo": "kindergarten"}, "geometry": {"type": "Point", "coordinates": [-54.8947923, -27.1094953]}}, {"type": "Feature", "properties": {"capa": "hito", "nombre": "Cabaña La Reina", "tipo": "hotel"}, "geometry": {"type": "Point", "coordinates": [-54.8922018, -27.0974131]}}, {"type": "Feature", "properties": {"capa": "hito", "nombre": "Ramírez", "tipo": "neighbourhood"}, "geometry": {"type": "Point", "coordinates": [-54.883692, -27.0975819]}}, {"type": "Feature", "properties": {"capa": "hito", "nombre": "Dublin", "tipo": "bar"}, "geometry": {"type": "Point", "coordinates": [-54.894387, -27.0973357]}}, {"type": "Feature", "properties": {"capa": "hito", "nombre": "Núcleo Educativo de Nivel Inicial 71", "tipo": "kindergarten"}, "geometry": {"type": "Point", "coordinates": [-54.8948856, -27.0902833]}}, {"type": "Feature", "properties": {"capa": "hito", "nombre": "Los Pinos", "tipo": "neighbourhood"}, "geometry": {"type": "Point", "coordinates": [-54.9007447, -27.1031373]}}, {"type": "Feature", "properties": {"capa": "hito", "nombre": "Bancario", "tipo": "neighbourhood"}, "geometry": {"type": "Point", "coordinates": [-54.9019984, -27.0958911]}}, {"type": "Feature", "properties": {"capa": "hito", "nombre": "Iglesia Evangelica", "tipo": "place_of_worship"}, "geometry": {"type": "Point", "coordinates": [-54.8870543, -27.093128]}}, {"type": "Feature", "properties": {"capa": "hito", "nombre": "Aguará Resto Bar", "tipo": "restaurant"}, "geometry": {"type": "Point", "coordinates": [-54.894347, -27.0976942]}}, {"type": "Feature", "properties": {"capa": "hito", "nombre": "Yerbatera", "tipo": "neighbourhood"}, "geometry": {"type": "Point", "coordinates": [-54.8882144, -27.0994095]}}, {"type": "Feature", "properties": {"capa": "hito", "nombre": "Unidad Regional XI - Policía de Aristóbulo del Valle", "tipo": "police"}, "geometry": {"type": "Point", "coordinates": [-54.8919103, -27.1030828]}}, {"type": "Feature", "properties": {"capa": "hito", "nombre": "Núcleo Educativo de Nivel Inicial 71 Extensión 770", "tipo": "kindergarten"}, "geometry": {"type": "Point", "coordinates": [-54.9022426, -27.0995866]}}, {"type": "Feature", "properties": {"capa": "hito", "nombre": "Macro", "tipo": "bank"}, "geometry": {"type": "Point", "coordinates": [-54.8895281, -27.0948066]}}, {"type": "Feature", "properties": {"capa": "hito", "nombre": "Hospital", "tipo": "neighbourhood"}, "geometry": {"type": "Point", "coordinates": [-54.885192, -27.1036961]}}, {"type": "Feature", "properties": {"capa": "hito", "nombre": "Institulo Aristobulo del Valle", "tipo": "school"}, "geometry": {"type": "Point", "coordinates": [-54.8874322, -27.0976006]}}, {"type": "Feature", "properties": {"capa": "hito", "nombre": "Cabañas Boutique Don Juan", "tipo": "chalet"}, "geometry": {"type": "Point", "coordinates": [-54.8770791, -27.1059841]}}, {"type": "Feature", "properties": {"capa": "hito", "nombre": "Centro de Educación Musical 1 Satélite 7 Escuela 172", "tipo": "school"}, "geometry": {"type": "Point", "coordinates": [-54.9039585, -27.0898194]}}, {"type": "Feature", "properties": {"capa": "hito", "nombre": "Instituto Diego Thomson", "tipo": "school"}, "geometry": {"type": "Point", "coordinates": [-54.8984511, -27.0942313]}}, {"type": "Feature", "properties": {"capa": "hito", "nombre": "Escuela de Comercio 13", "tipo": "school"}, "geometry": {"type": "Point", "coordinates": [-54.895424, -27.091036]}}, {"type": "Feature", "properties": {"capa": "hito", "nombre": "Escuela Especial 26", "tipo": "school"}, "geometry": {"type": "Point", "coordinates": [-54.8955752, -27.0904087]}}, {"type": "Feature", "properties": {"capa": "hito", "nombre": "Elena", "tipo": "clinic"}, "geometry": {"type": "Point", "coordinates": [-54.8976341, -27.0949843]}}, {"type": "Feature", "properties": {"capa": "hito", "nombre": "Escuela 406", "tipo": "school"}, "geometry": {"type": "Point", "coordinates": [-54.8853147, -27.0936718]}}, {"type": "Feature", "properties": {"capa": "hito", "nombre": "Monumento Aristóbulo del Valle", "tipo": "monument"}, "geometry": {"type": "Point", "coordinates": [-54.8867721, -27.0940491]}}, {"type": "Feature", "properties": {"capa": "hito", "nombre": "Avenida", "tipo": "pharmacy"}, "geometry": {"type": "Point", "coordinates": [-54.8953721, -27.0979592]}}, {"type": "Feature", "properties": {"capa": "hito", "nombre": "Escuela Normal Superior 6", "tipo": "school"}, "geometry": {"type": "Point", "coordinates": [-54.8955302, -27.0957725]}}, {"type": "Feature", "properties": {"capa": "hito", "nombre": "La Cocina de Ale", "tipo": "restaurant"}, "geometry": {"type": "Point", "coordinates": [-54.8865259, -27.1019612]}}, {"type": "Feature", "properties": {"capa": "hito", "nombre": "Centro Integral de Artes 1", "tipo": "school"}, "geometry": {"type": "Point", "coordinates": [-54.8923279, -27.0966073]}}, {"type": "Feature", "properties": {"capa": "hito", "nombre": "Del Valle", "tipo": "pharmacy"}, "geometry": {"type": "Point", "coordinates": [-54.8938175, -27.0997918]}}, {"type": "Feature", "properties": {"capa": "hito", "nombre": "Escuela 770", "tipo": "school"}, "geometry": {"type": "Point", "coordinates": [-54.9020453, -27.0997478]}}, {"type": "Feature", "properties": {"capa": "hito", "nombre": "Feria Franca Aristóbulo del Valle", "tipo": "marketplace"}, "geometry": {"type": "Point", "coordinates": [-54.8914814, -27.0944316]}}, {"type": "Feature", "properties": {"capa": "hito", "nombre": "Comisaría de la Mujer Aristóbulo del Valle - UR XI", "tipo": "police"}, "geometry": {"type": "Point", "coordinates": [-54.8913565, -27.1029274]}}, {"type": "Feature", "properties": {"capa": "hito", "nombre": "Salto San Bernardo", "tipo": "attraction"}, "geometry": {"type": "Point", "coordinates": [-54.9058636, -27.0998582]}}, {"type": "Feature", "properties": {"capa": "hito", "nombre": "Escuela de Robótica Aristóbulo del Valle", "tipo": "school"}, "geometry": {"type": "Point", "coordinates": [-54.8877152, -27.0966548]}}, {"type": "Feature", "properties": {"capa": "hito", "nombre": "Son 2", "tipo": "love_hotel"}, "geometry": {"type": "Point", "coordinates": [-54.8696026, -27.0954063]}}, {"type": "Feature", "properties": {"capa": "hito", "nombre": "Gendarmería Nacional", "tipo": "police"}, "geometry": {"type": "Point", "coordinates": [-54.8947575, -27.094756]}}]}